req_numer,time,result,energy_avaliable
1,0.00287407,COMPLETE,97.02
2,0.102354,COMPLETE,94.04
3,0.202354,COMPLETE,91.06
4,0.302354,COMPLETE,88.08
5,0.402354,COMPLETE,85.1
6,0.502354,COMPLETE,82.12
7,0.602354,COMPLETE,79.14
8,0.702354,COMPLETE,76.16
9,0.802354,COMPLETE,73.18
10,0.902354,COMPLETE,70.2
11,1.00235,COMPLETE,77.22
12,1.10235,COMPLETE,74.24
13,1.20235,COMPLETE,71.26
14,1.30235,COMPLETE,68.28
15,1.40235,COMPLETE,65.3
16,1.50235,COMPLETE,62.32
17,1.60235,COMPLETE,59.34
18,1.70235,COMPLETE,56.36
19,1.80235,COMPLETE,53.38
20,1.90235,COMPLETE,50.4
21,2.00235,COMPLETE,57.42
22,2.10235,COMPLETE,54.44
23,2.20235,COMPLETE,51.46
24,2.30235,COMPLETE,48.48
25,2.40235,COMPLETE,45.5
26,2.50235,COMPLETE,42.52
27,2.60235,COMPLETE,39.54
28,2.70235,COMPLETE,36.56
29,2.80235,THROTTLED,36.53
30,2.90235,THROTTLED,36.5
31,3.00235,COMPLETE,43.52
32,3.10235,COMPLETE,40.54
33,3.20235,COMPLETE,37.56
34,3.30235,COMPLETE,34.58
35,3.40235,COMPLETE,31.6
36,3.50235,COMPLETE,28.62
37,3.60235,COMPLETE,25.64
38,3.70235,COMPLETE,22.66
39,3.80235,COMPLETE,19.68
40,3.90235,COMPLETE,16.7
41,4.00235,COMPLETE,23.72
42,4.10235,COMPLETE,20.74
43,4.20235,COMPLETE,17.76
44,4.30235,COMPLETE,14.78
45,4.40235,COMPLETE,11.8
46,4.50235,THROTTLED,11.77
47,4.60235,THROTTLED,11.74
48,4.70235,THROTTLED,11.71
49,4.80235,THROTTLED,11.68
50,4.90235,THROTTLED,11.65
51,5.00235,COMPLETE,18.67
52,5.10235,COMPLETE,15.69
53,5.20235,COMPLETE,12.71
54,5.30235,COMPLETE,9.73
55,5.40235,COMPLETE,6.75
56,5.50235,COMPLETE,3.77
57,5.60235,THROTTLED,3.74
58,5.70235,THROTTLED,3.71
59,5.80235,THROTTLED,3.68
60,5.90235,THROTTLED,3.65
61,6.00235,COMPLETE,10.67
62,6.10235,COMPLETE,7.69
63,6.20235,COMPLETE,4.71
64,6.30235,COMPLETE,1.73
65,6.40235,THROTTLED,1.7
66,6.50235,THROTTLED,1.67
67,6.60235,THROTTLED,1.64
68,6.70235,THROTTLED,1.61
69,6.80235,THROTTLED,1.58
70,6.90235,THROTTLED,1.55
71,7.00235,COMPLETE,8.57
72,7.10235,COMPLETE,5.59
73,7.20235,COMPLETE,2.61
74,7.30235,THROTTLED,2.58
75,7.40235,THROTTLED,2.55
76,7.50235,THROTTLED,2.52
77,7.60235,THROTTLED,2.49
78,7.70235,THROTTLED,2.46
79,7.80235,THROTTLED,2.43
80,7.90235,THROTTLED,2.4
81,8.00235,COMPLETE,9.42
82,8.10235,COMPLETE,6.44
83,8.20235,COMPLETE,3.46
84,8.30235,THROTTLED,3.43
85,8.40235,THROTTLED,3.4
86,8.50235,THROTTLED,3.37
87,8.60235,THROTTLED,3.34
88,8.70235,THROTTLED,3.31
89,8.80235,THROTTLED,3.28
90,8.90235,THROTTLED,3.25
91,9.00235,COMPLETE,10.27
92,9.10235,COMPLETE,7.29
93,9.20235,COMPLETE,4.31
94,9.30235,COMPLETE,1.33
95,9.40235,THROTTLED,1.3
96,9.50235,THROTTLED,1.27
97,9.60235,THROTTLED,1.24
98,9.70235,THROTTLED,1.21
99,9.80235,THROTTLED,1.18
100,9.90235,THROTTLED,1.15
101,10.0024,COMPLETE,8.17
102,10.1024,COMPLETE,5.19
103,10.2024,COMPLETE,2.21
104,10.3024,THROTTLED,2.18
105,10.4024,THROTTLED,2.15
106,10.5024,THROTTLED,2.12
107,10.6024,THROTTLED,2.09
108,10.7024,THROTTLED,2.06
109,10.8024,THROTTLED,2.03
110,10.9024,THROTTLED,2
111,11.0024,COMPLETE,9.02
112,11.1024,COMPLETE,6.04
113,11.2024,COMPLETE,3.06
114,11.3024,THROTTLED,3.03
115,11.4024,THROTTLED,3
116,11.5024,THROTTLED,2.97
117,11.6024,THROTTLED,2.94
118,11.7024,THROTTLED,2.91
119,11.8024,THROTTLED,2.88
120,11.9024,THROTTLED,2.85
121,12.0024,COMPLETE,9.87
122,12.1024,COMPLETE,6.89
123,12.2024,COMPLETE,3.91
124,12.3024,THROTTLED,3.88
125,12.4024,THROTTLED,3.85
126,12.5024,THROTTLED,3.82
127,12.6024,THROTTLED,3.79
128,12.7024,THROTTLED,3.76
129,12.8024,THROTTLED,3.73
130,12.9024,THROTTLED,3.7
131,13.0024,COMPLETE,10.72
132,13.1024,COMPLETE,7.74
133,13.2024,COMPLETE,4.76
134,13.3024,COMPLETE,1.78
135,13.4024,THROTTLED,1.75
136,13.5024,THROTTLED,1.72
137,13.6024,THROTTLED,1.69
138,13.7024,THROTTLED,1.66
139,13.8024,THROTTLED,1.63
140,13.9024,THROTTLED,1.6
141,14.0024,COMPLETE,8.62
142,14.1024,COMPLETE,5.64
143,14.2024,COMPLETE,2.66
144,14.3024,THROTTLED,2.63
145,14.4024,THROTTLED,2.6
146,14.5024,THROTTLED,2.57
147,14.6024,THROTTLED,2.54
148,14.7024,THROTTLED,2.51
149,14.8024,THROTTLED,2.48
150,14.9024,THROTTLED,2.45
151,15.0024,COMPLETE,9.47
152,15.1024,COMPLETE,6.49
153,15.2024,COMPLETE,3.51
154,15.3024,THROTTLED,3.48
155,15.4024,THROTTLED,3.45
156,15.5024,THROTTLED,3.42
157,15.6024,THROTTLED,3.39
158,15.7024,THROTTLED,3.36
159,15.8024,THROTTLED,3.33
160,15.9024,THROTTLED,3.3
161,16.0024,COMPLETE,10.32
162,16.1024,COMPLETE,7.34
163,16.2024,COMPLETE,4.36
164,16.3024,COMPLETE,1.38
165,16.4024,THROTTLED,1.35
166,16.5024,THROTTLED,1.32
167,16.6024,THROTTLED,1.29
168,16.7024,THROTTLED,1.26
169,16.8024,THROTTLED,1.23
170,16.9024,THROTTLED,1.2
171,17.0024,COMPLETE,8.22
172,17.1024,COMPLETE,5.24
173,17.2024,COMPLETE,2.26
174,17.3024,THROTTLED,2.23
175,17.4024,THROTTLED,2.2
176,17.5024,THROTTLED,2.17
177,17.6024,THROTTLED,2.14
178,17.7024,THROTTLED,2.11
179,17.8024,THROTTLED,2.08
180,17.9024,THROTTLED,2.05
181,18.0024,COMPLETE,9.07
182,18.1024,COMPLETE,6.09
183,18.2024,COMPLETE,3.11
184,18.3024,THROTTLED,3.08
185,18.4024,THROTTLED,3.05
186,18.5024,THROTTLED,3.02
187,18.6024,THROTTLED,2.99
188,18.7024,THROTTLED,2.96
189,18.8024,THROTTLED,2.93
190,18.9024,THROTTLED,2.9
191,19.0024,COMPLETE,9.92
192,19.1024,COMPLETE,6.94
193,19.2024,COMPLETE,3.96
194,19.3024,THROTTLED,3.93
195,19.4024,THROTTLED,3.9
196,19.5024,THROTTLED,3.87
197,19.6024,THROTTLED,3.84
198,19.7024,THROTTLED,3.81
199,19.8024,THROTTLED,3.78
200,19.9024,THROTTLED,3.75
201,20.0024,COMPLETE,10.77
202,20.1024,COMPLETE,7.79
203,20.2024,COMPLETE,4.81
204,20.3024,COMPLETE,1.83
205,20.4024,THROTTLED,1.8
206,20.5024,THROTTLED,1.77
207,20.6024,THROTTLED,1.74
208,20.7024,THROTTLED,1.71
209,20.8024,THROTTLED,1.68
210,20.9024,THROTTLED,1.65
211,21.0024,COMPLETE,8.67
212,21.1024,COMPLETE,5.69
213,21.2024,COMPLETE,2.71
214,21.3024,THROTTLED,2.68
215,21.4024,THROTTLED,2.65
216,21.5024,THROTTLED,2.62
217,21.6024,THROTTLED,2.59
218,21.7024,THROTTLED,2.56
219,21.8024,THROTTLED,2.53
220,21.9024,THROTTLED,2.5
221,22.0024,COMPLETE,9.52
222,22.1024,COMPLETE,6.54
223,22.2024,COMPLETE,3.56
224,22.3024,THROTTLED,3.53
225,22.4024,THROTTLED,3.5
226,22.5024,THROTTLED,3.47
227,22.6024,THROTTLED,3.44
228,22.7024,THROTTLED,3.41
229,22.8024,THROTTLED,3.38
230,22.9024,THROTTLED,3.35
231,23.0024,COMPLETE,10.37
232,23.1024,COMPLETE,7.39
233,23.2024,COMPLETE,4.41
234,23.3024,COMPLETE,1.43
235,23.4024,THROTTLED,1.4
236,23.5024,THROTTLED,1.37
237,23.6024,THROTTLED,1.34
238,23.7024,THROTTLED,1.31
239,23.8024,THROTTLED,1.28
240,23.9024,THROTTLED,1.25
241,24.0024,COMPLETE,8.27
242,24.1024,COMPLETE,5.29
243,24.2024,COMPLETE,2.31
244,24.3024,THROTTLED,2.28
245,24.4024,THROTTLED,2.25
246,24.5024,THROTTLED,2.22
247,24.6024,THROTTLED,2.19
248,24.7024,THROTTLED,2.16
249,24.8024,THROTTLED,2.13
250,24.9024,THROTTLED,2.1
251,25.0024,COMPLETE,9.12
252,25.1024,COMPLETE,6.14
253,25.2024,COMPLETE,3.16
254,25.3024,THROTTLED,3.13
255,25.4024,THROTTLED,3.1
256,25.5024,THROTTLED,3.07
257,25.6024,THROTTLED,3.04
258,25.7024,THROTTLED,3.01
259,25.8024,THROTTLED,2.98
260,25.9024,THROTTLED,2.95
261,26.0024,COMPLETE,9.97
262,26.1024,COMPLETE,6.99
263,26.2024,COMPLETE,4.01
264,26.3024,THROTTLED,3.98
265,26.4024,THROTTLED,3.95
266,26.5024,THROTTLED,3.92
267,26.6024,THROTTLED,3.89
268,26.7024,THROTTLED,3.86
269,26.8024,THROTTLED,3.83
270,26.9024,THROTTLED,3.8
271,27.0024,COMPLETE,10.82
272,27.1024,COMPLETE,7.84
273,27.2024,COMPLETE,4.86
274,27.3024,COMPLETE,1.88
275,27.4024,THROTTLED,1.85
276,27.5024,THROTTLED,1.82
277,27.6024,THROTTLED,1.79
278,27.7024,THROTTLED,1.76
279,27.8024,THROTTLED,1.73
280,27.9024,THROTTLED,1.7
281,28.0024,COMPLETE,8.72
282,28.1024,COMPLETE,5.74
283,28.2024,COMPLETE,2.76
284,28.3024,THROTTLED,2.73
285,28.4024,THROTTLED,2.7
286,28.5024,THROTTLED,2.67
287,28.6024,THROTTLED,2.64
288,28.7024,THROTTLED,2.61
289,28.8024,THROTTLED,2.58
290,28.9024,THROTTLED,2.55
291,29.0024,COMPLETE,9.57
292,29.1024,COMPLETE,6.59
293,29.2024,COMPLETE,3.61
294,29.3024,THROTTLED,3.58
295,29.4024,THROTTLED,3.55
296,29.5024,THROTTLED,3.52
297,29.6024,THROTTLED,3.49
298,29.7024,THROTTLED,3.46
299,29.8024,THROTTLED,3.43
300,29.9024,THROTTLED,3.4
301,30.0024,COMPLETE,10.42
302,30.1024,COMPLETE,7.44
303,30.2024,COMPLETE,4.46
304,30.3024,COMPLETE,1.48
305,30.4024,THROTTLED,1.45
306,30.5024,THROTTLED,1.42
307,30.6024,THROTTLED,1.39
308,30.7024,THROTTLED,1.36
309,30.8024,THROTTLED,1.33
310,30.9024,THROTTLED,1.3
311,31.0024,COMPLETE,8.32
312,31.1024,COMPLETE,5.34
313,31.2024,COMPLETE,2.36
314,31.3024,THROTTLED,2.33
315,31.4024,THROTTLED,2.3
316,31.5024,THROTTLED,2.27
317,31.6024,THROTTLED,2.24
318,31.7024,THROTTLED,2.21
319,31.8024,THROTTLED,2.18
320,31.9024,THROTTLED,2.15
321,32.0024,COMPLETE,9.17
322,32.1024,COMPLETE,6.19
323,32.2024,COMPLETE,3.21
324,32.3024,THROTTLED,3.18
325,32.4024,THROTTLED,3.15
326,32.5024,THROTTLED,3.12
327,32.6024,THROTTLED,3.09
328,32.7024,THROTTLED,3.06
329,32.8024,THROTTLED,3.03
330,32.9024,THROTTLED,3
331,33.0024,COMPLETE,10.02
332,33.1024,COMPLETE,7.04
333,33.2024,COMPLETE,4.06
334,33.3024,COMPLETE,1.08
335,33.4024,THROTTLED,1.05
336,33.5024,THROTTLED,1.02
337,33.6024,THROTTLED,0.99
338,33.7024,THROTTLED,0.96
339,33.8024,THROTTLED,0.93
340,33.9024,THROTTLED,0.9
341,34.0024,COMPLETE,7.92
342,34.1024,COMPLETE,4.94
343,34.2024,COMPLETE,1.96
344,34.3024,THROTTLED,1.93
345,34.4024,THROTTLED,1.9
346,34.5024,THROTTLED,1.87
347,34.6024,THROTTLED,1.84
348,34.7024,THROTTLED,1.81
349,34.8024,THROTTLED,1.78
350,34.9024,THROTTLED,1.75
351,35.0024,COMPLETE,8.77
352,35.1024,COMPLETE,5.79
353,35.2024,COMPLETE,2.81
354,35.3024,THROTTLED,2.78
355,35.4024,THROTTLED,2.75
356,35.5024,THROTTLED,2.72
357,35.6024,THROTTLED,2.69
358,35.7024,THROTTLED,2.66
359,35.8024,THROTTLED,2.63
360,35.9024,THROTTLED,2.6
361,36.0024,COMPLETE,9.62
362,36.1024,COMPLETE,6.64
363,36.2024,COMPLETE,3.66
364,36.3024,THROTTLED,3.63
365,36.4024,THROTTLED,3.6
366,36.5024,THROTTLED,3.57
367,36.6024,THROTTLED,3.54
368,36.7024,THROTTLED,3.51
369,36.8024,THROTTLED,3.48
370,36.9024,THROTTLED,3.45
371,37.0024,COMPLETE,10.47
372,37.1024,COMPLETE,7.49
373,37.2024,COMPLETE,4.51
374,37.3024,COMPLETE,1.53
375,37.4024,THROTTLED,1.5
376,37.5024,THROTTLED,1.47
377,37.6024,THROTTLED,1.44
378,37.7024,THROTTLED,1.41
379,37.8024,THROTTLED,1.38
380,37.9024,THROTTLED,1.35
381,38.0024,COMPLETE,8.37
382,38.1024,COMPLETE,5.39
383,38.2024,COMPLETE,2.41
384,38.3024,THROTTLED,2.38
385,38.4024,THROTTLED,2.35
386,38.5024,THROTTLED,2.32
387,38.6024,THROTTLED,2.29
388,38.7024,THROTTLED,2.26
389,38.8024,THROTTLED,2.23
390,38.9024,THROTTLED,2.2
391,39.0024,COMPLETE,9.22
392,39.1024,COMPLETE,6.24
393,39.2024,COMPLETE,3.26
394,39.3024,THROTTLED,3.23
395,39.4024,THROTTLED,3.2
396,39.5024,THROTTLED,3.17
397,39.6024,THROTTLED,3.14
398,39.7024,THROTTLED,3.11
399,39.8024,THROTTLED,3.08
400,39.9024,THROTTLED,3.05
401,40.0024,COMPLETE,10.07
402,40.1024,COMPLETE,7.09
403,40.2024,COMPLETE,4.11
404,40.3024,COMPLETE,1.13
405,40.4024,THROTTLED,1.1
406,40.5024,THROTTLED,1.07
407,40.6024,THROTTLED,1.04
408,40.7024,THROTTLED,1.01
409,40.8024,THROTTLED,0.98
410,40.9024,THROTTLED,0.95
411,41.0024,COMPLETE,7.97
412,41.1024,COMPLETE,4.99
413,41.2024,COMPLETE,2.01
414,41.3024,THROTTLED,1.98
415,41.4024,THROTTLED,1.95
416,41.5024,THROTTLED,1.92
417,41.6024,THROTTLED,1.89
418,41.7024,THROTTLED,1.86
419,41.8024,THROTTLED,1.83
420,41.9024,THROTTLED,1.8
421,42.0024,COMPLETE,8.82
422,42.1024,COMPLETE,5.84
423,42.2024,COMPLETE,2.86
424,42.3024,THROTTLED,2.83
425,42.4024,THROTTLED,2.8
426,42.5024,THROTTLED,2.77
427,42.6024,THROTTLED,2.74
428,42.7024,THROTTLED,2.71
429,42.8024,THROTTLED,2.68
430,42.9024,THROTTLED,2.65
431,43.0024,COMPLETE,9.67
432,43.1024,COMPLETE,6.69
433,43.2024,COMPLETE,3.71
434,43.3024,THROTTLED,3.68
435,43.4024,THROTTLED,3.65
436,43.5024,THROTTLED,3.62
437,43.6024,THROTTLED,3.59
438,43.7024,THROTTLED,3.56
439,43.8024,THROTTLED,3.53
440,43.9024,THROTTLED,3.5
441,44.0024,COMPLETE,10.52
442,44.1024,COMPLETE,7.54
443,44.2024,COMPLETE,4.56
444,44.3024,COMPLETE,1.58
445,44.4024,THROTTLED,1.55
446,44.5024,THROTTLED,1.52
447,44.6024,THROTTLED,1.49
448,44.7024,THROTTLED,1.46
449,44.8024,THROTTLED,1.43
450,44.9024,THROTTLED,1.4
451,45.0024,COMPLETE,8.42
452,45.1024,COMPLETE,5.44
453,45.2024,COMPLETE,2.46
454,45.3024,THROTTLED,2.43
455,45.4024,THROTTLED,2.4
456,45.5024,THROTTLED,2.37
457,45.6024,THROTTLED,2.34
458,45.7024,THROTTLED,2.31
459,45.8024,THROTTLED,2.28
460,45.9024,THROTTLED,2.25
461,46.0024,COMPLETE,9.27
462,46.1024,COMPLETE,6.29
463,46.2024,COMPLETE,3.31
464,46.3024,THROTTLED,3.28
465,46.4024,THROTTLED,3.25
466,46.5024,THROTTLED,3.22
467,46.6024,THROTTLED,3.19
468,46.7024,THROTTLED,3.16
469,46.8024,THROTTLED,3.13
470,46.9024,THROTTLED,3.1
471,47.0024,COMPLETE,10.12
472,47.1024,COMPLETE,7.14
473,47.2024,COMPLETE,4.16
474,47.3024,COMPLETE,1.18
475,47.4024,THROTTLED,1.15
476,47.5024,THROTTLED,1.12
477,47.6024,THROTTLED,1.09
478,47.7024,THROTTLED,1.06
479,47.8024,THROTTLED,1.03
480,47.9024,THROTTLED,1
481,48.0024,COMPLETE,8.02
482,48.1024,COMPLETE,5.04
483,48.2024,COMPLETE,2.06
484,48.3024,THROTTLED,2.03
485,48.4024,THROTTLED,2
486,48.5024,THROTTLED,1.97
487,48.6024,THROTTLED,1.94
488,48.7024,THROTTLED,1.91
489,48.8024,THROTTLED,1.88
490,48.9024,THROTTLED,1.85
491,49.0024,COMPLETE,8.87
492,49.1024,COMPLETE,5.89
493,49.2024,COMPLETE,2.91
494,49.3024,THROTTLED,2.88
495,49.4024,THROTTLED,2.85
496,49.5024,THROTTLED,2.82
497,49.6024,THROTTLED,2.79
498,49.7024,THROTTLED,2.76
499,49.8024,THROTTLED,2.73
500,49.9024,THROTTLED,2.7
501,50.0024,COMPLETE,9.72
502,50.1024,COMPLETE,6.74
503,50.2024,COMPLETE,3.76
504,50.3024,THROTTLED,3.73
505,50.4024,THROTTLED,3.7
506,50.5024,THROTTLED,3.67
507,50.6024,THROTTLED,3.64
508,50.7024,THROTTLED,3.61
509,50.8024,THROTTLED,3.58
510,50.9024,THROTTLED,3.55
511,51.0024,COMPLETE,10.57
512,51.1024,COMPLETE,7.59
513,51.2024,COMPLETE,4.61
514,51.3024,COMPLETE,1.63
515,51.4024,THROTTLED,1.6
516,51.5024,THROTTLED,1.57
517,51.6024,THROTTLED,1.54
518,51.7024,THROTTLED,1.51
519,51.8024,THROTTLED,1.48
520,51.9024,THROTTLED,1.45
521,52.0024,COMPLETE,8.47
522,52.1024,COMPLETE,5.49
523,52.2024,COMPLETE,2.51
524,52.3024,THROTTLED,2.48
525,52.4024,THROTTLED,2.45
526,52.5024,THROTTLED,2.42
527,52.6024,THROTTLED,2.39
528,52.7024,THROTTLED,2.36
529,52.8024,THROTTLED,2.33
530,52.9024,THROTTLED,2.3
531,53.0024,COMPLETE,9.32
532,53.1024,COMPLETE,6.34
533,53.2024,COMPLETE,3.36
534,53.3024,THROTTLED,3.33
535,53.4024,THROTTLED,3.3
536,53.5024,THROTTLED,3.27
537,53.6024,THROTTLED,3.24
538,53.7024,THROTTLED,3.21
539,53.8024,THROTTLED,3.18
540,53.9024,THROTTLED,3.15
541,54.0024,COMPLETE,10.17
542,54.1024,COMPLETE,7.19
543,54.2024,COMPLETE,4.21
544,54.3024,COMPLETE,1.23
545,54.4024,THROTTLED,1.2
546,54.5024,THROTTLED,1.17
547,54.6024,THROTTLED,1.14
548,54.7024,THROTTLED,1.11
549,54.8024,THROTTLED,1.08
550,54.9024,THROTTLED,1.05
551,55.0024,COMPLETE,8.07
552,55.1024,COMPLETE,5.09
553,55.2024,COMPLETE,2.11
554,55.3024,THROTTLED,2.08
555,55.4024,THROTTLED,2.05
556,55.5024,THROTTLED,2.02
557,55.6024,THROTTLED,1.99
558,55.7024,THROTTLED,1.96
559,55.8024,THROTTLED,1.93
560,55.9024,THROTTLED,1.9
561,56.0024,COMPLETE,8.92
562,56.1024,COMPLETE,5.94
563,56.2024,COMPLETE,2.96
564,56.3024,THROTTLED,2.93
565,56.4024,THROTTLED,2.9
566,56.5024,THROTTLED,2.87
567,56.6024,THROTTLED,2.84
568,56.7024,THROTTLED,2.81
569,56.8024,THROTTLED,2.78
570,56.9024,THROTTLED,2.75
571,57.0024,COMPLETE,9.77
572,57.1024,COMPLETE,6.79
573,57.2024,COMPLETE,3.81
574,57.3024,THROTTLED,3.78
575,57.4024,THROTTLED,3.75
576,57.5024,THROTTLED,3.72
577,57.6024,THROTTLED,3.69
578,57.7024,THROTTLED,3.66
579,57.8024,THROTTLED,3.63
580,57.9024,THROTTLED,3.6
581,58.0024,COMPLETE,10.62
582,58.1024,COMPLETE,7.64
583,58.2024,COMPLETE,4.66
584,58.3024,COMPLETE,1.68
585,58.4024,THROTTLED,1.65
586,58.5024,THROTTLED,1.62
587,58.6024,THROTTLED,1.59
588,58.7024,THROTTLED,1.56
589,58.8024,THROTTLED,1.53
590,58.9024,THROTTLED,1.5
591,59.0024,COMPLETE,8.52
592,59.1024,COMPLETE,5.54
593,59.2024,COMPLETE,2.56
594,59.3024,THROTTLED,2.53
595,59.4024,THROTTLED,2.5
596,59.5024,THROTTLED,2.47
597,59.6024,THROTTLED,2.44
598,59.7024,THROTTLED,2.41
599,59.8024,THROTTLED,2.38
600,59.9024,THROTTLED,2.35
601,60.0024,COMPLETE,9.37
602,60.1024,COMPLETE,6.39
603,60.2024,COMPLETE,3.41
604,60.3024,THROTTLED,3.38
605,60.4024,THROTTLED,3.35
606,60.5024,THROTTLED,3.32
607,60.6024,THROTTLED,3.29
608,60.7024,THROTTLED,3.26
609,60.8024,THROTTLED,3.23
610,60.9024,THROTTLED,3.2
611,61.0024,COMPLETE,10.22
612,61.1024,COMPLETE,7.24
613,61.2024,COMPLETE,4.26
614,61.3024,COMPLETE,1.28
615,61.4024,THROTTLED,1.25
616,61.5024,THROTTLED,1.22
617,61.6024,THROTTLED,1.19
618,61.7024,THROTTLED,1.16
619,61.8024,THROTTLED,1.13
620,61.9024,THROTTLED,1.1
621,62.0024,COMPLETE,8.12
622,62.1024,COMPLETE,5.14
623,62.2024,COMPLETE,2.16
624,62.3024,THROTTLED,2.13
625,62.4024,THROTTLED,2.1
626,62.5024,THROTTLED,2.07
627,62.6024,THROTTLED,2.04
628,62.7024,THROTTLED,2.01
629,62.8024,THROTTLED,1.98
630,62.9024,THROTTLED,1.95
631,63.0024,COMPLETE,8.97
632,63.1024,COMPLETE,5.99
633,63.2024,COMPLETE,3.01
634,63.3024,THROTTLED,2.98
635,63.4024,THROTTLED,2.95
636,63.5024,THROTTLED,2.92
637,63.6024,THROTTLED,2.89
638,63.7024,THROTTLED,2.86
639,63.8024,THROTTLED,2.83
640,63.9024,THROTTLED,2.8
641,64.0024,COMPLETE,9.82
642,64.1024,COMPLETE,6.84
643,64.2024,COMPLETE,3.86
644,64.3024,THROTTLED,3.83
645,64.4024,THROTTLED,3.8
646,64.5024,THROTTLED,3.77
647,64.6024,THROTTLED,3.74
648,64.7024,THROTTLED,3.71
649,64.8024,THROTTLED,3.68
650,64.9024,THROTTLED,3.65
651,65.0024,COMPLETE,10.67
652,65.1024,COMPLETE,7.69
653,65.2024,COMPLETE,4.71
654,65.3024,COMPLETE,1.73
655,65.4024,THROTTLED,1.7
656,65.5024,THROTTLED,1.67
657,65.6024,THROTTLED,1.64
658,65.7024,THROTTLED,1.61
659,65.8024,THROTTLED,1.58
660,65.9024,THROTTLED,1.55
661,66.0024,COMPLETE,8.57
662,66.1024,COMPLETE,5.59
663,66.2024,COMPLETE,2.61
664,66.3024,THROTTLED,2.58
665,66.4024,THROTTLED,2.55
666,66.5024,THROTTLED,2.52
667,66.6024,THROTTLED,2.49
668,66.7024,THROTTLED,2.46
669,66.8024,THROTTLED,2.43
670,66.9024,THROTTLED,2.4
671,67.0024,COMPLETE,9.42
672,67.1024,COMPLETE,6.44
673,67.2024,COMPLETE,3.46
674,67.3024,THROTTLED,3.43
675,67.4024,THROTTLED,3.4
676,67.5024,THROTTLED,3.37
677,67.6024,THROTTLED,3.34
678,67.7024,THROTTLED,3.31
679,67.8024,THROTTLED,3.28
680,67.9024,THROTTLED,3.25
681,68.0024,COMPLETE,10.27
682,68.1024,COMPLETE,7.29
683,68.2024,COMPLETE,4.31
684,68.3024,COMPLETE,1.33
685,68.4024,THROTTLED,1.3
686,68.5024,THROTTLED,1.27
687,68.6024,THROTTLED,1.24
688,68.7024,THROTTLED,1.21
689,68.8024,THROTTLED,1.18
690,68.9024,THROTTLED,1.15
691,69.0024,COMPLETE,8.17
692,69.1024,COMPLETE,5.19
693,69.2024,COMPLETE,2.21
694,69.3024,THROTTLED,2.18
695,69.4024,THROTTLED,2.15
696,69.5024,THROTTLED,2.12
697,69.6024,THROTTLED,2.09
698,69.7024,THROTTLED,2.06
699,69.8024,THROTTLED,2.03
700,69.9024,THROTTLED,2
701,70.0024,COMPLETE,9.02
702,70.1024,COMPLETE,6.04
703,70.2024,COMPLETE,3.06
704,70.3024,THROTTLED,3.03
705,70.4024,THROTTLED,3
706,70.5024,THROTTLED,2.97
707,70.6024,THROTTLED,2.94
708,70.7024,THROTTLED,2.91
709,70.8024,THROTTLED,2.88
710,70.9024,THROTTLED,2.85
711,71.0024,COMPLETE,9.87
712,71.1024,COMPLETE,6.89
713,71.2024,COMPLETE,3.91
714,71.3024,THROTTLED,3.88
715,71.4024,THROTTLED,3.85
716,71.5024,THROTTLED,3.82
717,71.6024,THROTTLED,3.79
718,71.7024,THROTTLED,3.76
719,71.8024,THROTTLED,3.73
720,71.9024,THROTTLED,3.7
721,72.0024,COMPLETE,10.72
722,72.1024,COMPLETE,7.74
723,72.2024,COMPLETE,4.76
724,72.3024,COMPLETE,1.78
725,72.4024,THROTTLED,1.75
726,72.5024,THROTTLED,1.72
727,72.6024,THROTTLED,1.69
728,72.7024,THROTTLED,1.66
729,72.8024,THROTTLED,1.63
730,72.9024,THROTTLED,1.6
731,73.0024,COMPLETE,8.62
732,73.1024,COMPLETE,5.64
733,73.2024,COMPLETE,2.66
734,73.3024,THROTTLED,2.63
735,73.4024,THROTTLED,2.6
736,73.5024,THROTTLED,2.57
737,73.6024,THROTTLED,2.54
738,73.7024,THROTTLED,2.51
739,73.8024,THROTTLED,2.48
740,73.9024,THROTTLED,2.45
741,74.0024,COMPLETE,9.47
742,74.1024,COMPLETE,6.49
743,74.2024,COMPLETE,3.51
744,74.3024,THROTTLED,3.48
745,74.4024,THROTTLED,3.45
746,74.5024,THROTTLED,3.42
747,74.6024,THROTTLED,3.39
748,74.7024,THROTTLED,3.36
749,74.8024,THROTTLED,3.33
750,74.9024,THROTTLED,3.3
751,75.0024,COMPLETE,10.32
752,75.1024,COMPLETE,7.34
753,75.2024,COMPLETE,4.36
754,75.3024,COMPLETE,1.38
755,75.4024,THROTTLED,1.35
756,75.5024,THROTTLED,1.32
757,75.6024,THROTTLED,1.29
758,75.7024,THROTTLED,1.26
759,75.8024,THROTTLED,1.23
760,75.9024,THROTTLED,1.2
761,76.0024,COMPLETE,8.22
762,76.1024,COMPLETE,5.24
763,76.2024,COMPLETE,2.26
764,76.3024,THROTTLED,2.23
765,76.4024,THROTTLED,2.2
766,76.5024,THROTTLED,2.17
767,76.6024,THROTTLED,2.14
768,76.7024,THROTTLED,2.11
769,76.8024,THROTTLED,2.08
770,76.9024,THROTTLED,2.05
771,77.0024,COMPLETE,9.07
772,77.1024,COMPLETE,6.09
773,77.2024,COMPLETE,3.11
774,77.3024,THROTTLED,3.08
775,77.4024,THROTTLED,3.05
776,77.5024,THROTTLED,3.02
777,77.6024,THROTTLED,2.99
778,77.7024,THROTTLED,2.96
779,77.8024,THROTTLED,2.93
780,77.9024,THROTTLED,2.9
781,78.0024,COMPLETE,9.92
782,78.1024,COMPLETE,6.94
783,78.2024,COMPLETE,3.96
784,78.3024,THROTTLED,3.93
785,78.4024,THROTTLED,3.9
786,78.5024,THROTTLED,3.87
787,78.6024,THROTTLED,3.84
788,78.7024,THROTTLED,3.81
789,78.8024,THROTTLED,3.78
790,78.9024,THROTTLED,3.75
791,79.0024,COMPLETE,10.77
792,79.1024,COMPLETE,7.79
793,79.2024,COMPLETE,4.81
794,79.3024,COMPLETE,1.83
795,79.4024,THROTTLED,1.8
796,79.5024,THROTTLED,1.77
797,79.6024,THROTTLED,1.74
798,79.7024,THROTTLED,1.71
799,79.8024,THROTTLED,1.68
800,79.9024,THROTTLED,1.65
801,80.0024,COMPLETE,8.67
802,80.1024,COMPLETE,5.69
803,80.2024,COMPLETE,2.71
804,80.3024,THROTTLED,2.68
805,80.4024,THROTTLED,2.65
806,80.5024,THROTTLED,2.62
807,80.6024,THROTTLED,2.59
808,80.7024,THROTTLED,2.56
809,80.8024,THROTTLED,2.53
810,80.9024,THROTTLED,2.5
811,81.0024,COMPLETE,9.52
812,81.1024,COMPLETE,6.54
813,81.2024,COMPLETE,3.56
814,81.3024,THROTTLED,3.53
815,81.4024,THROTTLED,3.5
816,81.5024,THROTTLED,3.47
817,81.6024,THROTTLED,3.44
818,81.7024,THROTTLED,3.41
819,81.8024,THROTTLED,3.38
820,81.9024,THROTTLED,3.35
821,82.0024,COMPLETE,10.37
822,82.1024,COMPLETE,7.39
823,82.2024,COMPLETE,4.41
824,82.3024,COMPLETE,1.43
825,82.4024,THROTTLED,1.4
826,82.5024,THROTTLED,1.37
827,82.6024,THROTTLED,1.34
828,82.7024,THROTTLED,1.31
829,82.8024,THROTTLED,1.28
830,82.9024,THROTTLED,1.25
831,83.0024,COMPLETE,8.27
832,83.1024,COMPLETE,5.29
833,83.2024,COMPLETE,2.31
834,83.3024,THROTTLED,2.28
835,83.4024,THROTTLED,2.25
836,83.5024,THROTTLED,2.22
837,83.6024,THROTTLED,2.19
838,83.7024,THROTTLED,2.16
839,83.8024,THROTTLED,2.13
840,83.9024,THROTTLED,2.1
841,84.0024,COMPLETE,9.12
842,84.1024,COMPLETE,6.14
843,84.2024,COMPLETE,3.16
844,84.3024,THROTTLED,3.13
845,84.4024,THROTTLED,3.1
846,84.5024,THROTTLED,3.07
847,84.6024,THROTTLED,3.04
848,84.7024,THROTTLED,3.01
849,84.8024,THROTTLED,2.98
850,84.9024,THROTTLED,2.95
851,85.0024,COMPLETE,9.97
852,85.1024,COMPLETE,6.99
853,85.2024,COMPLETE,4.01
854,85.3024,THROTTLED,3.98
855,85.4024,THROTTLED,3.95
856,85.5024,THROTTLED,3.92
857,85.6024,THROTTLED,3.89
858,85.7024,THROTTLED,3.86
859,85.8024,THROTTLED,3.83
860,85.9024,THROTTLED,3.8
861,86.0024,COMPLETE,10.82
862,86.1024,COMPLETE,7.84
863,86.2024,COMPLETE,4.86
864,86.3024,COMPLETE,1.88
865,86.4024,THROTTLED,1.85
866,86.5024,THROTTLED,1.82
867,86.6024,THROTTLED,1.79
868,86.7024,THROTTLED,1.76
869,86.8024,THROTTLED,1.73
870,86.9024,THROTTLED,1.7
871,87.0024,COMPLETE,8.72
872,87.1024,COMPLETE,5.74
873,87.2024,COMPLETE,2.76
874,87.3024,THROTTLED,2.73
875,87.4024,THROTTLED,2.7
876,87.5024,THROTTLED,2.67
877,87.6024,THROTTLED,2.64
878,87.7024,THROTTLED,2.61
879,87.8024,THROTTLED,2.58
880,87.9024,THROTTLED,2.55
881,88.0024,COMPLETE,9.57
882,88.1024,COMPLETE,6.59
883,88.2024,COMPLETE,3.61
884,88.3024,THROTTLED,3.58
885,88.4024,THROTTLED,3.55
886,88.5024,THROTTLED,3.52
887,88.6024,THROTTLED,3.49
888,88.7024,THROTTLED,3.46
889,88.8024,THROTTLED,3.43
890,88.9024,THROTTLED,3.4
891,89.0024,COMPLETE,10.42
892,89.1024,COMPLETE,7.44
893,89.2024,COMPLETE,4.46
894,89.3024,COMPLETE,1.48
895,89.4024,THROTTLED,1.45
896,89.5024,THROTTLED,1.42
897,89.6024,THROTTLED,1.39
898,89.7024,THROTTLED,1.36
899,89.8024,THROTTLED,1.33
900,89.9024,THROTTLED,1.3
901,90.0024,COMPLETE,8.32
902,90.1024,COMPLETE,5.34
903,90.2024,COMPLETE,2.36
904,90.3024,THROTTLED,2.33
905,90.4024,THROTTLED,2.3
906,90.5024,THROTTLED,2.27
907,90.6024,THROTTLED,2.24
908,90.7024,THROTTLED,2.21
909,90.8024,THROTTLED,2.18
910,90.9024,THROTTLED,2.15
911,91.0024,COMPLETE,9.17
912,91.1024,COMPLETE,6.19
913,91.2024,COMPLETE,3.21
914,91.3024,THROTTLED,3.18
915,91.4024,THROTTLED,3.15
916,91.5024,THROTTLED,3.12
917,91.6024,THROTTLED,3.09
918,91.7024,THROTTLED,3.06
919,91.8024,THROTTLED,3.03
920,91.9024,THROTTLED,3
921,92.0024,COMPLETE,10.02
922,92.1024,COMPLETE,7.04
923,92.2024,COMPLETE,4.06
924,92.3024,COMPLETE,1.08
925,92.4024,THROTTLED,1.05
926,92.5024,THROTTLED,1.02
927,92.6024,THROTTLED,0.99
928,92.7024,THROTTLED,0.96
929,92.8024,THROTTLED,0.93
930,92.9024,THROTTLED,0.9
931,93.0024,COMPLETE,7.92
932,93.1024,COMPLETE,4.94
933,93.2024,COMPLETE,1.96
934,93.3024,THROTTLED,1.93
935,93.4024,THROTTLED,1.9
936,93.5024,THROTTLED,1.87
937,93.6024,THROTTLED,1.84
938,93.7024,THROTTLED,1.81
939,93.8024,THROTTLED,1.78
940,93.9024,THROTTLED,1.75
941,94.0024,COMPLETE,8.77
942,94.1024,COMPLETE,5.79
943,94.2024,COMPLETE,2.81
944,94.3024,THROTTLED,2.78
945,94.4024,THROTTLED,2.75
946,94.5024,THROTTLED,2.72
947,94.6024,THROTTLED,2.69
948,94.7024,THROTTLED,2.66
949,94.8024,THROTTLED,2.63
950,94.9024,THROTTLED,2.6
951,95.0024,COMPLETE,9.62
952,95.1024,COMPLETE,6.64
953,95.2024,COMPLETE,3.66
954,95.3024,THROTTLED,3.63
955,95.4024,THROTTLED,3.6
956,95.5024,THROTTLED,3.57
957,95.6024,THROTTLED,3.54
958,95.7024,THROTTLED,3.51
959,95.8024,THROTTLED,3.48
960,95.9024,THROTTLED,3.45
961,96.0024,COMPLETE,10.47
962,96.1024,COMPLETE,7.49
963,96.2024,COMPLETE,4.51
964,96.3024,COMPLETE,1.53
965,96.4024,THROTTLED,1.5
966,96.5024,THROTTLED,1.47
967,96.6024,THROTTLED,1.44
968,96.7024,THROTTLED,1.41
969,96.8024,THROTTLED,1.38
970,96.9024,THROTTLED,1.35
971,97.0024,COMPLETE,8.37
972,97.1024,COMPLETE,5.39
973,97.2024,COMPLETE,2.41
974,97.3024,THROTTLED,2.38
975,97.4024,THROTTLED,2.35
976,97.5024,THROTTLED,2.32
977,97.6024,THROTTLED,2.29
978,97.7024,THROTTLED,2.26
979,97.8024,THROTTLED,2.23
980,97.9024,THROTTLED,2.2
981,98.0024,COMPLETE,9.22
982,98.1024,COMPLETE,6.24
983,98.2024,COMPLETE,3.26
984,98.3024,THROTTLED,3.23
985,98.4024,THROTTLED,3.2
986,98.5024,THROTTLED,3.17
987,98.6024,THROTTLED,3.14
988,98.7024,THROTTLED,3.11
989,98.8024,THROTTLED,3.08
990,98.9024,THROTTLED,3.05
991,99.0024,COMPLETE,10.07
992,99.1024,COMPLETE,7.09
993,99.2024,COMPLETE,4.11
994,99.3024,COMPLETE,1.13
995,99.4024,THROTTLED,1.1
996,99.5024,THROTTLED,1.07
997,99.6024,THROTTLED,1.04
998,99.7024,THROTTLED,1.01
999,99.8024,THROTTLED,0.98
1000,99.9024,THROTTLED,0.95
1001,100.002,COMPLETE,7.97
1002,100.102,COMPLETE,4.99
1003,100.202,COMPLETE,2.01
1004,100.302,THROTTLED,1.98
1005,100.402,THROTTLED,1.95
1006,100.502,THROTTLED,1.92
1007,100.602,THROTTLED,1.89
1008,100.702,THROTTLED,1.86
1009,100.802,THROTTLED,1.83
1010,100.902,THROTTLED,1.8
1011,101.002,COMPLETE,8.82
1012,101.102,COMPLETE,5.84
1013,101.202,COMPLETE,2.86
1014,101.302,THROTTLED,2.83
1015,101.402,THROTTLED,2.8
1016,101.502,THROTTLED,2.77
1017,101.602,THROTTLED,2.74
1018,101.702,THROTTLED,2.71
1019,101.802,THROTTLED,2.68
1020,101.902,THROTTLED,2.65
1021,102.002,COMPLETE,9.67
1022,102.102,COMPLETE,6.69
1023,102.202,COMPLETE,3.71
1024,102.302,THROTTLED,3.68
1025,102.402,THROTTLED,3.65
1026,102.502,THROTTLED,3.62
1027,102.602,THROTTLED,3.59
1028,102.702,THROTTLED,3.56
1029,102.802,THROTTLED,3.53
1030,102.902,THROTTLED,3.5
1031,103.002,COMPLETE,10.52
1032,103.102,COMPLETE,7.54
1033,103.202,COMPLETE,4.56
1034,103.302,COMPLETE,1.58
1035,103.402,THROTTLED,1.55
1036,103.502,THROTTLED,1.52
1037,103.602,THROTTLED,1.49
1038,103.702,THROTTLED,1.46
1039,103.802,THROTTLED,1.43
1040,103.902,THROTTLED,1.4
1041,104.002,COMPLETE,8.42
1042,104.102,COMPLETE,5.44
1043,104.202,COMPLETE,2.46
1044,104.302,THROTTLED,2.43
1045,104.402,THROTTLED,2.4
1046,104.502,THROTTLED,2.37
1047,104.602,THROTTLED,2.34
1048,104.702,THROTTLED,2.31
1049,104.802,THROTTLED,2.28
1050,104.902,THROTTLED,2.25
1051,105.002,COMPLETE,9.27
1052,105.102,COMPLETE,6.29
1053,105.202,COMPLETE,3.31
1054,105.302,THROTTLED,3.28
1055,105.402,THROTTLED,3.25
1056,105.502,THROTTLED,3.22
1057,105.602,THROTTLED,3.19
1058,105.702,THROTTLED,3.16
1059,105.802,THROTTLED,3.13
1060,105.902,THROTTLED,3.1
1061,106.002,COMPLETE,10.12
1062,106.102,COMPLETE,7.14
1063,106.202,COMPLETE,4.16
1064,106.302,COMPLETE,1.18
1065,106.402,THROTTLED,1.15
1066,106.502,THROTTLED,1.12
1067,106.602,THROTTLED,1.09
1068,106.702,THROTTLED,1.06
1069,106.802,THROTTLED,1.03
1070,106.902,THROTTLED,1
1071,107.002,COMPLETE,8.02
1072,107.102,COMPLETE,5.04
1073,107.202,COMPLETE,2.06
1074,107.302,THROTTLED,2.03
1075,107.402,THROTTLED,2
1076,107.502,THROTTLED,1.97
1077,107.602,THROTTLED,1.94
1078,107.702,THROTTLED,1.91
1079,107.802,THROTTLED,1.88
1080,107.902,THROTTLED,1.85
1081,108.002,COMPLETE,8.87
1082,108.102,COMPLETE,5.89
1083,108.202,COMPLETE,2.91
1084,108.302,THROTTLED,2.88
1085,108.402,THROTTLED,2.85
1086,108.502,THROTTLED,2.82
1087,108.602,THROTTLED,2.79
1088,108.702,THROTTLED,2.76
1089,108.802,THROTTLED,2.73
1090,108.902,THROTTLED,2.7
1091,109.002,COMPLETE,9.72
1092,109.102,COMPLETE,6.74
1093,109.202,COMPLETE,3.76
1094,109.302,THROTTLED,3.73
1095,109.402,THROTTLED,3.7
1096,109.502,THROTTLED,3.67
1097,109.602,THROTTLED,3.64
1098,109.702,THROTTLED,3.61
1099,109.802,THROTTLED,3.58
1100,109.902,THROTTLED,3.55
1101,110.002,COMPLETE,10.57
1102,110.102,COMPLETE,7.59
1103,110.202,COMPLETE,4.61
1104,110.302,COMPLETE,1.63
1105,110.402,THROTTLED,1.6
1106,110.502,THROTTLED,1.57
1107,110.602,THROTTLED,1.54
1108,110.702,THROTTLED,1.51
1109,110.802,THROTTLED,1.48
1110,110.902,THROTTLED,1.45
1111,111.002,COMPLETE,8.47
1112,111.102,COMPLETE,5.49
1113,111.202,COMPLETE,2.51
1114,111.302,THROTTLED,2.48
1115,111.402,THROTTLED,2.45
1116,111.502,THROTTLED,2.42
1117,111.602,THROTTLED,2.39
1118,111.702,THROTTLED,2.36
1119,111.802,THROTTLED,2.33
1120,111.902,THROTTLED,2.3
1121,112.002,COMPLETE,9.32
1122,112.102,COMPLETE,6.34
1123,112.202,COMPLETE,3.36
1124,112.302,THROTTLED,3.33
1125,112.402,THROTTLED,3.3
1126,112.502,THROTTLED,3.27
1127,112.602,THROTTLED,3.24
1128,112.702,THROTTLED,3.21
1129,112.802,THROTTLED,3.18
1130,112.902,THROTTLED,3.15
1131,113.002,COMPLETE,10.17
1132,113.102,COMPLETE,7.19
1133,113.202,COMPLETE,4.21
1134,113.302,COMPLETE,1.23
1135,113.402,THROTTLED,1.2
1136,113.502,THROTTLED,1.17
1137,113.602,THROTTLED,1.14
1138,113.702,THROTTLED,1.11
1139,113.802,THROTTLED,1.08
1140,113.902,THROTTLED,1.05
1141,114.002,COMPLETE,8.07
1142,114.102,COMPLETE,5.09
1143,114.202,COMPLETE,2.11
1144,114.302,THROTTLED,2.08
1145,114.402,THROTTLED,2.05
1146,114.502,THROTTLED,2.02
1147,114.602,THROTTLED,1.99
1148,114.702,THROTTLED,1.96
1149,114.802,THROTTLED,1.93
1150,114.902,THROTTLED,1.9
1151,115.002,COMPLETE,8.92
1152,115.102,COMPLETE,5.94
1153,115.202,COMPLETE,2.96
1154,115.302,THROTTLED,2.93
1155,115.402,THROTTLED,2.9
1156,115.502,THROTTLED,2.87
1157,115.602,THROTTLED,2.84
1158,115.702,THROTTLED,2.81
1159,115.802,THROTTLED,2.78
1160,115.902,THROTTLED,2.75
1161,116.002,COMPLETE,9.77
1162,116.102,COMPLETE,6.79
1163,116.202,COMPLETE,3.81
1164,116.302,THROTTLED,3.78
1165,116.402,THROTTLED,3.75
1166,116.502,THROTTLED,3.72
1167,116.602,THROTTLED,3.69
1168,116.702,THROTTLED,3.66
1169,116.802,THROTTLED,3.63
1170,116.902,THROTTLED,3.6
1171,117.002,COMPLETE,10.62
1172,117.102,COMPLETE,7.64
1173,117.202,COMPLETE,4.66
1174,117.302,COMPLETE,1.68
1175,117.402,THROTTLED,1.65
1176,117.502,THROTTLED,1.62
1177,117.602,THROTTLED,1.59
1178,117.702,THROTTLED,1.56
1179,117.802,THROTTLED,1.53
1180,117.902,THROTTLED,1.5
1181,118.002,COMPLETE,8.52
1182,118.102,COMPLETE,5.54
1183,118.202,COMPLETE,2.56
1184,118.302,THROTTLED,2.53
1185,118.402,THROTTLED,2.5
1186,118.502,THROTTLED,2.47
1187,118.602,THROTTLED,2.44
1188,118.702,THROTTLED,2.41
1189,118.802,THROTTLED,2.38
1190,118.902,THROTTLED,2.35
1191,119.002,COMPLETE,9.37
1192,119.102,COMPLETE,6.39
1193,119.202,COMPLETE,3.41
1194,119.302,THROTTLED,3.38
1195,119.402,THROTTLED,3.35
1196,119.502,THROTTLED,3.32
1197,119.602,THROTTLED,3.29
1198,119.702,THROTTLED,3.26
1199,119.802,THROTTLED,3.23
1200,119.902,THROTTLED,3.2
1201,120.002,COMPLETE,10.22
1202,120.102,COMPLETE,7.24
1203,120.202,COMPLETE,4.26
1204,120.302,COMPLETE,1.28
1205,120.402,THROTTLED,1.25
1206,120.502,THROTTLED,1.22
1207,120.602,THROTTLED,1.19
1208,120.702,THROTTLED,1.16
1209,120.802,THROTTLED,1.13
1210,120.902,THROTTLED,1.1
1211,121.002,COMPLETE,8.12
1212,121.102,COMPLETE,5.14
1213,121.202,COMPLETE,2.16
1214,121.302,THROTTLED,2.13
1215,121.402,THROTTLED,2.1
1216,121.502,THROTTLED,2.07
1217,121.602,THROTTLED,2.04
1218,121.702,THROTTLED,2.01
1219,121.802,THROTTLED,1.98
1220,121.902,THROTTLED,1.95
1221,122.002,COMPLETE,8.97
1222,122.102,COMPLETE,5.99
1223,122.202,COMPLETE,3.01
1224,122.302,THROTTLED,2.98
1225,122.402,THROTTLED,2.95
1226,122.502,THROTTLED,2.92
1227,122.602,THROTTLED,2.89
1228,122.702,THROTTLED,2.86
1229,122.802,THROTTLED,2.83
1230,122.902,THROTTLED,2.8
1231,123.002,COMPLETE,9.82
1232,123.102,COMPLETE,6.84
1233,123.202,COMPLETE,3.86
1234,123.302,THROTTLED,3.83
1235,123.402,THROTTLED,3.8
1236,123.502,THROTTLED,3.77
1237,123.602,THROTTLED,3.74
1238,123.702,THROTTLED,3.71
1239,123.802,THROTTLED,3.68
1240,123.902,THROTTLED,3.65
1241,124.002,COMPLETE,10.67
1242,124.102,COMPLETE,7.69
1243,124.202,COMPLETE,4.71
1244,124.302,COMPLETE,1.73
1245,124.402,THROTTLED,1.7
1246,124.502,THROTTLED,1.67
1247,124.602,THROTTLED,1.64
1248,124.702,THROTTLED,1.61
1249,124.802,THROTTLED,1.58
1250,124.902,THROTTLED,1.55
1251,125.002,COMPLETE,8.57
1252,125.102,COMPLETE,5.59
1253,125.202,COMPLETE,2.61
1254,125.302,THROTTLED,2.58
1255,125.402,THROTTLED,2.55
1256,125.502,THROTTLED,2.52
1257,125.602,THROTTLED,2.49
1258,125.702,THROTTLED,2.46
1259,125.802,THROTTLED,2.43
1260,125.902,THROTTLED,2.4
1261,126.002,COMPLETE,9.42
1262,126.102,COMPLETE,6.44
1263,126.202,COMPLETE,3.46
1264,126.302,THROTTLED,3.43
1265,126.402,THROTTLED,3.4
1266,126.502,THROTTLED,3.37
1267,126.602,THROTTLED,3.34
1268,126.702,THROTTLED,3.31
1269,126.802,THROTTLED,3.28
1270,126.902,THROTTLED,3.25
1271,127.002,COMPLETE,10.27
1272,127.102,COMPLETE,7.29
1273,127.202,COMPLETE,4.31
1274,127.302,COMPLETE,1.33
1275,127.402,THROTTLED,1.3
1276,127.502,THROTTLED,1.27
1277,127.602,THROTTLED,1.24
1278,127.702,THROTTLED,1.21
1279,127.802,THROTTLED,1.18
1280,127.902,THROTTLED,1.15
1281,128.002,COMPLETE,8.17
1282,128.102,COMPLETE,5.19
1283,128.202,COMPLETE,2.21
1284,128.302,THROTTLED,2.18
1285,128.402,THROTTLED,2.15
1286,128.502,THROTTLED,2.12
1287,128.602,THROTTLED,2.09
1288,128.702,THROTTLED,2.06
1289,128.802,THROTTLED,2.03
1290,128.902,THROTTLED,2
1291,129.002,COMPLETE,9.02
1292,129.102,COMPLETE,6.04
1293,129.202,COMPLETE,3.06
1294,129.302,THROTTLED,3.03
1295,129.402,THROTTLED,3
1296,129.502,THROTTLED,2.97
1297,129.602,THROTTLED,2.94
1298,129.702,THROTTLED,2.91
1299,129.802,THROTTLED,2.88
1300,129.902,THROTTLED,2.85
1301,130.002,COMPLETE,9.87
1302,130.102,COMPLETE,6.89
1303,130.202,COMPLETE,3.91
1304,130.302,THROTTLED,3.88
1305,130.402,THROTTLED,3.85
1306,130.502,THROTTLED,3.82
1307,130.602,THROTTLED,3.79
1308,130.702,THROTTLED,3.76
1309,130.802,THROTTLED,3.73
1310,130.902,THROTTLED,3.7
1311,131.002,COMPLETE,10.72
1312,131.102,COMPLETE,7.74
1313,131.202,COMPLETE,4.76
1314,131.302,COMPLETE,1.78
1315,131.402,THROTTLED,1.75
1316,131.502,THROTTLED,1.72
1317,131.602,THROTTLED,1.69
1318,131.702,THROTTLED,1.66
1319,131.802,THROTTLED,1.63
1320,131.902,THROTTLED,1.6
1321,132.002,COMPLETE,8.62
1322,132.102,COMPLETE,5.64
1323,132.202,COMPLETE,2.66
1324,132.302,THROTTLED,2.63
1325,132.402,THROTTLED,2.6
1326,132.502,THROTTLED,2.57
1327,132.602,THROTTLED,2.54
1328,132.702,THROTTLED,2.51
1329,132.802,THROTTLED,2.48
1330,132.902,THROTTLED,2.45
1331,133.002,COMPLETE,9.47
1332,133.102,COMPLETE,6.49
1333,133.202,COMPLETE,3.51
1334,133.302,THROTTLED,3.48
1335,133.402,THROTTLED,3.45
1336,133.502,THROTTLED,3.42
1337,133.602,THROTTLED,3.39
1338,133.702,THROTTLED,3.36
1339,133.802,THROTTLED,3.33
1340,133.902,THROTTLED,3.3
1341,134.002,COMPLETE,10.32
1342,134.102,COMPLETE,7.34
1343,134.202,COMPLETE,4.36
1344,134.302,COMPLETE,1.38
1345,134.402,THROTTLED,1.35
1346,134.502,THROTTLED,1.32
1347,134.602,THROTTLED,1.29
1348,134.702,THROTTLED,1.26
1349,134.802,THROTTLED,1.23
1350,134.902,THROTTLED,1.2
1351,135.002,COMPLETE,8.22
1352,135.102,COMPLETE,5.24
1353,135.202,COMPLETE,2.26
1354,135.302,THROTTLED,2.23
1355,135.402,THROTTLED,2.2
1356,135.502,THROTTLED,2.17
1357,135.602,THROTTLED,2.14
1358,135.702,THROTTLED,2.11
1359,135.802,THROTTLED,2.08
1360,135.902,THROTTLED,2.05
1361,136.002,COMPLETE,9.07
1362,136.102,COMPLETE,6.09
1363,136.202,COMPLETE,3.11
1364,136.302,THROTTLED,3.08
1365,136.402,THROTTLED,3.05
1366,136.502,THROTTLED,3.02
1367,136.602,THROTTLED,2.99
1368,136.702,THROTTLED,2.96
1369,136.802,THROTTLED,2.93
1370,136.902,THROTTLED,2.9
1371,137.002,COMPLETE,9.92
1372,137.102,COMPLETE,6.94
1373,137.202,COMPLETE,3.96
1374,137.302,THROTTLED,3.93
1375,137.402,THROTTLED,3.9
1376,137.502,THROTTLED,3.87
1377,137.602,THROTTLED,3.84
1378,137.702,THROTTLED,3.81
1379,137.802,THROTTLED,3.78
1380,137.902,THROTTLED,3.75
1381,138.002,COMPLETE,10.77
1382,138.102,COMPLETE,7.79
1383,138.202,COMPLETE,4.81
1384,138.302,COMPLETE,1.83
1385,138.402,THROTTLED,1.8
1386,138.502,THROTTLED,1.77
1387,138.602,THROTTLED,1.74
1388,138.702,THROTTLED,1.71
1389,138.802,THROTTLED,1.68
1390,138.902,THROTTLED,1.65
1391,139.002,COMPLETE,8.67
1392,139.102,COMPLETE,5.69
1393,139.202,COMPLETE,2.71
1394,139.302,THROTTLED,2.68
1395,139.402,THROTTLED,2.65
1396,139.502,THROTTLED,2.62
1397,139.602,THROTTLED,2.59
1398,139.702,THROTTLED,2.56
1399,139.802,THROTTLED,2.53
1400,139.902,THROTTLED,2.5
1401,140.002,COMPLETE,9.52
1402,140.102,COMPLETE,6.54
1403,140.202,COMPLETE,3.56
1404,140.302,THROTTLED,3.53
1405,140.402,THROTTLED,3.5
1406,140.502,THROTTLED,3.47
1407,140.602,THROTTLED,3.44
1408,140.702,THROTTLED,3.41
1409,140.802,THROTTLED,3.38
1410,140.902,THROTTLED,3.35
1411,141.002,COMPLETE,10.37
1412,141.102,COMPLETE,7.39
1413,141.202,COMPLETE,4.41
1414,141.302,COMPLETE,1.43
1415,141.402,THROTTLED,1.4
1416,141.502,THROTTLED,1.37
1417,141.602,THROTTLED,1.34
1418,141.702,THROTTLED,1.31
1419,141.802,THROTTLED,1.28
1420,141.902,THROTTLED,1.25
1421,142.002,COMPLETE,8.27
1422,142.102,COMPLETE,5.29
1423,142.202,COMPLETE,2.31
1424,142.302,THROTTLED,2.28
1425,142.402,THROTTLED,2.25
1426,142.502,THROTTLED,2.22
1427,142.602,THROTTLED,2.19
1428,142.702,THROTTLED,2.16
1429,142.802,THROTTLED,2.13
1430,142.902,THROTTLED,2.1
1431,143.002,COMPLETE,9.12
1432,143.102,COMPLETE,6.14
1433,143.202,COMPLETE,3.16
1434,143.302,THROTTLED,3.13
1435,143.402,THROTTLED,3.1
1436,143.502,THROTTLED,3.07
1437,143.602,THROTTLED,3.04
1438,143.702,THROTTLED,3.01
1439,143.802,THROTTLED,2.98
1440,143.902,THROTTLED,2.95
1441,144.002,COMPLETE,9.97
1442,144.102,COMPLETE,6.99
1443,144.202,COMPLETE,4.01
1444,144.302,THROTTLED,3.98
1445,144.402,THROTTLED,3.95
1446,144.502,THROTTLED,3.92
1447,144.602,THROTTLED,3.89
1448,144.702,THROTTLED,3.86
1449,144.802,THROTTLED,3.83
1450,144.902,THROTTLED,3.8
1451,145.002,COMPLETE,10.82
1452,145.102,COMPLETE,7.84
1453,145.202,COMPLETE,4.86
1454,145.302,COMPLETE,1.88
1455,145.402,THROTTLED,1.85
1456,145.502,THROTTLED,1.82
1457,145.602,THROTTLED,1.79
1458,145.702,THROTTLED,1.76
1459,145.802,THROTTLED,1.73
1460,145.902,THROTTLED,1.7
1461,146.002,COMPLETE,8.72
1462,146.102,COMPLETE,5.74
1463,146.202,COMPLETE,2.76
1464,146.302,THROTTLED,2.73
1465,146.402,THROTTLED,2.7
1466,146.502,THROTTLED,2.67
1467,146.602,THROTTLED,2.64
1468,146.702,THROTTLED,2.61
1469,146.802,THROTTLED,2.58
1470,146.902,THROTTLED,2.55
1471,147.002,COMPLETE,9.57
1472,147.102,COMPLETE,6.59
1473,147.202,COMPLETE,3.61
1474,147.302,THROTTLED,3.58
1475,147.402,THROTTLED,3.55
1476,147.502,THROTTLED,3.52
1477,147.602,THROTTLED,3.49
1478,147.702,THROTTLED,3.46
1479,147.802,THROTTLED,3.43
1480,147.902,THROTTLED,3.4
1481,148.002,COMPLETE,10.42
1482,148.102,COMPLETE,7.44
1483,148.202,COMPLETE,4.46
1484,148.302,COMPLETE,1.48
1485,148.402,THROTTLED,1.45
1486,148.502,THROTTLED,1.42
1487,148.602,THROTTLED,1.39
1488,148.702,THROTTLED,1.36
1489,148.802,THROTTLED,1.33
1490,148.902,THROTTLED,1.3
1491,149.002,COMPLETE,8.32
1492,149.102,COMPLETE,5.34
1493,149.202,COMPLETE,2.36
1494,149.302,THROTTLED,2.33
1495,149.402,THROTTLED,2.3
1496,149.502,THROTTLED,2.27
1497,149.602,THROTTLED,2.24
1498,149.702,THROTTLED,2.21
1499,149.802,THROTTLED,2.18
1500,149.902,THROTTLED,2.15
1501,150.002,COMPLETE,9.17
1502,150.102,COMPLETE,6.19
1503,150.202,COMPLETE,3.21
1504,150.302,THROTTLED,3.18
1505,150.402,THROTTLED,3.15
1506,150.502,THROTTLED,3.12
1507,150.602,THROTTLED,3.09
1508,150.702,THROTTLED,3.06
1509,150.802,THROTTLED,3.03
1510,150.902,THROTTLED,3
1511,151.002,COMPLETE,10.02
1512,151.102,COMPLETE,7.04
1513,151.202,COMPLETE,4.06
1514,151.302,COMPLETE,1.08
1515,151.402,THROTTLED,1.05
1516,151.502,THROTTLED,1.02
1517,151.602,THROTTLED,0.99
1518,151.702,THROTTLED,0.96
1519,151.802,THROTTLED,0.93
1520,151.902,THROTTLED,0.9
1521,152.002,COMPLETE,7.92
1522,152.102,COMPLETE,4.94
1523,152.202,COMPLETE,1.96
1524,152.302,THROTTLED,1.93
1525,152.402,THROTTLED,1.9
1526,152.502,THROTTLED,1.87
1527,152.602,THROTTLED,1.84
1528,152.702,THROTTLED,1.81
1529,152.802,THROTTLED,1.78
1530,152.902,THROTTLED,1.75
1531,153.002,COMPLETE,8.77
1532,153.102,COMPLETE,5.79
1533,153.202,COMPLETE,2.81
1534,153.302,THROTTLED,2.78
1535,153.402,THROTTLED,2.75
1536,153.502,THROTTLED,2.72
1537,153.602,THROTTLED,2.69
1538,153.702,THROTTLED,2.66
1539,153.802,THROTTLED,2.63
1540,153.902,THROTTLED,2.6
1541,154.002,COMPLETE,9.62
1542,154.102,COMPLETE,6.64
1543,154.202,COMPLETE,3.66
1544,154.302,THROTTLED,3.63
1545,154.402,THROTTLED,3.6
1546,154.502,THROTTLED,3.57
1547,154.602,THROTTLED,3.54
1548,154.702,THROTTLED,3.51
1549,154.802,THROTTLED,3.48
1550,154.902,THROTTLED,3.45
1551,155.002,COMPLETE,10.47
1552,155.102,COMPLETE,7.49
1553,155.202,COMPLETE,4.51
1554,155.302,COMPLETE,1.53
1555,155.402,THROTTLED,1.5
1556,155.502,THROTTLED,1.47
1557,155.602,THROTTLED,1.44
1558,155.702,THROTTLED,1.41
1559,155.802,THROTTLED,1.38
1560,155.902,THROTTLED,1.35
1561,156.002,COMPLETE,8.37
1562,156.102,COMPLETE,5.39
1563,156.202,COMPLETE,2.41
1564,156.302,THROTTLED,2.38
1565,156.402,THROTTLED,2.35
1566,156.502,THROTTLED,2.32
1567,156.602,THROTTLED,2.29
1568,156.702,THROTTLED,2.26
1569,156.802,THROTTLED,2.23
1570,156.902,THROTTLED,2.2
1571,157.002,COMPLETE,9.22
1572,157.102,COMPLETE,6.24
1573,157.202,COMPLETE,3.26
1574,157.302,THROTTLED,3.23
1575,157.402,THROTTLED,3.2
1576,157.502,THROTTLED,3.17
1577,157.602,THROTTLED,3.14
1578,157.702,THROTTLED,3.11
1579,157.802,THROTTLED,3.08
1580,157.902,THROTTLED,3.05
1581,158.002,COMPLETE,10.07
1582,158.102,COMPLETE,7.09
1583,158.202,COMPLETE,4.11
1584,158.302,COMPLETE,1.13
1585,158.402,THROTTLED,1.1
1586,158.502,THROTTLED,1.07
1587,158.602,THROTTLED,1.04
1588,158.702,THROTTLED,1.01
1589,158.802,THROTTLED,0.98
1590,158.902,THROTTLED,0.95
1591,159.002,COMPLETE,7.97
1592,159.102,COMPLETE,4.99
1593,159.202,COMPLETE,2.01
1594,159.302,THROTTLED,1.98
1595,159.402,THROTTLED,1.95
1596,159.502,THROTTLED,1.92
1597,159.602,THROTTLED,1.89
1598,159.702,THROTTLED,1.86
1599,159.802,THROTTLED,1.83
1600,159.902,THROTTLED,1.8
1601,160.002,COMPLETE,8.82
1602,160.102,COMPLETE,5.84
1603,160.202,COMPLETE,2.86
1604,160.302,THROTTLED,2.83
1605,160.402,THROTTLED,2.8
1606,160.502,THROTTLED,2.77
1607,160.602,THROTTLED,2.74
1608,160.702,THROTTLED,2.71
1609,160.802,THROTTLED,2.68
1610,160.902,THROTTLED,2.65
1611,161.002,COMPLETE,9.67
1612,161.102,COMPLETE,6.69
1613,161.202,COMPLETE,3.71
1614,161.302,THROTTLED,3.68
1615,161.402,THROTTLED,3.65
1616,161.502,THROTTLED,3.62
1617,161.602,THROTTLED,3.59
1618,161.702,THROTTLED,3.56
1619,161.802,THROTTLED,3.53
1620,161.902,THROTTLED,3.5
1621,162.002,COMPLETE,10.52
1622,162.102,COMPLETE,7.54
1623,162.202,COMPLETE,4.56
1624,162.302,COMPLETE,1.58
1625,162.402,THROTTLED,1.55
1626,162.502,THROTTLED,1.52
1627,162.602,THROTTLED,1.49
1628,162.702,THROTTLED,1.46
1629,162.802,THROTTLED,1.43
1630,162.902,THROTTLED,1.4
1631,163.002,COMPLETE,8.42
1632,163.102,COMPLETE,5.44
1633,163.202,COMPLETE,2.46
1634,163.302,THROTTLED,2.43
1635,163.402,THROTTLED,2.4
1636,163.502,THROTTLED,2.37
1637,163.602,THROTTLED,2.34
1638,163.702,THROTTLED,2.31
1639,163.802,THROTTLED,2.28
1640,163.902,THROTTLED,2.25
1641,164.002,COMPLETE,9.27
1642,164.102,COMPLETE,6.29
1643,164.202,COMPLETE,3.31
1644,164.302,THROTTLED,3.28
1645,164.402,THROTTLED,3.25
1646,164.502,THROTTLED,3.22
1647,164.602,THROTTLED,3.19
1648,164.702,THROTTLED,3.16
1649,164.802,THROTTLED,3.13
1650,164.902,THROTTLED,3.1
1651,165.002,COMPLETE,10.12
1652,165.102,COMPLETE,7.14
1653,165.202,COMPLETE,4.16
1654,165.302,COMPLETE,1.18
1655,165.402,THROTTLED,1.15
1656,165.502,THROTTLED,1.12
1657,165.602,THROTTLED,1.09
1658,165.702,THROTTLED,1.06
1659,165.802,THROTTLED,1.03
1660,165.902,THROTTLED,1
1661,166.002,COMPLETE,8.02
1662,166.102,COMPLETE,5.04
1663,166.202,COMPLETE,2.06
1664,166.302,THROTTLED,2.03
1665,166.402,THROTTLED,2
1666,166.502,THROTTLED,1.97
1667,166.602,THROTTLED,1.94
1668,166.702,THROTTLED,1.91
1669,166.802,THROTTLED,1.88
1670,166.902,THROTTLED,1.85
1671,167.002,COMPLETE,8.87
1672,167.102,COMPLETE,5.89
1673,167.202,COMPLETE,2.91
1674,167.302,THROTTLED,2.88
1675,167.402,THROTTLED,2.85
1676,167.502,THROTTLED,2.82
1677,167.602,THROTTLED,2.79
1678,167.702,THROTTLED,2.76
1679,167.802,THROTTLED,2.73
1680,167.902,THROTTLED,2.7
1681,168.002,COMPLETE,9.72
1682,168.102,COMPLETE,6.74
1683,168.202,COMPLETE,3.76
1684,168.302,THROTTLED,3.73
1685,168.402,THROTTLED,3.7
1686,168.502,THROTTLED,3.67
1687,168.602,THROTTLED,3.64
1688,168.702,THROTTLED,3.61
1689,168.802,THROTTLED,3.58
1690,168.902,THROTTLED,3.55
1691,169.002,COMPLETE,10.57
1692,169.102,COMPLETE,7.59
1693,169.202,COMPLETE,4.61
1694,169.302,COMPLETE,1.63
1695,169.402,THROTTLED,1.6
1696,169.502,THROTTLED,1.57
1697,169.602,THROTTLED,1.54
1698,169.702,THROTTLED,1.51
1699,169.802,THROTTLED,1.48
1700,169.902,THROTTLED,1.45
1701,170.002,COMPLETE,8.47
1702,170.102,COMPLETE,5.49
1703,170.202,COMPLETE,2.51
1704,170.302,THROTTLED,2.48
1705,170.402,THROTTLED,2.45
1706,170.502,THROTTLED,2.42
1707,170.602,THROTTLED,2.39
1708,170.702,THROTTLED,2.36
1709,170.802,THROTTLED,2.33
1710,170.902,THROTTLED,2.3
1711,171.002,COMPLETE,9.32
1712,171.102,COMPLETE,6.34
1713,171.202,COMPLETE,3.36
1714,171.302,THROTTLED,3.33
1715,171.402,THROTTLED,3.3
1716,171.502,THROTTLED,3.27
1717,171.602,THROTTLED,3.24
1718,171.702,THROTTLED,3.21
1719,171.802,THROTTLED,3.18
1720,171.902,THROTTLED,3.15
1721,172.002,COMPLETE,10.17
1722,172.102,COMPLETE,7.19
1723,172.202,COMPLETE,4.21
1724,172.302,COMPLETE,1.23
1725,172.402,THROTTLED,1.2
1726,172.502,THROTTLED,1.17
1727,172.602,THROTTLED,1.14
1728,172.702,THROTTLED,1.11
1729,172.802,THROTTLED,1.08
1730,172.902,THROTTLED,1.05
1731,173.002,COMPLETE,8.07
1732,173.102,COMPLETE,5.09
1733,173.202,COMPLETE,2.11
1734,173.302,THROTTLED,2.08
1735,173.402,THROTTLED,2.05
1736,173.502,THROTTLED,2.02
1737,173.602,THROTTLED,1.99
1738,173.702,THROTTLED,1.96
1739,173.802,THROTTLED,1.93
1740,173.902,THROTTLED,1.9
1741,174.002,COMPLETE,8.92
1742,174.102,COMPLETE,5.94
1743,174.202,COMPLETE,2.96
1744,174.302,THROTTLED,2.93
1745,174.402,THROTTLED,2.9
1746,174.502,THROTTLED,2.87
1747,174.602,THROTTLED,2.84
1748,174.702,THROTTLED,2.81
1749,174.802,THROTTLED,2.78
1750,174.902,THROTTLED,2.75
1751,175.002,COMPLETE,9.77
1752,175.102,COMPLETE,6.79
1753,175.202,COMPLETE,3.81
1754,175.302,THROTTLED,3.78
1755,175.402,THROTTLED,3.75
1756,175.502,THROTTLED,3.72
1757,175.602,THROTTLED,3.69
1758,175.702,THROTTLED,3.66
1759,175.802,THROTTLED,3.63
1760,175.902,THROTTLED,3.6
1761,176.002,COMPLETE,10.62
1762,176.102,COMPLETE,7.64
1763,176.202,COMPLETE,4.66
1764,176.302,COMPLETE,1.68
1765,176.402,THROTTLED,1.65
1766,176.502,THROTTLED,1.62
1767,176.602,THROTTLED,1.59
1768,176.702,THROTTLED,1.56
1769,176.802,THROTTLED,1.53
1770,176.902,THROTTLED,1.5
1771,177.002,COMPLETE,8.52
1772,177.102,COMPLETE,5.54
1773,177.202,COMPLETE,2.56
1774,177.302,THROTTLED,2.53
1775,177.402,THROTTLED,2.5
1776,177.502,THROTTLED,2.47
1777,177.602,THROTTLED,2.44
1778,177.702,THROTTLED,2.41
1779,177.802,THROTTLED,2.38
1780,177.902,THROTTLED,2.35
1781,178.002,COMPLETE,9.37
1782,178.102,COMPLETE,6.39
1783,178.202,COMPLETE,3.41
1784,178.302,THROTTLED,3.38
1785,178.402,THROTTLED,3.35
1786,178.502,THROTTLED,3.32
1787,178.602,THROTTLED,3.29
1788,178.702,THROTTLED,3.26
1789,178.802,THROTTLED,3.23
1790,178.902,THROTTLED,3.2
1791,179.002,COMPLETE,10.22
1792,179.102,COMPLETE,7.24
1793,179.202,COMPLETE,4.26
1794,179.302,COMPLETE,1.28
1795,179.402,THROTTLED,1.25
1796,179.502,THROTTLED,1.22
1797,179.602,THROTTLED,1.19
1798,179.702,THROTTLED,1.16
1799,179.802,THROTTLED,1.13
1800,179.902,THROTTLED,1.1
1801,180.002,COMPLETE,8.12
1802,180.102,COMPLETE,5.14
1803,180.202,COMPLETE,2.16
1804,180.302,THROTTLED,2.13
1805,180.402,THROTTLED,2.1
1806,180.502,THROTTLED,2.07
1807,180.602,THROTTLED,2.04
1808,180.702,THROTTLED,2.01
1809,180.802,THROTTLED,1.98
1810,180.902,THROTTLED,1.95
1811,181.002,COMPLETE,8.97
1812,181.102,COMPLETE,5.99
1813,181.202,COMPLETE,3.01
1814,181.302,THROTTLED,2.98
1815,181.402,THROTTLED,2.95
1816,181.502,THROTTLED,2.92
1817,181.602,THROTTLED,2.89
1818,181.702,THROTTLED,2.86
1819,181.802,THROTTLED,2.83
1820,181.902,THROTTLED,2.8
1821,182.002,COMPLETE,9.82
1822,182.102,COMPLETE,6.84
1823,182.202,COMPLETE,3.86
1824,182.302,THROTTLED,3.83
1825,182.402,THROTTLED,3.8
1826,182.502,THROTTLED,3.77
1827,182.602,THROTTLED,3.74
1828,182.702,THROTTLED,3.71
1829,182.802,THROTTLED,3.68
1830,182.902,THROTTLED,3.65
1831,183.002,COMPLETE,10.67
1832,183.102,COMPLETE,7.69
1833,183.202,COMPLETE,4.71
1834,183.302,COMPLETE,1.73
1835,183.402,THROTTLED,1.7
1836,183.502,THROTTLED,1.67
1837,183.602,THROTTLED,1.64
1838,183.702,THROTTLED,1.61
1839,183.802,THROTTLED,1.58
1840,183.902,THROTTLED,1.55
1841,184.002,COMPLETE,8.57
1842,184.102,COMPLETE,5.59
1843,184.202,COMPLETE,2.61
1844,184.302,THROTTLED,2.58
1845,184.402,THROTTLED,2.55
1846,184.502,THROTTLED,2.52
1847,184.602,THROTTLED,2.49
1848,184.702,THROTTLED,2.46
1849,184.802,THROTTLED,2.43
1850,184.902,THROTTLED,2.4
1851,185.002,COMPLETE,9.42
1852,185.102,COMPLETE,6.44
1853,185.202,COMPLETE,3.46
1854,185.302,THROTTLED,3.43
1855,185.402,THROTTLED,3.4
1856,185.502,THROTTLED,3.37
1857,185.602,THROTTLED,3.34
1858,185.702,THROTTLED,3.31
1859,185.802,THROTTLED,3.28
1860,185.902,THROTTLED,3.25
1861,186.002,COMPLETE,10.27
1862,186.102,COMPLETE,7.29
1863,186.202,COMPLETE,4.31
1864,186.302,COMPLETE,1.33
1865,186.402,THROTTLED,1.3
1866,186.502,THROTTLED,1.27
1867,186.602,THROTTLED,1.24
1868,186.702,THROTTLED,1.21
1869,186.802,THROTTLED,1.18
1870,186.902,THROTTLED,1.15
1871,187.002,COMPLETE,8.17
1872,187.102,COMPLETE,5.19
1873,187.202,COMPLETE,2.21
1874,187.302,THROTTLED,2.18
1875,187.402,THROTTLED,2.15
1876,187.502,THROTTLED,2.12
1877,187.602,THROTTLED,2.09
1878,187.702,THROTTLED,2.06
1879,187.802,THROTTLED,2.03
1880,187.902,THROTTLED,2
1881,188.002,COMPLETE,9.02
1882,188.102,COMPLETE,6.04
1883,188.202,COMPLETE,3.06
1884,188.302,THROTTLED,3.03
1885,188.402,THROTTLED,3
1886,188.502,THROTTLED,2.97
1887,188.602,THROTTLED,2.94
1888,188.702,THROTTLED,2.91
1889,188.802,THROTTLED,2.88
1890,188.902,THROTTLED,2.85
1891,189.002,COMPLETE,9.87
1892,189.102,COMPLETE,6.89
1893,189.202,COMPLETE,3.91
1894,189.302,THROTTLED,3.88
1895,189.402,THROTTLED,3.85
1896,189.502,THROTTLED,3.82
1897,189.602,THROTTLED,3.79
1898,189.702,THROTTLED,3.76
1899,189.802,THROTTLED,3.73
1900,189.902,THROTTLED,3.7
1901,190.002,COMPLETE,10.72
1902,190.102,COMPLETE,7.74
1903,190.202,COMPLETE,4.76
1904,190.302,COMPLETE,1.78
1905,190.402,THROTTLED,1.75
1906,190.502,THROTTLED,1.72
1907,190.602,THROTTLED,1.69
1908,190.702,THROTTLED,1.66
1909,190.802,THROTTLED,1.63
1910,190.902,THROTTLED,1.6
1911,191.002,COMPLETE,8.62
1912,191.102,COMPLETE,5.64
1913,191.202,COMPLETE,2.66
1914,191.302,THROTTLED,2.63
1915,191.402,THROTTLED,2.6
1916,191.502,THROTTLED,2.57
1917,191.602,THROTTLED,2.54
1918,191.702,THROTTLED,2.51
1919,191.802,THROTTLED,2.48
1920,191.902,THROTTLED,2.45
1921,192.002,COMPLETE,9.47
1922,192.102,COMPLETE,6.49
1923,192.202,COMPLETE,3.51
1924,192.302,THROTTLED,3.48
1925,192.402,THROTTLED,3.45
1926,192.502,THROTTLED,3.42
1927,192.602,THROTTLED,3.39
1928,192.702,THROTTLED,3.36
1929,192.802,THROTTLED,3.33
1930,192.902,THROTTLED,3.3
1931,193.002,COMPLETE,10.32
1932,193.102,COMPLETE,7.34
1933,193.202,COMPLETE,4.36
1934,193.302,COMPLETE,1.38
1935,193.402,THROTTLED,1.35
1936,193.502,THROTTLED,1.32
1937,193.602,THROTTLED,1.29
1938,193.702,THROTTLED,1.26
1939,193.802,THROTTLED,1.23
1940,193.902,THROTTLED,1.2
1941,194.002,COMPLETE,8.22
1942,194.102,COMPLETE,5.24
1943,194.202,COMPLETE,2.26
1944,194.302,THROTTLED,2.23
1945,194.402,THROTTLED,2.2
1946,194.502,THROTTLED,2.17
1947,194.602,THROTTLED,2.14
1948,194.702,THROTTLED,2.11
1949,194.802,THROTTLED,2.08
1950,194.902,THROTTLED,2.05
1951,195.002,COMPLETE,9.07
1952,195.102,COMPLETE,6.09
1953,195.202,COMPLETE,3.11
1954,195.302,THROTTLED,3.08
1955,195.402,THROTTLED,3.05
1956,195.502,THROTTLED,3.02
1957,195.602,THROTTLED,2.99
1958,195.702,THROTTLED,2.96
1959,195.802,THROTTLED,2.93
1960,195.902,THROTTLED,2.9
1961,196.002,COMPLETE,9.92
1962,196.102,COMPLETE,6.94
1963,196.202,COMPLETE,3.96
1964,196.302,THROTTLED,3.93
1965,196.402,THROTTLED,3.9
1966,196.502,THROTTLED,3.87
1967,196.602,THROTTLED,3.84
1968,196.702,THROTTLED,3.81
1969,196.802,THROTTLED,3.78
1970,196.902,THROTTLED,3.75
1971,197.002,COMPLETE,10.77
1972,197.102,COMPLETE,7.79
1973,197.202,COMPLETE,4.81
1974,197.302,COMPLETE,1.83
1975,197.402,THROTTLED,1.8
1976,197.502,THROTTLED,1.77
1977,197.602,THROTTLED,1.74
1978,197.702,THROTTLED,1.71
1979,197.802,THROTTLED,1.68
1980,197.902,THROTTLED,1.65
1981,198.002,COMPLETE,8.67
1982,198.102,COMPLETE,5.69
1983,198.202,COMPLETE,2.71
1984,198.302,THROTTLED,2.68
1985,198.402,THROTTLED,2.65
1986,198.502,THROTTLED,2.62
1987,198.602,THROTTLED,2.59
1988,198.702,THROTTLED,2.56
1989,198.802,THROTTLED,2.53
1990,198.902,THROTTLED,2.5
1991,199.002,COMPLETE,9.52
1992,199.102,COMPLETE,6.54
1993,199.202,COMPLETE,3.56
1994,199.302,THROTTLED,3.53
1995,199.402,THROTTLED,3.5
1996,199.502,THROTTLED,3.47
1997,199.602,THROTTLED,3.44
1998,199.702,THROTTLED,3.41
1999,199.802,THROTTLED,3.38
2000,199.902,THROTTLED,3.35
2001,200.002,COMPLETE,10.37
2002,200.102,COMPLETE,7.39
2003,200.202,COMPLETE,4.41
2004,200.302,COMPLETE,1.43
2005,200.402,THROTTLED,1.4
2006,200.502,THROTTLED,1.37
2007,200.602,THROTTLED,1.34
2008,200.702,THROTTLED,1.31
2009,200.802,THROTTLED,1.28
2010,200.902,THROTTLED,1.25
2011,201.002,COMPLETE,8.27
2012,201.102,COMPLETE,5.29
2013,201.202,COMPLETE,2.31
2014,201.302,THROTTLED,2.28
2015,201.402,THROTTLED,2.25
2016,201.502,THROTTLED,2.22
2017,201.602,THROTTLED,2.19
2018,201.702,THROTTLED,2.16
2019,201.802,THROTTLED,2.13
2020,201.902,THROTTLED,2.1
2021,202.002,COMPLETE,9.12
2022,202.102,COMPLETE,6.14
2023,202.202,COMPLETE,3.16
2024,202.302,THROTTLED,3.13
2025,202.402,THROTTLED,3.1
2026,202.502,THROTTLED,3.07
2027,202.602,THROTTLED,3.04
2028,202.702,THROTTLED,3.01
2029,202.802,THROTTLED,2.98
2030,202.902,THROTTLED,2.95
2031,203.002,COMPLETE,9.97
2032,203.102,COMPLETE,6.99
2033,203.202,COMPLETE,4.01
2034,203.302,THROTTLED,3.98
2035,203.402,THROTTLED,3.95
2036,203.502,THROTTLED,3.92
2037,203.602,THROTTLED,3.89
2038,203.702,THROTTLED,3.86
2039,203.802,THROTTLED,3.83
2040,203.902,THROTTLED,3.8
2041,204.002,COMPLETE,10.82
2042,204.102,COMPLETE,7.84
2043,204.202,COMPLETE,4.86
2044,204.302,COMPLETE,1.88
2045,204.402,THROTTLED,1.85
2046,204.502,THROTTLED,1.82
2047,204.602,THROTTLED,1.79
2048,204.702,THROTTLED,1.76
2049,204.802,THROTTLED,1.73
2050,204.902,THROTTLED,1.7
2051,205.002,COMPLETE,8.72
2052,205.102,COMPLETE,5.74
2053,205.202,COMPLETE,2.76
2054,205.302,THROTTLED,2.73
2055,205.402,THROTTLED,2.7
2056,205.502,THROTTLED,2.67
2057,205.602,THROTTLED,2.64
2058,205.702,THROTTLED,2.61
2059,205.802,THROTTLED,2.58
2060,205.902,THROTTLED,2.55
2061,206.002,COMPLETE,9.57
2062,206.102,COMPLETE,6.59
2063,206.202,COMPLETE,3.61
2064,206.302,THROTTLED,3.58
2065,206.402,THROTTLED,3.55
2066,206.502,THROTTLED,3.52
2067,206.602,THROTTLED,3.49
2068,206.702,THROTTLED,3.46
2069,206.802,THROTTLED,3.43
2070,206.902,THROTTLED,3.4
2071,207.002,COMPLETE,10.42
2072,207.102,COMPLETE,7.44
2073,207.202,COMPLETE,4.46
2074,207.302,COMPLETE,1.48
2075,207.402,THROTTLED,1.45
2076,207.502,THROTTLED,1.42
2077,207.602,THROTTLED,1.39
2078,207.702,THROTTLED,1.36
2079,207.802,THROTTLED,1.33
2080,207.902,THROTTLED,1.3
2081,208.002,COMPLETE,8.32
2082,208.102,COMPLETE,5.34
2083,208.202,COMPLETE,2.36
2084,208.302,THROTTLED,2.33
2085,208.402,THROTTLED,2.3
2086,208.502,THROTTLED,2.27
2087,208.602,THROTTLED,2.24
2088,208.702,THROTTLED,2.21
2089,208.802,THROTTLED,2.18
2090,208.902,THROTTLED,2.15
2091,209.002,COMPLETE,9.17
2092,209.102,COMPLETE,6.19
2093,209.202,COMPLETE,3.21
2094,209.302,THROTTLED,3.18
2095,209.402,THROTTLED,3.15
2096,209.502,THROTTLED,3.12
2097,209.602,THROTTLED,3.09
2098,209.702,THROTTLED,3.06
2099,209.802,THROTTLED,3.03
2100,209.902,THROTTLED,3
2101,210.002,COMPLETE,10.02
2102,210.102,COMPLETE,7.04
2103,210.202,COMPLETE,4.06
2104,210.302,COMPLETE,1.08
2105,210.402,THROTTLED,1.05
2106,210.502,THROTTLED,1.02
2107,210.602,THROTTLED,0.99
2108,210.702,THROTTLED,0.96
2109,210.802,THROTTLED,0.93
2110,210.902,THROTTLED,0.9
2111,211.002,COMPLETE,7.92
2112,211.102,COMPLETE,4.94
2113,211.202,COMPLETE,1.96
2114,211.302,THROTTLED,1.93
2115,211.402,THROTTLED,1.9
2116,211.502,THROTTLED,1.87
2117,211.602,THROTTLED,1.84
2118,211.702,THROTTLED,1.81
2119,211.802,THROTTLED,1.78
2120,211.902,THROTTLED,1.75
2121,212.002,COMPLETE,8.77
2122,212.102,COMPLETE,5.79
2123,212.202,COMPLETE,2.81
2124,212.302,THROTTLED,2.78
2125,212.402,THROTTLED,2.75
2126,212.502,THROTTLED,2.72
2127,212.602,THROTTLED,2.69
2128,212.702,THROTTLED,2.66
2129,212.802,THROTTLED,2.63
2130,212.902,THROTTLED,2.6
2131,213.002,COMPLETE,9.62
2132,213.102,COMPLETE,6.64
2133,213.202,COMPLETE,3.66
2134,213.302,THROTTLED,3.63
2135,213.402,THROTTLED,3.6
2136,213.502,THROTTLED,3.57
2137,213.602,THROTTLED,3.54
2138,213.702,THROTTLED,3.51
2139,213.802,THROTTLED,3.48
2140,213.902,THROTTLED,3.45
2141,214.002,COMPLETE,10.47
2142,214.102,COMPLETE,7.49
2143,214.202,COMPLETE,4.51
2144,214.302,COMPLETE,1.53
2145,214.402,THROTTLED,1.5
2146,214.502,THROTTLED,1.47
2147,214.602,THROTTLED,1.44
2148,214.702,THROTTLED,1.41
2149,214.802,THROTTLED,1.38
2150,214.902,THROTTLED,1.35
2151,215.002,COMPLETE,8.37
2152,215.102,COMPLETE,5.39
2153,215.202,COMPLETE,2.41
2154,215.302,THROTTLED,2.38
2155,215.402,THROTTLED,2.35
2156,215.502,THROTTLED,2.32
2157,215.602,THROTTLED,2.29
2158,215.702,THROTTLED,2.26
2159,215.802,THROTTLED,2.23
2160,215.902,THROTTLED,2.2
2161,216.002,COMPLETE,9.22
2162,216.102,COMPLETE,6.24
2163,216.202,COMPLETE,3.26
2164,216.302,THROTTLED,3.23
2165,216.402,THROTTLED,3.2
2166,216.502,THROTTLED,3.17
2167,216.602,THROTTLED,3.14
2168,216.702,THROTTLED,3.11
2169,216.802,THROTTLED,3.08
2170,216.902,THROTTLED,3.05
2171,217.002,COMPLETE,10.07
2172,217.102,COMPLETE,7.09
2173,217.202,COMPLETE,4.11
2174,217.302,COMPLETE,1.13
2175,217.402,THROTTLED,1.1
2176,217.502,THROTTLED,1.07
2177,217.602,THROTTLED,1.04
2178,217.702,THROTTLED,1.01
2179,217.802,THROTTLED,0.98
2180,217.902,THROTTLED,0.95
2181,218.002,COMPLETE,7.97
2182,218.102,COMPLETE,4.99
2183,218.202,COMPLETE,2.01
2184,218.302,THROTTLED,1.98
2185,218.402,THROTTLED,1.95
2186,218.502,THROTTLED,1.92
2187,218.602,THROTTLED,1.89
2188,218.702,THROTTLED,1.86
2189,218.802,THROTTLED,1.83
2190,218.902,THROTTLED,1.8
2191,219.002,COMPLETE,8.82
2192,219.102,COMPLETE,5.84
2193,219.202,COMPLETE,2.86
2194,219.302,THROTTLED,2.83
2195,219.402,THROTTLED,2.8
2196,219.502,THROTTLED,2.77
2197,219.602,THROTTLED,2.74
2198,219.702,THROTTLED,2.71
2199,219.802,THROTTLED,2.68
2200,219.902,THROTTLED,2.65
2201,220.002,COMPLETE,9.67
2202,220.102,COMPLETE,6.69
2203,220.202,COMPLETE,3.71
2204,220.302,THROTTLED,3.68
2205,220.402,THROTTLED,3.65
2206,220.502,THROTTLED,3.62
2207,220.602,THROTTLED,3.59
2208,220.702,THROTTLED,3.56
2209,220.802,THROTTLED,3.53
2210,220.902,THROTTLED,3.5
2211,221.002,COMPLETE,10.52
2212,221.102,COMPLETE,7.54
2213,221.202,COMPLETE,4.56
2214,221.302,COMPLETE,1.58
2215,221.402,THROTTLED,1.55
2216,221.502,THROTTLED,1.52
2217,221.602,THROTTLED,1.49
2218,221.702,THROTTLED,1.46
2219,221.802,THROTTLED,1.43
2220,221.902,THROTTLED,1.4
2221,222.002,COMPLETE,8.42
2222,222.102,COMPLETE,5.44
2223,222.202,COMPLETE,2.46
2224,222.302,THROTTLED,2.43
2225,222.402,THROTTLED,2.4
2226,222.502,THROTTLED,2.37
2227,222.602,THROTTLED,2.34
2228,222.702,THROTTLED,2.31
2229,222.802,THROTTLED,2.28
2230,222.902,THROTTLED,2.25
2231,223.002,COMPLETE,9.27
2232,223.102,COMPLETE,6.29
2233,223.202,COMPLETE,3.31
2234,223.302,THROTTLED,3.28
2235,223.402,THROTTLED,3.25
2236,223.502,THROTTLED,3.22
2237,223.602,THROTTLED,3.19
2238,223.702,THROTTLED,3.16
2239,223.802,THROTTLED,3.13
2240,223.902,THROTTLED,3.1
2241,224.002,COMPLETE,10.12
2242,224.102,COMPLETE,7.14
2243,224.202,COMPLETE,4.16
2244,224.302,COMPLETE,1.18
2245,224.402,THROTTLED,1.15
2246,224.502,THROTTLED,1.12
2247,224.602,THROTTLED,1.09
2248,224.702,THROTTLED,1.06
2249,224.802,THROTTLED,1.03
2250,224.902,THROTTLED,1
2251,225.002,COMPLETE,8.02
2252,225.102,COMPLETE,5.04
2253,225.202,COMPLETE,2.06
2254,225.302,THROTTLED,2.03
2255,225.402,THROTTLED,2
2256,225.502,THROTTLED,1.97
2257,225.602,THROTTLED,1.94
2258,225.702,THROTTLED,1.91
2259,225.802,THROTTLED,1.88
2260,225.902,THROTTLED,1.85
2261,226.002,COMPLETE,8.87
2262,226.102,COMPLETE,5.89
2263,226.202,COMPLETE,2.91
2264,226.302,THROTTLED,2.88
2265,226.402,THROTTLED,2.85
2266,226.502,THROTTLED,2.82
2267,226.602,THROTTLED,2.79
2268,226.702,THROTTLED,2.76
2269,226.802,THROTTLED,2.73
2270,226.902,THROTTLED,2.7
2271,227.002,COMPLETE,9.72
2272,227.102,COMPLETE,6.74
2273,227.202,COMPLETE,3.76
2274,227.302,THROTTLED,3.73
2275,227.402,THROTTLED,3.7
2276,227.502,THROTTLED,3.67
2277,227.602,THROTTLED,3.64
2278,227.702,THROTTLED,3.61
2279,227.802,THROTTLED,3.58
2280,227.902,THROTTLED,3.55
2281,228.002,COMPLETE,10.57
2282,228.102,COMPLETE,7.59
2283,228.202,COMPLETE,4.61
2284,228.302,COMPLETE,1.63
2285,228.402,THROTTLED,1.6
2286,228.502,THROTTLED,1.57
2287,228.602,THROTTLED,1.54
2288,228.702,THROTTLED,1.51
2289,228.802,THROTTLED,1.48
2290,228.902,THROTTLED,1.45
2291,229.002,COMPLETE,8.47
2292,229.102,COMPLETE,5.49
2293,229.202,COMPLETE,2.51
2294,229.302,THROTTLED,2.48
2295,229.402,THROTTLED,2.45
2296,229.502,THROTTLED,2.42
2297,229.602,THROTTLED,2.39
2298,229.702,THROTTLED,2.36
2299,229.802,THROTTLED,2.33
2300,229.902,THROTTLED,2.3
2301,230.002,COMPLETE,9.32
2302,230.102,COMPLETE,6.34
2303,230.202,COMPLETE,3.36
2304,230.302,THROTTLED,3.33
2305,230.402,THROTTLED,3.3
2306,230.502,THROTTLED,3.27
2307,230.602,THROTTLED,3.24
2308,230.702,THROTTLED,3.21
2309,230.802,THROTTLED,3.18
2310,230.902,THROTTLED,3.15
2311,231.002,COMPLETE,10.17
2312,231.102,COMPLETE,7.19
2313,231.202,COMPLETE,4.21
2314,231.302,COMPLETE,1.23
2315,231.402,THROTTLED,1.2
2316,231.502,THROTTLED,1.17
2317,231.602,THROTTLED,1.14
2318,231.702,THROTTLED,1.11
2319,231.802,THROTTLED,1.08
2320,231.902,THROTTLED,1.05
2321,232.002,COMPLETE,8.07
2322,232.102,COMPLETE,5.09
2323,232.202,COMPLETE,2.11
2324,232.302,THROTTLED,2.08
2325,232.402,THROTTLED,2.05
2326,232.502,THROTTLED,2.02
2327,232.602,THROTTLED,1.99
2328,232.702,THROTTLED,1.96
2329,232.802,THROTTLED,1.93
2330,232.902,THROTTLED,1.9
2331,233.002,COMPLETE,8.92
2332,233.102,COMPLETE,5.94
2333,233.202,COMPLETE,2.96
2334,233.302,THROTTLED,2.93
2335,233.402,THROTTLED,2.9
2336,233.502,THROTTLED,2.87
2337,233.602,THROTTLED,2.84
2338,233.702,THROTTLED,2.81
2339,233.802,THROTTLED,2.78
2340,233.902,THROTTLED,2.75
2341,234.002,COMPLETE,9.77
2342,234.102,COMPLETE,6.79
2343,234.202,COMPLETE,3.81
2344,234.302,THROTTLED,3.78
2345,234.402,THROTTLED,3.75
2346,234.502,THROTTLED,3.72
2347,234.602,THROTTLED,3.69
2348,234.702,THROTTLED,3.66
2349,234.802,THROTTLED,3.63
2350,234.902,THROTTLED,3.6
2351,235.002,COMPLETE,10.62
2352,235.102,COMPLETE,7.64
2353,235.202,COMPLETE,4.66
2354,235.302,COMPLETE,1.68
2355,235.402,THROTTLED,1.65
2356,235.502,THROTTLED,1.62
2357,235.602,THROTTLED,1.59
2358,235.702,THROTTLED,1.56
2359,235.802,THROTTLED,1.53
2360,235.902,THROTTLED,1.5
2361,236.002,COMPLETE,8.52
2362,236.102,COMPLETE,5.54
2363,236.202,COMPLETE,2.56
2364,236.302,THROTTLED,2.53
2365,236.402,THROTTLED,2.5
2366,236.502,THROTTLED,2.47
2367,236.602,THROTTLED,2.44
2368,236.702,THROTTLED,2.41
2369,236.802,THROTTLED,2.38
2370,236.902,THROTTLED,2.35
2371,237.002,COMPLETE,9.37
2372,237.102,COMPLETE,6.39
2373,237.202,COMPLETE,3.41
2374,237.302,THROTTLED,3.38
2375,237.402,THROTTLED,3.35
2376,237.502,THROTTLED,3.32
2377,237.602,THROTTLED,3.29
2378,237.702,THROTTLED,3.26
2379,237.802,THROTTLED,3.23
2380,237.902,THROTTLED,3.2
2381,238.002,COMPLETE,10.22
2382,238.102,COMPLETE,7.24
2383,238.202,COMPLETE,4.26
2384,238.302,COMPLETE,1.28
2385,238.402,THROTTLED,1.25
2386,238.502,THROTTLED,1.22
2387,238.602,THROTTLED,1.19
2388,238.702,THROTTLED,1.16
2389,238.802,THROTTLED,1.13
2390,238.902,THROTTLED,1.1
2391,239.002,COMPLETE,8.12
2392,239.102,COMPLETE,5.14
2393,239.202,COMPLETE,2.16
2394,239.302,THROTTLED,2.13
2395,239.402,THROTTLED,2.1
2396,239.502,THROTTLED,2.07
2397,239.602,THROTTLED,2.04
2398,239.702,THROTTLED,2.01
2399,239.802,THROTTLED,1.98
2400,239.902,THROTTLED,1.95
2401,240.002,COMPLETE,8.97
2402,240.102,COMPLETE,5.99
2403,240.202,COMPLETE,3.01
2404,240.302,THROTTLED,2.98
2405,240.402,THROTTLED,2.95
2406,240.502,THROTTLED,2.92
2407,240.602,THROTTLED,2.89
2408,240.702,THROTTLED,2.86
2409,240.802,THROTTLED,2.83
2410,240.902,THROTTLED,2.8
2411,241.002,COMPLETE,9.82
2412,241.102,COMPLETE,6.84
2413,241.202,COMPLETE,3.86
2414,241.302,THROTTLED,3.83
2415,241.402,THROTTLED,3.8
2416,241.502,THROTTLED,3.77
2417,241.602,THROTTLED,3.74
2418,241.702,THROTTLED,3.71
2419,241.802,THROTTLED,3.68
2420,241.902,THROTTLED,3.65
2421,242.002,COMPLETE,10.67
2422,242.102,COMPLETE,7.69
2423,242.202,COMPLETE,4.71
2424,242.302,COMPLETE,1.73
2425,242.402,THROTTLED,1.7
2426,242.502,THROTTLED,1.67
2427,242.602,THROTTLED,1.64
2428,242.702,THROTTLED,1.61
2429,242.802,THROTTLED,1.58
2430,242.902,THROTTLED,1.55
2431,243.002,COMPLETE,8.57
2432,243.102,COMPLETE,5.59
2433,243.202,COMPLETE,2.61
2434,243.302,THROTTLED,2.58
2435,243.402,THROTTLED,2.55
2436,243.502,THROTTLED,2.52
2437,243.602,THROTTLED,2.49
2438,243.702,THROTTLED,2.46
2439,243.802,THROTTLED,2.43
2440,243.902,THROTTLED,2.4
2441,244.002,COMPLETE,9.42
2442,244.102,COMPLETE,6.44
2443,244.202,COMPLETE,3.46
2444,244.302,THROTTLED,3.43
2445,244.402,THROTTLED,3.4
2446,244.502,THROTTLED,3.37
2447,244.602,THROTTLED,3.34
2448,244.702,THROTTLED,3.31
2449,244.802,THROTTLED,3.28
2450,244.902,THROTTLED,3.25
2451,245.002,COMPLETE,10.27
2452,245.102,COMPLETE,7.29
2453,245.202,COMPLETE,4.31
2454,245.302,COMPLETE,1.33
2455,245.402,THROTTLED,1.3
2456,245.502,THROTTLED,1.27
2457,245.602,THROTTLED,1.24
2458,245.702,THROTTLED,1.21
2459,245.802,THROTTLED,1.18
2460,245.902,THROTTLED,1.15
2461,246.002,COMPLETE,8.17
2462,246.102,COMPLETE,5.19
2463,246.202,COMPLETE,2.21
2464,246.302,THROTTLED,2.18
2465,246.402,THROTTLED,2.15
2466,246.502,THROTTLED,2.12
2467,246.602,THROTTLED,2.09
2468,246.702,THROTTLED,2.06
2469,246.802,THROTTLED,2.03
2470,246.902,THROTTLED,2
2471,247.002,COMPLETE,9.02
2472,247.102,COMPLETE,6.04
2473,247.202,COMPLETE,3.06
2474,247.302,THROTTLED,3.03
2475,247.402,THROTTLED,3
2476,247.502,THROTTLED,2.97
2477,247.602,THROTTLED,2.94
2478,247.702,THROTTLED,2.91
2479,247.802,THROTTLED,2.88
2480,247.902,THROTTLED,2.85
2481,248.002,COMPLETE,9.87
2482,248.102,COMPLETE,6.89
2483,248.202,COMPLETE,3.91
2484,248.302,THROTTLED,3.88
2485,248.402,THROTTLED,3.85
2486,248.502,THROTTLED,3.82
2487,248.602,THROTTLED,3.79
2488,248.702,THROTTLED,3.76
2489,248.802,THROTTLED,3.73
2490,248.902,THROTTLED,3.7
2491,249.002,COMPLETE,10.72
2492,249.102,COMPLETE,7.74
2493,249.202,COMPLETE,4.76
2494,249.302,COMPLETE,1.78
2495,249.402,THROTTLED,1.75
2496,249.502,THROTTLED,1.72
2497,249.602,THROTTLED,1.69
2498,249.702,THROTTLED,1.66
2499,249.802,THROTTLED,1.63
2500,249.902,THROTTLED,1.6
2501,250.002,COMPLETE,8.62
2502,250.102,COMPLETE,5.64
2503,250.202,COMPLETE,2.66
2504,250.302,THROTTLED,2.63
2505,250.402,THROTTLED,2.6
2506,250.502,THROTTLED,2.57
2507,250.602,THROTTLED,2.54
2508,250.702,THROTTLED,2.51
2509,250.802,THROTTLED,2.48
2510,250.902,THROTTLED,2.45
2511,251.002,COMPLETE,9.47
2512,251.102,COMPLETE,6.49
2513,251.202,COMPLETE,3.51
2514,251.302,THROTTLED,3.48
2515,251.402,THROTTLED,3.45
2516,251.502,THROTTLED,3.42
2517,251.602,THROTTLED,3.39
2518,251.702,THROTTLED,3.36
2519,251.802,THROTTLED,3.33
2520,251.902,THROTTLED,3.3
2521,252.002,COMPLETE,10.32
2522,252.102,COMPLETE,7.34
2523,252.202,COMPLETE,4.36
2524,252.302,COMPLETE,1.38
2525,252.402,THROTTLED,1.35
2526,252.502,THROTTLED,1.32
2527,252.602,THROTTLED,1.29
2528,252.702,THROTTLED,1.26
2529,252.802,THROTTLED,1.23
2530,252.902,THROTTLED,1.2
2531,253.002,COMPLETE,8.22
2532,253.102,COMPLETE,5.24
2533,253.202,COMPLETE,2.26
2534,253.302,THROTTLED,2.23
2535,253.402,THROTTLED,2.2
2536,253.502,THROTTLED,2.17
2537,253.602,THROTTLED,2.14
2538,253.702,THROTTLED,2.11
2539,253.802,THROTTLED,2.08
2540,253.902,THROTTLED,2.05
2541,254.002,COMPLETE,9.07
2542,254.102,COMPLETE,6.09
2543,254.202,COMPLETE,3.11
2544,254.302,THROTTLED,3.08
2545,254.402,THROTTLED,3.05
2546,254.502,THROTTLED,3.02
2547,254.602,THROTTLED,2.99
2548,254.702,THROTTLED,2.96
2549,254.802,THROTTLED,2.93
2550,254.902,THROTTLED,2.9
2551,255.002,COMPLETE,9.92
2552,255.102,COMPLETE,6.94
2553,255.202,COMPLETE,3.96
2554,255.302,THROTTLED,3.93
2555,255.402,THROTTLED,3.9
2556,255.502,THROTTLED,3.87
2557,255.602,THROTTLED,3.84
2558,255.702,THROTTLED,3.81
2559,255.802,THROTTLED,3.78
2560,255.902,THROTTLED,3.75
2561,256.002,COMPLETE,10.77
2562,256.102,COMPLETE,7.79
2563,256.202,COMPLETE,4.81
2564,256.302,COMPLETE,1.83
2565,256.402,THROTTLED,1.8
2566,256.502,THROTTLED,1.77
2567,256.602,THROTTLED,1.74
2568,256.702,THROTTLED,1.71
2569,256.802,THROTTLED,1.68
2570,256.902,THROTTLED,1.65
2571,257.002,COMPLETE,8.67
2572,257.102,COMPLETE,5.69
2573,257.202,COMPLETE,2.71
2574,257.302,THROTTLED,2.68
2575,257.402,THROTTLED,2.65
2576,257.502,THROTTLED,2.62
2577,257.602,THROTTLED,2.59
2578,257.702,THROTTLED,2.56
2579,257.802,THROTTLED,2.53
2580,257.902,THROTTLED,2.5
2581,258.002,COMPLETE,9.52
2582,258.102,COMPLETE,6.54
2583,258.202,COMPLETE,3.56
2584,258.302,THROTTLED,3.53
2585,258.402,THROTTLED,3.5
2586,258.502,THROTTLED,3.47
2587,258.602,THROTTLED,3.44
2588,258.702,THROTTLED,3.41
2589,258.802,THROTTLED,3.38
2590,258.902,THROTTLED,3.35
2591,259.002,COMPLETE,10.37
2592,259.102,COMPLETE,7.39
2593,259.202,COMPLETE,4.41
2594,259.302,COMPLETE,1.43
2595,259.402,THROTTLED,1.4
2596,259.502,THROTTLED,1.37
2597,259.602,THROTTLED,1.34
2598,259.702,THROTTLED,1.31
2599,259.802,THROTTLED,1.28
2600,259.902,THROTTLED,1.25
2601,260.002,COMPLETE,8.27
2602,260.102,COMPLETE,5.29
2603,260.202,COMPLETE,2.31
2604,260.302,THROTTLED,2.28
2605,260.402,THROTTLED,2.25
2606,260.502,THROTTLED,2.22
2607,260.602,THROTTLED,2.19
2608,260.702,THROTTLED,2.16
2609,260.802,THROTTLED,2.13
2610,260.902,THROTTLED,2.1
2611,261.002,COMPLETE,9.12
2612,261.102,COMPLETE,6.14
2613,261.202,COMPLETE,3.16
2614,261.302,THROTTLED,3.13
2615,261.402,THROTTLED,3.1
2616,261.502,THROTTLED,3.07
2617,261.602,THROTTLED,3.04
2618,261.702,THROTTLED,3.01
2619,261.802,THROTTLED,2.98
2620,261.902,THROTTLED,2.95
2621,262.002,COMPLETE,9.97
2622,262.102,COMPLETE,6.99
2623,262.202,COMPLETE,4.01
2624,262.302,THROTTLED,3.98
2625,262.402,THROTTLED,3.95
2626,262.502,THROTTLED,3.92
2627,262.602,THROTTLED,3.89
2628,262.702,THROTTLED,3.86
2629,262.802,THROTTLED,3.83
2630,262.902,THROTTLED,3.8
2631,263.002,COMPLETE,10.82
2632,263.102,COMPLETE,7.84
2633,263.202,COMPLETE,4.86
2634,263.302,COMPLETE,1.88
2635,263.402,THROTTLED,1.85
2636,263.502,THROTTLED,1.82
2637,263.602,THROTTLED,1.79
2638,263.702,THROTTLED,1.76
2639,263.802,THROTTLED,1.73
2640,263.902,THROTTLED,1.7
2641,264.002,COMPLETE,8.72
2642,264.102,COMPLETE,5.74
2643,264.202,COMPLETE,2.76
2644,264.302,THROTTLED,2.73
2645,264.402,THROTTLED,2.7
2646,264.502,THROTTLED,2.67
2647,264.602,THROTTLED,2.64
2648,264.702,THROTTLED,2.61
2649,264.802,THROTTLED,2.58
2650,264.902,THROTTLED,2.55
2651,265.002,COMPLETE,9.57
2652,265.102,COMPLETE,6.59
2653,265.202,COMPLETE,3.61
2654,265.302,THROTTLED,3.58
2655,265.402,THROTTLED,3.55
2656,265.502,THROTTLED,3.52
2657,265.602,THROTTLED,3.49
2658,265.702,THROTTLED,3.46
2659,265.802,THROTTLED,3.43
2660,265.902,THROTTLED,3.4
2661,266.002,COMPLETE,10.42
2662,266.102,COMPLETE,7.44
2663,266.202,COMPLETE,4.46
2664,266.302,COMPLETE,1.48
2665,266.402,THROTTLED,1.45
2666,266.502,THROTTLED,1.42
2667,266.602,THROTTLED,1.39
2668,266.702,THROTTLED,1.36
2669,266.802,THROTTLED,1.33
2670,266.902,THROTTLED,1.3
2671,267.002,COMPLETE,8.32
2672,267.102,COMPLETE,5.34
2673,267.202,COMPLETE,2.36
2674,267.302,THROTTLED,2.33
2675,267.402,THROTTLED,2.3
2676,267.502,THROTTLED,2.27
2677,267.602,THROTTLED,2.24
2678,267.702,THROTTLED,2.21
2679,267.802,THROTTLED,2.18
2680,267.902,THROTTLED,2.15
2681,268.002,COMPLETE,9.17
2682,268.102,COMPLETE,6.19
2683,268.202,COMPLETE,3.21
2684,268.302,THROTTLED,3.18
2685,268.402,THROTTLED,3.15
2686,268.502,THROTTLED,3.12
2687,268.602,THROTTLED,3.09
2688,268.702,THROTTLED,3.06
2689,268.802,THROTTLED,3.03
2690,268.902,THROTTLED,3
2691,269.002,COMPLETE,10.02
2692,269.102,COMPLETE,7.04
2693,269.202,COMPLETE,4.06
2694,269.302,COMPLETE,1.08
2695,269.402,THROTTLED,1.05
2696,269.502,THROTTLED,1.02
2697,269.602,THROTTLED,0.99
2698,269.702,THROTTLED,0.96
2699,269.802,THROTTLED,0.93
2700,269.902,THROTTLED,0.9
2701,270.002,COMPLETE,7.92
2702,270.102,COMPLETE,4.94
2703,270.202,COMPLETE,1.96
2704,270.302,THROTTLED,1.93
2705,270.402,THROTTLED,1.9
2706,270.502,THROTTLED,1.87
2707,270.602,THROTTLED,1.84
2708,270.702,THROTTLED,1.81
2709,270.802,THROTTLED,1.78
2710,270.902,THROTTLED,1.75
2711,271.002,COMPLETE,8.77
2712,271.102,COMPLETE,5.79
2713,271.202,COMPLETE,2.81
2714,271.302,THROTTLED,2.78
2715,271.402,THROTTLED,2.75
2716,271.502,THROTTLED,2.72
2717,271.602,THROTTLED,2.69
2718,271.702,THROTTLED,2.66
2719,271.802,THROTTLED,2.63
2720,271.902,THROTTLED,2.6
2721,272.002,COMPLETE,9.62
2722,272.102,COMPLETE,6.64
2723,272.202,COMPLETE,3.66
2724,272.302,THROTTLED,3.63
2725,272.402,THROTTLED,3.6
2726,272.502,THROTTLED,3.57
2727,272.602,THROTTLED,3.54
2728,272.702,THROTTLED,3.51
2729,272.802,THROTTLED,3.48
2730,272.902,THROTTLED,3.45
2731,273.002,COMPLETE,10.47
2732,273.102,COMPLETE,7.49
2733,273.202,COMPLETE,4.51
2734,273.302,COMPLETE,1.53
2735,273.402,THROTTLED,1.5
2736,273.502,THROTTLED,1.47
2737,273.602,THROTTLED,1.44
2738,273.702,THROTTLED,1.41
2739,273.802,THROTTLED,1.38
2740,273.902,THROTTLED,1.35
2741,274.002,COMPLETE,8.37
2742,274.102,COMPLETE,5.39
2743,274.202,COMPLETE,2.41
2744,274.302,THROTTLED,2.38
2745,274.402,THROTTLED,2.35
2746,274.502,THROTTLED,2.32
2747,274.602,THROTTLED,2.29
2748,274.702,THROTTLED,2.26
2749,274.802,THROTTLED,2.23
2750,274.902,THROTTLED,2.2
2751,275.002,COMPLETE,9.22
2752,275.102,COMPLETE,6.24
2753,275.202,COMPLETE,3.26
2754,275.302,THROTTLED,3.23
2755,275.402,THROTTLED,3.2
2756,275.502,THROTTLED,3.17
2757,275.602,THROTTLED,3.14
2758,275.702,THROTTLED,3.11
2759,275.802,THROTTLED,3.08
2760,275.902,THROTTLED,3.05
2761,276.002,COMPLETE,10.07
2762,276.102,COMPLETE,7.09
2763,276.202,COMPLETE,4.11
2764,276.302,COMPLETE,1.13
2765,276.402,THROTTLED,1.1
2766,276.502,THROTTLED,1.07
2767,276.602,THROTTLED,1.04
2768,276.702,THROTTLED,1.01
2769,276.802,THROTTLED,0.98
2770,276.902,THROTTLED,0.95
2771,277.002,COMPLETE,7.97
2772,277.102,COMPLETE,4.99
2773,277.202,COMPLETE,2.01
2774,277.302,THROTTLED,1.98
2775,277.402,THROTTLED,1.95
2776,277.502,THROTTLED,1.92
2777,277.602,THROTTLED,1.89
2778,277.702,THROTTLED,1.86
2779,277.802,THROTTLED,1.83
2780,277.902,THROTTLED,1.8
2781,278.002,COMPLETE,8.82
2782,278.102,COMPLETE,5.84
2783,278.202,COMPLETE,2.86
2784,278.302,THROTTLED,2.83
2785,278.402,THROTTLED,2.8
2786,278.502,THROTTLED,2.77
2787,278.602,THROTTLED,2.74
2788,278.702,THROTTLED,2.71
2789,278.802,THROTTLED,2.68
2790,278.902,THROTTLED,2.65
2791,279.002,COMPLETE,9.67
2792,279.102,COMPLETE,6.69
2793,279.202,COMPLETE,3.71
2794,279.302,THROTTLED,3.68
2795,279.402,THROTTLED,3.65
2796,279.502,THROTTLED,3.62
2797,279.602,THROTTLED,3.59
2798,279.702,THROTTLED,3.56
2799,279.802,THROTTLED,3.53
2800,279.902,THROTTLED,3.5
2801,280.002,COMPLETE,10.52
2802,280.102,COMPLETE,7.54
2803,280.202,COMPLETE,4.56
2804,280.302,COMPLETE,1.58
2805,280.402,THROTTLED,1.55
2806,280.502,THROTTLED,1.52
2807,280.602,THROTTLED,1.49
2808,280.702,THROTTLED,1.46
2809,280.802,THROTTLED,1.43
2810,280.902,THROTTLED,1.4
2811,281.002,COMPLETE,8.42
2812,281.102,COMPLETE,5.44
2813,281.202,COMPLETE,2.46
2814,281.302,THROTTLED,2.43
2815,281.402,THROTTLED,2.4
2816,281.502,THROTTLED,2.37
2817,281.602,THROTTLED,2.34
2818,281.702,THROTTLED,2.31
2819,281.802,THROTTLED,2.28
2820,281.902,THROTTLED,2.25
2821,282.002,COMPLETE,9.27
2822,282.102,COMPLETE,6.29
2823,282.202,COMPLETE,3.31
2824,282.302,THROTTLED,3.28
2825,282.402,THROTTLED,3.25
2826,282.502,THROTTLED,3.22
2827,282.602,THROTTLED,3.19
2828,282.702,THROTTLED,3.16
2829,282.802,THROTTLED,3.13
2830,282.902,THROTTLED,3.1
2831,283.002,COMPLETE,10.12
2832,283.102,COMPLETE,7.14
2833,283.202,COMPLETE,4.16
2834,283.302,COMPLETE,1.18
2835,283.402,THROTTLED,1.15
2836,283.502,THROTTLED,1.12
2837,283.602,THROTTLED,1.09
2838,283.702,THROTTLED,1.06
2839,283.802,THROTTLED,1.03
2840,283.902,THROTTLED,1
2841,284.002,COMPLETE,8.02
2842,284.102,COMPLETE,5.04
2843,284.202,COMPLETE,2.06
2844,284.302,THROTTLED,2.03
2845,284.402,THROTTLED,2
2846,284.502,THROTTLED,1.97
2847,284.602,THROTTLED,1.94
2848,284.702,THROTTLED,1.91
2849,284.802,THROTTLED,1.88
2850,284.902,THROTTLED,1.85
2851,285.002,COMPLETE,8.87
2852,285.102,COMPLETE,5.89
2853,285.202,COMPLETE,2.91
2854,285.302,THROTTLED,2.88
2855,285.402,THROTTLED,2.85
2856,285.502,THROTTLED,2.82
2857,285.602,THROTTLED,2.79
2858,285.702,THROTTLED,2.76
2859,285.802,THROTTLED,2.73
2860,285.902,THROTTLED,2.7
2861,286.002,COMPLETE,9.72
2862,286.102,COMPLETE,6.74
2863,286.202,COMPLETE,3.76
2864,286.302,THROTTLED,3.73
2865,286.402,THROTTLED,3.7
2866,286.502,THROTTLED,3.67
2867,286.602,THROTTLED,3.64
2868,286.702,THROTTLED,3.61
2869,286.802,THROTTLED,3.58
2870,286.902,THROTTLED,3.55
2871,287.002,COMPLETE,10.57
2872,287.102,COMPLETE,7.59
2873,287.202,COMPLETE,4.61
2874,287.302,COMPLETE,1.63
2875,287.402,THROTTLED,1.6
2876,287.502,THROTTLED,1.57
2877,287.602,THROTTLED,1.54
2878,287.702,THROTTLED,1.51
2879,287.802,THROTTLED,1.48
2880,287.902,THROTTLED,1.45
2881,288.002,COMPLETE,8.47
2882,288.102,COMPLETE,5.49
2883,288.202,COMPLETE,2.51
2884,288.302,THROTTLED,2.48
2885,288.402,THROTTLED,2.45
2886,288.502,THROTTLED,2.42
2887,288.602,THROTTLED,2.39
2888,288.702,THROTTLED,2.36
2889,288.802,THROTTLED,2.33
2890,288.902,THROTTLED,2.3
2891,289.002,COMPLETE,9.32
2892,289.102,COMPLETE,6.34
2893,289.202,COMPLETE,3.36
2894,289.302,THROTTLED,3.33
2895,289.402,THROTTLED,3.3
2896,289.502,THROTTLED,3.27
2897,289.602,THROTTLED,3.24
2898,289.702,THROTTLED,3.21
2899,289.802,THROTTLED,3.18
2900,289.902,THROTTLED,3.15
2901,290.002,COMPLETE,10.17
2902,290.102,COMPLETE,7.19
2903,290.202,COMPLETE,4.21
2904,290.302,COMPLETE,1.23
2905,290.402,THROTTLED,1.2
2906,290.502,THROTTLED,1.17
2907,290.602,THROTTLED,1.14
2908,290.702,THROTTLED,1.11
2909,290.802,THROTTLED,1.08
2910,290.902,THROTTLED,1.05
2911,291.002,COMPLETE,8.07
2912,291.102,COMPLETE,5.09
2913,291.202,COMPLETE,2.11
2914,291.302,THROTTLED,2.08
2915,291.402,THROTTLED,2.05
2916,291.502,THROTTLED,2.02
2917,291.602,THROTTLED,1.99
2918,291.702,THROTTLED,1.96
2919,291.802,THROTTLED,1.93
2920,291.902,THROTTLED,1.9
2921,292.002,COMPLETE,8.92
2922,292.102,COMPLETE,5.94
2923,292.202,COMPLETE,2.96
2924,292.302,THROTTLED,2.93
2925,292.402,THROTTLED,2.9
2926,292.502,THROTTLED,2.87
2927,292.602,THROTTLED,2.84
2928,292.702,THROTTLED,2.81
2929,292.802,THROTTLED,2.78
2930,292.902,THROTTLED,2.75
2931,293.002,COMPLETE,9.77
2932,293.102,COMPLETE,6.79
2933,293.202,COMPLETE,3.81
2934,293.302,THROTTLED,3.78
2935,293.402,THROTTLED,3.75
2936,293.502,THROTTLED,3.72
2937,293.602,THROTTLED,3.69
2938,293.702,THROTTLED,3.66
2939,293.802,THROTTLED,3.63
2940,293.902,THROTTLED,3.6
2941,294.002,COMPLETE,10.62
2942,294.102,COMPLETE,7.64
2943,294.202,COMPLETE,4.66
2944,294.302,COMPLETE,1.68
2945,294.402,THROTTLED,1.65
2946,294.502,THROTTLED,1.62
2947,294.602,THROTTLED,1.59
2948,294.702,THROTTLED,1.56
2949,294.802,THROTTLED,1.53
2950,294.902,THROTTLED,1.5
2951,295.002,COMPLETE,8.52
2952,295.102,COMPLETE,5.54
2953,295.202,COMPLETE,2.56
2954,295.302,THROTTLED,2.53
2955,295.402,THROTTLED,2.5
2956,295.502,THROTTLED,2.47
2957,295.602,THROTTLED,2.44
2958,295.702,THROTTLED,2.41
2959,295.802,THROTTLED,2.38
2960,295.902,THROTTLED,2.35
2961,296.002,COMPLETE,9.37
2962,296.102,COMPLETE,6.39
2963,296.202,COMPLETE,3.41
2964,296.302,THROTTLED,3.38
2965,296.402,THROTTLED,3.35
2966,296.502,THROTTLED,3.32
2967,296.602,THROTTLED,3.29
2968,296.702,THROTTLED,3.26
2969,296.802,THROTTLED,3.23
2970,296.902,THROTTLED,3.2
2971,297.002,COMPLETE,10.22
2972,297.102,COMPLETE,7.24
2973,297.202,COMPLETE,4.26
2974,297.302,COMPLETE,1.28
2975,297.402,THROTTLED,1.25
2976,297.502,THROTTLED,1.22
2977,297.602,THROTTLED,1.19
2978,297.702,THROTTLED,1.16
2979,297.802,THROTTLED,1.13
2980,297.902,THROTTLED,1.1
2981,298.002,COMPLETE,8.12
2982,298.102,COMPLETE,5.14
2983,298.202,COMPLETE,2.16
2984,298.302,THROTTLED,2.13
2985,298.402,THROTTLED,2.1
2986,298.502,THROTTLED,2.07
2987,298.602,THROTTLED,2.04
2988,298.702,THROTTLED,2.01
2989,298.802,THROTTLED,1.98
2990,298.902,THROTTLED,1.95
2991,299.002,COMPLETE,8.97
2992,299.102,COMPLETE,5.99
2993,299.202,COMPLETE,3.01
2994,299.302,THROTTLED,2.98
2995,299.402,THROTTLED,2.95
2996,299.502,THROTTLED,2.92
2997,299.602,THROTTLED,2.89
2998,299.702,THROTTLED,2.86
2999,299.802,THROTTLED,2.83
3000,299.902,THROTTLED,2.8
3001,300.002,COMPLETE,9.82
3002,300.102,COMPLETE,6.84
3003,300.202,COMPLETE,3.86
3004,300.302,THROTTLED,3.83
3005,300.402,THROTTLED,3.8
3006,300.502,THROTTLED,3.77
3007,300.602,THROTTLED,3.74
3008,300.702,THROTTLED,3.71
3009,300.802,THROTTLED,3.68
3010,300.902,THROTTLED,3.65
3011,301.002,COMPLETE,10.67
3012,301.102,COMPLETE,7.69
3013,301.202,COMPLETE,4.71
3014,301.302,COMPLETE,1.73
3015,301.402,THROTTLED,1.7
3016,301.502,THROTTLED,1.67
3017,301.602,THROTTLED,1.64
3018,301.702,THROTTLED,1.61
3019,301.802,THROTTLED,1.58
3020,301.902,THROTTLED,1.55
3021,302.002,COMPLETE,8.57
3022,302.102,COMPLETE,5.59
3023,302.202,COMPLETE,2.61
3024,302.302,THROTTLED,2.58
3025,302.402,THROTTLED,2.55
3026,302.502,THROTTLED,2.52
3027,302.602,THROTTLED,2.49
3028,302.702,THROTTLED,2.46
3029,302.802,THROTTLED,2.43
3030,302.902,THROTTLED,2.4
3031,303.002,COMPLETE,9.42
3032,303.102,COMPLETE,6.44
3033,303.202,COMPLETE,3.46
3034,303.302,THROTTLED,3.43
3035,303.402,THROTTLED,3.4
3036,303.502,THROTTLED,3.37
3037,303.602,THROTTLED,3.34
3038,303.702,THROTTLED,3.31
3039,303.802,THROTTLED,3.28
3040,303.902,THROTTLED,3.25
3041,304.002,COMPLETE,10.27
3042,304.102,COMPLETE,7.29
3043,304.202,COMPLETE,4.31
3044,304.302,COMPLETE,1.33
3045,304.402,THROTTLED,1.3
3046,304.502,THROTTLED,1.27
3047,304.602,THROTTLED,1.24
3048,304.702,THROTTLED,1.21
3049,304.802,THROTTLED,1.18
3050,304.902,THROTTLED,1.15
3051,305.002,COMPLETE,8.17
3052,305.102,COMPLETE,5.19
3053,305.202,COMPLETE,2.21
3054,305.302,THROTTLED,2.18
3055,305.402,THROTTLED,2.15
3056,305.502,THROTTLED,2.12
3057,305.602,THROTTLED,2.09
3058,305.702,THROTTLED,2.06
3059,305.802,THROTTLED,2.03
3060,305.902,THROTTLED,2
3061,306.002,COMPLETE,9.02
3062,306.102,COMPLETE,6.04
3063,306.202,COMPLETE,3.06
3064,306.302,THROTTLED,3.03
3065,306.402,THROTTLED,3
3066,306.502,THROTTLED,2.97
3067,306.602,THROTTLED,2.94
3068,306.702,THROTTLED,2.91
3069,306.802,THROTTLED,2.88
3070,306.902,THROTTLED,2.85
3071,307.002,COMPLETE,9.87
3072,307.102,COMPLETE,6.89
3073,307.202,COMPLETE,3.91
3074,307.302,THROTTLED,3.88
3075,307.402,THROTTLED,3.85
3076,307.502,THROTTLED,3.82
3077,307.602,THROTTLED,3.79
3078,307.702,THROTTLED,3.76
3079,307.802,THROTTLED,3.73
3080,307.902,THROTTLED,3.7
3081,308.002,COMPLETE,10.72
3082,308.102,COMPLETE,7.74
3083,308.202,COMPLETE,4.76
3084,308.302,COMPLETE,1.78
3085,308.402,THROTTLED,1.75
3086,308.502,THROTTLED,1.72
3087,308.602,THROTTLED,1.69
3088,308.702,THROTTLED,1.66
3089,308.802,THROTTLED,1.63
3090,308.902,THROTTLED,1.6
3091,309.002,COMPLETE,8.62
3092,309.102,COMPLETE,5.64
3093,309.202,COMPLETE,2.66
3094,309.302,THROTTLED,2.63
3095,309.402,THROTTLED,2.6
3096,309.502,THROTTLED,2.57
3097,309.602,THROTTLED,2.54
3098,309.702,THROTTLED,2.51
3099,309.802,THROTTLED,2.48
3100,309.902,THROTTLED,2.45
3101,310.002,COMPLETE,9.47
3102,310.102,COMPLETE,6.49
3103,310.202,COMPLETE,3.51
3104,310.302,THROTTLED,3.48
3105,310.402,THROTTLED,3.45
3106,310.502,THROTTLED,3.42
3107,310.602,THROTTLED,3.39
3108,310.702,THROTTLED,3.36
3109,310.802,THROTTLED,3.33
3110,310.902,THROTTLED,3.3
3111,311.002,COMPLETE,10.32
3112,311.102,COMPLETE,7.34
3113,311.202,COMPLETE,4.36
3114,311.302,COMPLETE,1.38
3115,311.402,THROTTLED,1.35
3116,311.502,THROTTLED,1.32
3117,311.602,THROTTLED,1.29
3118,311.702,THROTTLED,1.26
3119,311.802,THROTTLED,1.23
3120,311.902,THROTTLED,1.2
3121,312.002,COMPLETE,8.22
3122,312.102,COMPLETE,5.24
3123,312.202,COMPLETE,2.26
3124,312.302,THROTTLED,2.23
3125,312.402,THROTTLED,2.2
3126,312.502,THROTTLED,2.17
3127,312.602,THROTTLED,2.14
3128,312.702,THROTTLED,2.11
3129,312.802,THROTTLED,2.08
3130,312.902,THROTTLED,2.05
3131,313.002,COMPLETE,9.07
3132,313.102,COMPLETE,6.09
3133,313.202,COMPLETE,3.11
3134,313.302,THROTTLED,3.08
3135,313.402,THROTTLED,3.05
3136,313.502,THROTTLED,3.02
3137,313.602,THROTTLED,2.99
3138,313.702,THROTTLED,2.96
3139,313.802,THROTTLED,2.93
3140,313.902,THROTTLED,2.9
3141,314.002,COMPLETE,9.92
3142,314.102,COMPLETE,6.94
3143,314.202,COMPLETE,3.96
3144,314.302,THROTTLED,3.93
3145,314.402,THROTTLED,3.9
3146,314.502,THROTTLED,3.87
3147,314.602,THROTTLED,3.84
3148,314.702,THROTTLED,3.81
3149,314.802,THROTTLED,3.78
3150,314.902,THROTTLED,3.75
3151,315.002,COMPLETE,10.77
3152,315.102,COMPLETE,7.79
3153,315.202,COMPLETE,4.81
3154,315.302,COMPLETE,1.83
3155,315.402,THROTTLED,1.8
3156,315.502,THROTTLED,1.77
3157,315.602,THROTTLED,1.74
3158,315.702,THROTTLED,1.71
3159,315.802,THROTTLED,1.68
3160,315.902,THROTTLED,1.65
3161,316.002,COMPLETE,8.67
3162,316.102,COMPLETE,5.69
3163,316.202,COMPLETE,2.71
3164,316.302,THROTTLED,2.68
3165,316.402,THROTTLED,2.65
3166,316.502,THROTTLED,2.62
3167,316.602,THROTTLED,2.59
3168,316.702,THROTTLED,2.56
3169,316.802,THROTTLED,2.53
3170,316.902,THROTTLED,2.5
3171,317.002,COMPLETE,9.52
3172,317.102,COMPLETE,6.54
3173,317.202,COMPLETE,3.56
3174,317.302,THROTTLED,3.53
3175,317.402,THROTTLED,3.5
3176,317.502,THROTTLED,3.47
3177,317.602,THROTTLED,3.44
3178,317.702,THROTTLED,3.41
3179,317.802,THROTTLED,3.38
3180,317.902,THROTTLED,3.35
3181,318.002,COMPLETE,10.37
3182,318.102,COMPLETE,7.39
3183,318.202,COMPLETE,4.41
3184,318.302,COMPLETE,1.43
3185,318.402,THROTTLED,1.4
3186,318.502,THROTTLED,1.37
3187,318.602,THROTTLED,1.34
3188,318.702,THROTTLED,1.31
3189,318.802,THROTTLED,1.28
3190,318.902,THROTTLED,1.25
3191,319.002,COMPLETE,8.27
3192,319.102,COMPLETE,5.29
3193,319.202,COMPLETE,2.31
3194,319.302,THROTTLED,2.28
3195,319.402,THROTTLED,2.25
3196,319.502,THROTTLED,2.22
3197,319.602,THROTTLED,2.19
3198,319.702,THROTTLED,2.16
3199,319.802,THROTTLED,2.13
3200,319.902,THROTTLED,2.1
3201,320.002,COMPLETE,9.12
3202,320.102,COMPLETE,6.14
3203,320.202,COMPLETE,3.16
3204,320.302,THROTTLED,3.13
3205,320.402,THROTTLED,3.1
3206,320.502,THROTTLED,3.07
3207,320.602,THROTTLED,3.04
3208,320.702,THROTTLED,3.01
3209,320.802,THROTTLED,2.98
3210,320.902,THROTTLED,2.95
3211,321.002,COMPLETE,9.97
3212,321.102,COMPLETE,6.99
3213,321.202,COMPLETE,4.01
3214,321.302,THROTTLED,3.98
3215,321.402,THROTTLED,3.95
3216,321.502,THROTTLED,3.92
3217,321.602,THROTTLED,3.89
3218,321.702,THROTTLED,3.86
3219,321.802,THROTTLED,3.83
3220,321.902,THROTTLED,3.8
3221,322.002,COMPLETE,10.82
3222,322.102,COMPLETE,7.84
3223,322.202,COMPLETE,4.86
3224,322.302,COMPLETE,1.88
3225,322.402,THROTTLED,1.85
3226,322.502,THROTTLED,1.82
3227,322.602,THROTTLED,1.79
3228,322.702,THROTTLED,1.76
3229,322.802,THROTTLED,1.73
3230,322.902,THROTTLED,1.7
3231,323.002,COMPLETE,8.72
3232,323.102,COMPLETE,5.74
3233,323.202,COMPLETE,2.76
3234,323.302,THROTTLED,2.73
3235,323.402,THROTTLED,2.7
3236,323.502,THROTTLED,2.67
3237,323.602,THROTTLED,2.64
3238,323.702,THROTTLED,2.61
3239,323.802,THROTTLED,2.58
3240,323.902,THROTTLED,2.55
3241,324.002,COMPLETE,9.57
3242,324.102,COMPLETE,6.59
3243,324.202,COMPLETE,3.61
3244,324.302,THROTTLED,3.58
3245,324.402,THROTTLED,3.55
3246,324.502,THROTTLED,3.52
3247,324.602,THROTTLED,3.49
3248,324.702,THROTTLED,3.46
3249,324.802,THROTTLED,3.43
3250,324.902,THROTTLED,3.4
3251,325.002,COMPLETE,10.42
3252,325.102,COMPLETE,7.44
3253,325.202,COMPLETE,4.46
3254,325.302,COMPLETE,1.48
3255,325.402,THROTTLED,1.45
3256,325.502,THROTTLED,1.42
3257,325.602,THROTTLED,1.39
3258,325.702,THROTTLED,1.36
3259,325.802,THROTTLED,1.33
3260,325.902,THROTTLED,1.3
3261,326.002,COMPLETE,8.32
3262,326.102,COMPLETE,5.34
3263,326.202,COMPLETE,2.36
3264,326.302,THROTTLED,2.33
3265,326.402,THROTTLED,2.3
3266,326.502,THROTTLED,2.27
3267,326.602,THROTTLED,2.24
3268,326.702,THROTTLED,2.21
3269,326.802,THROTTLED,2.18
3270,326.902,THROTTLED,2.15
3271,327.002,COMPLETE,9.17
3272,327.102,COMPLETE,6.19
3273,327.202,COMPLETE,3.21
3274,327.302,THROTTLED,3.18
3275,327.402,THROTTLED,3.15
3276,327.502,THROTTLED,3.12
3277,327.602,THROTTLED,3.09
3278,327.702,THROTTLED,3.06
3279,327.802,THROTTLED,3.03
3280,327.902,THROTTLED,3
3281,328.002,COMPLETE,10.02
3282,328.102,COMPLETE,7.04
3283,328.202,COMPLETE,4.06
3284,328.302,COMPLETE,1.08
3285,328.402,THROTTLED,1.05
3286,328.502,THROTTLED,1.02
3287,328.602,THROTTLED,0.99
3288,328.702,THROTTLED,0.96
3289,328.802,THROTTLED,0.93
3290,328.902,THROTTLED,0.9
3291,329.002,COMPLETE,7.92
3292,329.102,COMPLETE,4.94
3293,329.202,COMPLETE,1.96
3294,329.302,THROTTLED,1.93
3295,329.402,THROTTLED,1.9
3296,329.502,THROTTLED,1.87
3297,329.602,THROTTLED,1.84
3298,329.702,THROTTLED,1.81
3299,329.802,THROTTLED,1.78
3300,329.902,THROTTLED,1.75
3301,330.002,COMPLETE,8.77
3302,330.102,COMPLETE,5.79
3303,330.202,COMPLETE,2.81
3304,330.302,THROTTLED,2.78
3305,330.402,THROTTLED,2.75
3306,330.502,THROTTLED,2.72
3307,330.602,THROTTLED,2.69
3308,330.702,THROTTLED,2.66
3309,330.802,THROTTLED,2.63
3310,330.902,THROTTLED,2.6
3311,331.002,COMPLETE,9.62
3312,331.102,COMPLETE,6.64
3313,331.202,COMPLETE,3.66
3314,331.302,THROTTLED,3.63
3315,331.402,THROTTLED,3.6
3316,331.502,THROTTLED,3.57
3317,331.602,THROTTLED,3.54
3318,331.702,THROTTLED,3.51
3319,331.802,THROTTLED,3.48
3320,331.902,THROTTLED,3.45
3321,332.002,COMPLETE,10.47
3322,332.102,COMPLETE,7.49
3323,332.202,COMPLETE,4.51
3324,332.302,COMPLETE,1.53
3325,332.402,THROTTLED,1.5
3326,332.502,THROTTLED,1.47
3327,332.602,THROTTLED,1.44
3328,332.702,THROTTLED,1.41
3329,332.802,THROTTLED,1.38
3330,332.902,THROTTLED,1.35
3331,333.002,COMPLETE,8.37
3332,333.102,COMPLETE,5.39
3333,333.202,COMPLETE,2.41
3334,333.302,THROTTLED,2.38
3335,333.402,THROTTLED,2.35
3336,333.502,THROTTLED,2.32
3337,333.602,THROTTLED,2.29
3338,333.702,THROTTLED,2.26
3339,333.802,THROTTLED,2.23
3340,333.902,THROTTLED,2.2
3341,334.002,COMPLETE,9.22
3342,334.102,COMPLETE,6.24
3343,334.202,COMPLETE,3.26
3344,334.302,THROTTLED,3.23
3345,334.402,THROTTLED,3.2
3346,334.502,THROTTLED,3.17
3347,334.602,THROTTLED,3.14
3348,334.702,THROTTLED,3.11
3349,334.802,THROTTLED,3.08
3350,334.902,THROTTLED,3.05
3351,335.002,COMPLETE,10.07
3352,335.102,COMPLETE,7.09
3353,335.202,COMPLETE,4.11
3354,335.302,COMPLETE,1.13
3355,335.402,THROTTLED,1.1
3356,335.502,THROTTLED,1.07
3357,335.602,THROTTLED,1.04
3358,335.702,THROTTLED,1.01
3359,335.802,THROTTLED,0.98
3360,335.902,THROTTLED,0.95
3361,336.002,COMPLETE,7.97
3362,336.102,COMPLETE,4.99
3363,336.202,COMPLETE,2.01
3364,336.302,THROTTLED,1.98
3365,336.402,THROTTLED,1.95
3366,336.502,THROTTLED,1.92
3367,336.602,THROTTLED,1.89
3368,336.702,THROTTLED,1.86
3369,336.802,THROTTLED,1.83
3370,336.902,THROTTLED,1.8
3371,337.002,COMPLETE,8.82
3372,337.102,COMPLETE,5.84
3373,337.202,COMPLETE,2.86
3374,337.302,THROTTLED,2.83
3375,337.402,THROTTLED,2.8
3376,337.502,THROTTLED,2.77
3377,337.602,THROTTLED,2.74
3378,337.702,THROTTLED,2.71
3379,337.802,THROTTLED,2.68
3380,337.902,THROTTLED,2.65
3381,338.002,COMPLETE,9.67
3382,338.102,COMPLETE,6.69
3383,338.202,COMPLETE,3.71
3384,338.302,THROTTLED,3.68
3385,338.402,THROTTLED,3.65
3386,338.502,THROTTLED,3.62
3387,338.602,THROTTLED,3.59
3388,338.702,THROTTLED,3.56
3389,338.802,THROTTLED,3.53
3390,338.902,THROTTLED,3.5
3391,339.002,COMPLETE,10.52
3392,339.102,COMPLETE,7.54
3393,339.202,COMPLETE,4.56
3394,339.302,COMPLETE,1.58
3395,339.402,THROTTLED,1.55
3396,339.502,THROTTLED,1.52
3397,339.602,THROTTLED,1.49
3398,339.702,THROTTLED,1.46
3399,339.802,THROTTLED,1.43
3400,339.902,THROTTLED,1.4
3401,340.002,COMPLETE,8.42
3402,340.102,COMPLETE,5.44
3403,340.202,COMPLETE,2.46
3404,340.302,THROTTLED,2.43
3405,340.402,THROTTLED,2.4
3406,340.502,THROTTLED,2.37
3407,340.602,THROTTLED,2.34
3408,340.702,THROTTLED,2.31
3409,340.802,THROTTLED,2.28
3410,340.902,THROTTLED,2.25
3411,341.002,COMPLETE,9.27
3412,341.102,COMPLETE,6.29
3413,341.202,COMPLETE,3.31
3414,341.302,THROTTLED,3.28
3415,341.402,THROTTLED,3.25
3416,341.502,THROTTLED,3.22
3417,341.602,THROTTLED,3.19
3418,341.702,THROTTLED,3.16
3419,341.802,THROTTLED,3.13
3420,341.902,THROTTLED,3.1
3421,342.002,COMPLETE,10.12
3422,342.102,COMPLETE,7.14
3423,342.202,COMPLETE,4.16
3424,342.302,COMPLETE,1.18
3425,342.402,THROTTLED,1.15
3426,342.502,THROTTLED,1.12
3427,342.602,THROTTLED,1.09
3428,342.702,THROTTLED,1.06
3429,342.802,THROTTLED,1.03
3430,342.902,THROTTLED,1
3431,343.002,COMPLETE,8.02
3432,343.102,COMPLETE,5.04
3433,343.202,COMPLETE,2.06
3434,343.302,THROTTLED,2.03
3435,343.402,THROTTLED,2
3436,343.502,THROTTLED,1.97
3437,343.602,THROTTLED,1.94
3438,343.702,THROTTLED,1.91
3439,343.802,THROTTLED,1.88
3440,343.902,THROTTLED,1.85
3441,344.002,COMPLETE,8.87
3442,344.102,COMPLETE,5.89
3443,344.202,COMPLETE,2.91
3444,344.302,THROTTLED,2.88
3445,344.402,THROTTLED,2.85
3446,344.502,THROTTLED,2.82
3447,344.602,THROTTLED,2.79
3448,344.702,THROTTLED,2.76
3449,344.802,THROTTLED,2.73
3450,344.902,THROTTLED,2.7
3451,345.002,COMPLETE,9.72
3452,345.102,COMPLETE,6.74
3453,345.202,COMPLETE,3.76
3454,345.302,THROTTLED,3.73
3455,345.402,THROTTLED,3.7
3456,345.502,THROTTLED,3.67
3457,345.602,THROTTLED,3.64
3458,345.702,THROTTLED,3.61
3459,345.802,THROTTLED,3.58
3460,345.902,THROTTLED,3.55
3461,346.002,COMPLETE,10.57
3462,346.102,COMPLETE,7.59
3463,346.202,COMPLETE,4.61
3464,346.302,COMPLETE,1.63
3465,346.402,THROTTLED,1.6
3466,346.502,THROTTLED,1.57
3467,346.602,THROTTLED,1.54
3468,346.702,THROTTLED,1.51
3469,346.802,THROTTLED,1.48
3470,346.902,THROTTLED,1.45
3471,347.002,COMPLETE,8.47
3472,347.102,COMPLETE,5.49
3473,347.202,COMPLETE,2.51
3474,347.302,THROTTLED,2.48
3475,347.402,THROTTLED,2.45
3476,347.502,THROTTLED,2.42
3477,347.602,THROTTLED,2.39
3478,347.702,THROTTLED,2.36
3479,347.802,THROTTLED,2.33
3480,347.902,THROTTLED,2.3
3481,348.002,COMPLETE,9.32
3482,348.102,COMPLETE,6.34
3483,348.202,COMPLETE,3.36
3484,348.302,THROTTLED,3.33
3485,348.402,THROTTLED,3.3
3486,348.502,THROTTLED,3.27
3487,348.602,THROTTLED,3.24
3488,348.702,THROTTLED,3.21
3489,348.802,THROTTLED,3.18
3490,348.902,THROTTLED,3.15
3491,349.002,COMPLETE,10.17
3492,349.102,COMPLETE,7.19
3493,349.202,COMPLETE,4.21
3494,349.302,COMPLETE,1.23
3495,349.402,THROTTLED,1.2
3496,349.502,THROTTLED,1.17
3497,349.602,THROTTLED,1.14
3498,349.702,THROTTLED,1.11
3499,349.802,THROTTLED,1.08
3500,349.902,THROTTLED,1.05
3501,350.002,COMPLETE,8.07
3502,350.102,COMPLETE,5.09
3503,350.202,COMPLETE,2.11
3504,350.302,THROTTLED,2.08
3505,350.402,THROTTLED,2.05
3506,350.502,THROTTLED,2.02
3507,350.602,THROTTLED,1.99
3508,350.702,THROTTLED,1.96
3509,350.802,THROTTLED,1.93
3510,350.902,THROTTLED,1.9
3511,351.002,COMPLETE,8.92
3512,351.102,COMPLETE,5.94
3513,351.202,COMPLETE,2.96
3514,351.302,THROTTLED,2.93
3515,351.402,THROTTLED,2.9
3516,351.502,THROTTLED,2.87
3517,351.602,THROTTLED,2.84
3518,351.702,THROTTLED,2.81
3519,351.802,THROTTLED,2.78
3520,351.902,THROTTLED,2.75
3521,352.002,COMPLETE,9.77
3522,352.102,COMPLETE,6.79
3523,352.202,COMPLETE,3.81
3524,352.302,THROTTLED,3.78
3525,352.402,THROTTLED,3.75
3526,352.502,THROTTLED,3.72
3527,352.602,THROTTLED,3.69
3528,352.702,THROTTLED,3.66
3529,352.802,THROTTLED,3.63
3530,352.902,THROTTLED,3.6
3531,353.002,COMPLETE,10.62
3532,353.102,COMPLETE,7.64
3533,353.202,COMPLETE,4.66
3534,353.302,COMPLETE,1.68
3535,353.402,THROTTLED,1.65
3536,353.502,THROTTLED,1.62
3537,353.602,THROTTLED,1.59
3538,353.702,THROTTLED,1.56
3539,353.802,THROTTLED,1.53
3540,353.902,THROTTLED,1.5
3541,354.002,COMPLETE,8.52
3542,354.102,COMPLETE,5.54
3543,354.202,COMPLETE,2.56
3544,354.302,THROTTLED,2.53
3545,354.402,THROTTLED,2.5
3546,354.502,THROTTLED,2.47
3547,354.602,THROTTLED,2.44
3548,354.702,THROTTLED,2.41
3549,354.802,THROTTLED,2.38
3550,354.902,THROTTLED,2.35
3551,355.002,COMPLETE,9.37
3552,355.102,COMPLETE,6.39
3553,355.202,COMPLETE,3.41
3554,355.302,THROTTLED,3.38
3555,355.402,THROTTLED,3.35
3556,355.502,THROTTLED,3.32
3557,355.602,THROTTLED,3.29
3558,355.702,THROTTLED,3.26
3559,355.802,THROTTLED,3.23
3560,355.902,THROTTLED,3.2
3561,356.002,COMPLETE,10.22
3562,356.102,COMPLETE,7.24
3563,356.202,COMPLETE,4.26
3564,356.302,COMPLETE,1.28
3565,356.402,THROTTLED,1.25
3566,356.502,THROTTLED,1.22
3567,356.602,THROTTLED,1.19
3568,356.702,THROTTLED,1.16
3569,356.802,THROTTLED,1.13
3570,356.902,THROTTLED,1.1
3571,357.002,COMPLETE,8.12
3572,357.102,COMPLETE,5.14
3573,357.202,COMPLETE,2.16
3574,357.302,THROTTLED,2.13
3575,357.402,THROTTLED,2.1
3576,357.502,THROTTLED,2.07
3577,357.602,THROTTLED,2.04
3578,357.702,THROTTLED,2.01
3579,357.802,THROTTLED,1.98
3580,357.902,THROTTLED,1.95
3581,358.002,COMPLETE,8.97
3582,358.102,COMPLETE,5.99
3583,358.202,COMPLETE,3.01
3584,358.302,THROTTLED,2.98
3585,358.402,THROTTLED,2.95
3586,358.502,THROTTLED,2.92
3587,358.602,THROTTLED,2.89
3588,358.702,THROTTLED,2.86
3589,358.802,THROTTLED,2.83
3590,358.902,THROTTLED,2.8
3591,359.002,COMPLETE,9.82
3592,359.102,COMPLETE,6.84
3593,359.202,COMPLETE,3.86
3594,359.302,THROTTLED,3.83
3595,359.402,THROTTLED,3.8
3596,359.502,THROTTLED,3.77
3597,359.602,THROTTLED,3.74
3598,359.702,THROTTLED,3.71
3599,359.802,THROTTLED,3.68
3600,359.902,THROTTLED,3.65
3601,360.002,COMPLETE,10.67
3602,360.102,COMPLETE,7.69
3603,360.202,COMPLETE,4.71
3604,360.302,COMPLETE,1.73
3605,360.402,THROTTLED,1.7
3606,360.502,THROTTLED,1.67
3607,360.602,THROTTLED,1.64
3608,360.702,THROTTLED,1.61
3609,360.802,THROTTLED,1.58
3610,360.902,THROTTLED,1.55
3611,361.002,COMPLETE,8.57
3612,361.102,COMPLETE,5.59
3613,361.202,COMPLETE,2.61
3614,361.302,THROTTLED,2.58
3615,361.402,THROTTLED,2.55
3616,361.502,THROTTLED,2.52
3617,361.602,THROTTLED,2.49
3618,361.702,THROTTLED,2.46
3619,361.802,THROTTLED,2.43
3620,361.902,THROTTLED,2.4
3621,362.002,COMPLETE,9.42
3622,362.102,COMPLETE,6.44
3623,362.202,COMPLETE,3.46
3624,362.302,THROTTLED,3.43
3625,362.402,THROTTLED,3.4
3626,362.502,THROTTLED,3.37
3627,362.602,THROTTLED,3.34
3628,362.702,THROTTLED,3.31
3629,362.802,THROTTLED,3.28
3630,362.902,THROTTLED,3.25
3631,363.002,COMPLETE,10.27
3632,363.102,COMPLETE,7.29
3633,363.202,COMPLETE,4.31
3634,363.302,COMPLETE,1.33
3635,363.402,THROTTLED,1.3
3636,363.502,THROTTLED,1.27
3637,363.602,THROTTLED,1.24
3638,363.702,THROTTLED,1.21
3639,363.802,THROTTLED,1.18
3640,363.902,THROTTLED,1.15
3641,364.002,COMPLETE,8.17
3642,364.102,COMPLETE,5.19
3643,364.202,COMPLETE,2.21
3644,364.302,THROTTLED,2.18
3645,364.402,THROTTLED,2.15
3646,364.502,THROTTLED,2.12
3647,364.602,THROTTLED,2.09
3648,364.702,THROTTLED,2.06
3649,364.802,THROTTLED,2.03
3650,364.902,THROTTLED,2
3651,365.002,COMPLETE,9.02
3652,365.102,COMPLETE,6.04
3653,365.202,COMPLETE,3.06
3654,365.302,THROTTLED,3.03
3655,365.402,THROTTLED,3
3656,365.502,THROTTLED,2.97
3657,365.602,THROTTLED,2.94
3658,365.702,THROTTLED,2.91
3659,365.802,THROTTLED,2.88
3660,365.902,THROTTLED,2.85
3661,366.002,COMPLETE,9.87
3662,366.102,COMPLETE,6.89
3663,366.202,COMPLETE,3.91
3664,366.302,THROTTLED,3.88
3665,366.402,THROTTLED,3.85
3666,366.502,THROTTLED,3.82
3667,366.602,THROTTLED,3.79
3668,366.702,THROTTLED,3.76
3669,366.802,THROTTLED,3.73
3670,366.902,THROTTLED,3.7
3671,367.002,COMPLETE,10.72
3672,367.102,COMPLETE,7.74
3673,367.202,COMPLETE,4.76
3674,367.302,COMPLETE,1.78
3675,367.402,THROTTLED,1.75
3676,367.502,THROTTLED,1.72
3677,367.602,THROTTLED,1.69
3678,367.702,THROTTLED,1.66
3679,367.802,THROTTLED,1.63
3680,367.902,THROTTLED,1.6
3681,368.002,COMPLETE,8.62
3682,368.102,COMPLETE,5.64
3683,368.202,COMPLETE,2.66
3684,368.302,THROTTLED,2.63
3685,368.402,THROTTLED,2.6
3686,368.502,THROTTLED,2.57
3687,368.602,THROTTLED,2.54
3688,368.702,THROTTLED,2.51
3689,368.802,THROTTLED,2.48
3690,368.902,THROTTLED,2.45
3691,369.002,COMPLETE,9.47
3692,369.102,COMPLETE,6.49
3693,369.202,COMPLETE,3.51
3694,369.302,THROTTLED,3.48
3695,369.402,THROTTLED,3.45
3696,369.502,THROTTLED,3.42
3697,369.602,THROTTLED,3.39
3698,369.702,THROTTLED,3.36
3699,369.802,THROTTLED,3.33
3700,369.902,THROTTLED,3.3
3701,370.002,COMPLETE,10.32
3702,370.102,COMPLETE,7.34
3703,370.202,COMPLETE,4.36
3704,370.302,COMPLETE,1.38
3705,370.402,THROTTLED,1.35
3706,370.502,THROTTLED,1.32
3707,370.602,THROTTLED,1.29
3708,370.702,THROTTLED,1.26
3709,370.802,THROTTLED,1.23
3710,370.902,THROTTLED,1.2
3711,371.002,COMPLETE,8.22
3712,371.102,COMPLETE,5.24
3713,371.202,COMPLETE,2.26
3714,371.302,THROTTLED,2.23
3715,371.402,THROTTLED,2.2
3716,371.502,THROTTLED,2.17
3717,371.602,THROTTLED,2.14
3718,371.702,THROTTLED,2.11
3719,371.802,THROTTLED,2.08
3720,371.902,THROTTLED,2.05
3721,372.002,COMPLETE,9.07
3722,372.102,COMPLETE,6.09
3723,372.202,COMPLETE,3.11
3724,372.302,THROTTLED,3.08
3725,372.402,THROTTLED,3.05
3726,372.502,THROTTLED,3.02
3727,372.602,THROTTLED,2.99
3728,372.702,THROTTLED,2.96
3729,372.802,THROTTLED,2.93
3730,372.902,THROTTLED,2.9
3731,373.002,COMPLETE,9.92
3732,373.102,COMPLETE,6.94
3733,373.202,COMPLETE,3.96
3734,373.302,THROTTLED,3.93
3735,373.402,THROTTLED,3.9
3736,373.502,THROTTLED,3.87
3737,373.602,THROTTLED,3.84
3738,373.702,THROTTLED,3.81
3739,373.802,THROTTLED,3.78
3740,373.902,THROTTLED,3.75
3741,374.002,COMPLETE,10.77
3742,374.102,COMPLETE,7.79
3743,374.202,COMPLETE,4.81
3744,374.302,COMPLETE,1.83
3745,374.402,THROTTLED,1.8
3746,374.502,THROTTLED,1.77
3747,374.602,THROTTLED,1.74
3748,374.702,THROTTLED,1.71
3749,374.802,THROTTLED,1.68
3750,374.902,THROTTLED,1.65
3751,375.002,COMPLETE,8.67
3752,375.102,COMPLETE,5.69
3753,375.202,COMPLETE,2.71
3754,375.302,THROTTLED,2.68
3755,375.402,THROTTLED,2.65
3756,375.502,THROTTLED,2.62
3757,375.602,THROTTLED,2.59
3758,375.702,THROTTLED,2.56
3759,375.802,THROTTLED,2.53
3760,375.902,THROTTLED,2.5
3761,376.002,COMPLETE,9.52
3762,376.102,COMPLETE,6.54
3763,376.202,COMPLETE,3.56
3764,376.302,THROTTLED,3.53
3765,376.402,THROTTLED,3.5
3766,376.502,THROTTLED,3.47
3767,376.602,THROTTLED,3.44
3768,376.702,THROTTLED,3.41
3769,376.802,THROTTLED,3.38
3770,376.902,THROTTLED,3.35
3771,377.002,COMPLETE,10.37
3772,377.102,COMPLETE,7.39
3773,377.202,COMPLETE,4.41
3774,377.302,COMPLETE,1.43
3775,377.402,THROTTLED,1.4
3776,377.502,THROTTLED,1.37
3777,377.602,THROTTLED,1.34
3778,377.702,THROTTLED,1.31
3779,377.802,THROTTLED,1.28
3780,377.902,THROTTLED,1.25
3781,378.002,COMPLETE,8.27
3782,378.102,COMPLETE,5.29
3783,378.202,COMPLETE,2.31
3784,378.302,THROTTLED,2.28
3785,378.402,THROTTLED,2.25
3786,378.502,THROTTLED,2.22
3787,378.602,THROTTLED,2.19
3788,378.702,THROTTLED,2.16
3789,378.802,THROTTLED,2.13
3790,378.902,THROTTLED,2.1
3791,379.002,COMPLETE,9.12
3792,379.102,COMPLETE,6.14
3793,379.202,COMPLETE,3.16
3794,379.302,THROTTLED,3.13
3795,379.402,THROTTLED,3.1
3796,379.502,THROTTLED,3.07
3797,379.602,THROTTLED,3.04
3798,379.702,THROTTLED,3.01
3799,379.802,THROTTLED,2.98
3800,379.902,THROTTLED,2.95
3801,380.002,COMPLETE,9.97
3802,380.102,COMPLETE,6.99
3803,380.202,COMPLETE,4.01
3804,380.302,THROTTLED,3.98
3805,380.402,THROTTLED,3.95
3806,380.502,THROTTLED,3.92
3807,380.602,THROTTLED,3.89
3808,380.702,THROTTLED,3.86
3809,380.802,THROTTLED,3.83
3810,380.902,THROTTLED,3.8
3811,381.002,COMPLETE,10.82
3812,381.102,COMPLETE,7.84
3813,381.202,COMPLETE,4.86
3814,381.302,COMPLETE,1.88
3815,381.402,THROTTLED,1.85
3816,381.502,THROTTLED,1.82
3817,381.602,THROTTLED,1.79
3818,381.702,THROTTLED,1.76
3819,381.802,THROTTLED,1.73
3820,381.902,THROTTLED,1.7
3821,382.002,COMPLETE,8.72
3822,382.102,COMPLETE,5.74
3823,382.202,COMPLETE,2.76
3824,382.302,THROTTLED,2.73
3825,382.402,THROTTLED,2.7
3826,382.502,THROTTLED,2.67
3827,382.602,THROTTLED,2.64
3828,382.702,THROTTLED,2.61
3829,382.802,THROTTLED,2.58
3830,382.902,THROTTLED,2.55
3831,383.002,COMPLETE,9.57
3832,383.102,COMPLETE,6.59
3833,383.202,COMPLETE,3.61
3834,383.302,THROTTLED,3.58
3835,383.402,THROTTLED,3.55
3836,383.502,THROTTLED,3.52
3837,383.602,THROTTLED,3.49
3838,383.702,THROTTLED,3.46
3839,383.802,THROTTLED,3.43
3840,383.902,THROTTLED,3.4
3841,384.002,COMPLETE,10.42
3842,384.102,COMPLETE,7.44
3843,384.202,COMPLETE,4.46
3844,384.302,COMPLETE,1.48
3845,384.402,THROTTLED,1.45
3846,384.502,THROTTLED,1.42
3847,384.602,THROTTLED,1.39
3848,384.702,THROTTLED,1.36
3849,384.802,THROTTLED,1.33
3850,384.902,THROTTLED,1.3
3851,385.002,COMPLETE,8.32
3852,385.102,COMPLETE,5.34
3853,385.202,COMPLETE,2.36
3854,385.302,THROTTLED,2.33
3855,385.402,THROTTLED,2.3
3856,385.502,THROTTLED,2.27
3857,385.602,THROTTLED,2.24
3858,385.702,THROTTLED,2.21
3859,385.802,THROTTLED,2.18
3860,385.902,THROTTLED,2.15
3861,386.002,COMPLETE,9.17
3862,386.102,COMPLETE,6.19
3863,386.202,COMPLETE,3.21
3864,386.302,THROTTLED,3.18
3865,386.402,THROTTLED,3.15
3866,386.502,THROTTLED,3.12
3867,386.602,THROTTLED,3.09
3868,386.702,THROTTLED,3.06
3869,386.802,THROTTLED,3.03
3870,386.902,THROTTLED,3
3871,387.002,COMPLETE,10.02
3872,387.102,COMPLETE,7.04
3873,387.202,COMPLETE,4.06
3874,387.302,COMPLETE,1.08
3875,387.402,THROTTLED,1.05
3876,387.502,THROTTLED,1.02
3877,387.602,THROTTLED,0.99
3878,387.702,THROTTLED,0.96
3879,387.802,THROTTLED,0.93
3880,387.902,THROTTLED,0.9
3881,388.002,COMPLETE,7.92
3882,388.102,COMPLETE,4.94
3883,388.202,COMPLETE,1.96
3884,388.302,THROTTLED,1.93
3885,388.402,THROTTLED,1.9
3886,388.502,THROTTLED,1.87
3887,388.602,THROTTLED,1.84
3888,388.702,THROTTLED,1.81
3889,388.802,THROTTLED,1.78
3890,388.902,THROTTLED,1.75
3891,389.002,COMPLETE,8.77
3892,389.102,COMPLETE,5.79
3893,389.202,COMPLETE,2.81
3894,389.302,THROTTLED,2.78
3895,389.402,THROTTLED,2.75
3896,389.502,THROTTLED,2.72
3897,389.602,THROTTLED,2.69
3898,389.702,THROTTLED,2.66
3899,389.802,THROTTLED,2.63
3900,389.902,THROTTLED,2.6
3901,390.002,COMPLETE,9.62
3902,390.102,COMPLETE,6.64
3903,390.202,COMPLETE,3.66
3904,390.302,THROTTLED,3.63
3905,390.402,THROTTLED,3.6
3906,390.502,THROTTLED,3.57
3907,390.602,THROTTLED,3.54
3908,390.702,THROTTLED,3.51
3909,390.802,THROTTLED,3.48
3910,390.902,THROTTLED,3.45
3911,391.002,COMPLETE,10.47
3912,391.102,COMPLETE,7.49
3913,391.202,COMPLETE,4.51
3914,391.302,COMPLETE,1.53
3915,391.402,THROTTLED,1.5
3916,391.502,THROTTLED,1.47
3917,391.602,THROTTLED,1.44
3918,391.702,THROTTLED,1.41
3919,391.802,THROTTLED,1.38
3920,391.902,THROTTLED,1.35
3921,392.002,COMPLETE,8.37
3922,392.102,COMPLETE,5.39
3923,392.202,COMPLETE,2.41
3924,392.302,THROTTLED,2.38
3925,392.402,THROTTLED,2.35
3926,392.502,THROTTLED,2.32
3927,392.602,THROTTLED,2.29
3928,392.702,THROTTLED,2.26
3929,392.802,THROTTLED,2.23
3930,392.902,THROTTLED,2.2
3931,393.002,COMPLETE,9.22
3932,393.102,COMPLETE,6.24
3933,393.202,COMPLETE,3.26
3934,393.302,THROTTLED,3.23
3935,393.402,THROTTLED,3.2
3936,393.502,THROTTLED,3.17
3937,393.602,THROTTLED,3.14
3938,393.702,THROTTLED,3.11
3939,393.802,THROTTLED,3.08
3940,393.902,THROTTLED,3.05
3941,394.002,COMPLETE,10.07
3942,394.102,COMPLETE,7.09
3943,394.202,COMPLETE,4.11
3944,394.302,COMPLETE,1.13
3945,394.402,THROTTLED,1.1
3946,394.502,THROTTLED,1.07
3947,394.602,THROTTLED,1.04
3948,394.702,THROTTLED,1.01
3949,394.802,THROTTLED,0.98
3950,394.902,THROTTLED,0.95
3951,395.002,COMPLETE,7.97
3952,395.102,COMPLETE,4.99
3953,395.202,COMPLETE,2.01
3954,395.302,THROTTLED,1.98
3955,395.402,THROTTLED,1.95
3956,395.502,THROTTLED,1.92
3957,395.602,THROTTLED,1.89
3958,395.702,THROTTLED,1.86
3959,395.802,THROTTLED,1.83
3960,395.902,THROTTLED,1.8
3961,396.002,COMPLETE,8.82
3962,396.102,COMPLETE,5.84
3963,396.202,COMPLETE,2.86
3964,396.302,THROTTLED,2.83
3965,396.402,THROTTLED,2.8
3966,396.502,THROTTLED,2.77
3967,396.602,THROTTLED,2.74
3968,396.702,THROTTLED,2.71
3969,396.802,THROTTLED,2.68
3970,396.902,THROTTLED,2.65
3971,397.002,COMPLETE,9.67
3972,397.102,COMPLETE,6.69
3973,397.202,COMPLETE,3.71
3974,397.302,THROTTLED,3.68
3975,397.402,THROTTLED,3.65
3976,397.502,THROTTLED,3.62
3977,397.602,THROTTLED,3.59
3978,397.702,THROTTLED,3.56
3979,397.802,THROTTLED,3.53
3980,397.902,THROTTLED,3.5
3981,398.002,COMPLETE,10.52
3982,398.102,COMPLETE,7.54
3983,398.202,COMPLETE,4.56
3984,398.302,COMPLETE,1.58
3985,398.402,THROTTLED,1.55
3986,398.502,THROTTLED,1.52
3987,398.602,THROTTLED,1.49
3988,398.702,THROTTLED,1.46
3989,398.802,THROTTLED,1.43
3990,398.902,THROTTLED,1.4
3991,399.002,COMPLETE,8.42
3992,399.102,COMPLETE,5.44
3993,399.202,COMPLETE,2.46
3994,399.302,THROTTLED,2.43
3995,399.402,THROTTLED,2.4
3996,399.502,THROTTLED,2.37
3997,399.602,THROTTLED,2.34
3998,399.702,THROTTLED,2.31
3999,399.802,THROTTLED,2.28
4000,399.902,THROTTLED,2.25
4001,400.002,COMPLETE,9.27
4002,400.102,COMPLETE,6.29
4003,400.202,COMPLETE,3.31
4004,400.302,THROTTLED,3.28
4005,400.402,THROTTLED,3.25
4006,400.502,THROTTLED,3.22
4007,400.602,THROTTLED,3.19
4008,400.702,THROTTLED,3.16
4009,400.802,THROTTLED,3.13
4010,400.902,THROTTLED,3.1
4011,401.002,COMPLETE,10.12
4012,401.102,COMPLETE,7.14
4013,401.202,COMPLETE,4.16
4014,401.302,COMPLETE,1.18
4015,401.402,THROTTLED,1.15
4016,401.502,THROTTLED,1.12
4017,401.602,THROTTLED,1.09
4018,401.702,THROTTLED,1.06
4019,401.802,THROTTLED,1.03
4020,401.902,THROTTLED,1
4021,402.002,COMPLETE,8.02
4022,402.102,COMPLETE,5.04
4023,402.202,COMPLETE,2.06
4024,402.302,THROTTLED,2.03
4025,402.402,THROTTLED,2
4026,402.502,THROTTLED,1.97
4027,402.602,THROTTLED,1.94
4028,402.702,THROTTLED,1.91
4029,402.802,THROTTLED,1.88
4030,402.902,THROTTLED,1.85
4031,403.002,COMPLETE,8.87
4032,403.102,COMPLETE,5.89
4033,403.202,COMPLETE,2.91
4034,403.302,THROTTLED,2.88
4035,403.402,THROTTLED,2.85
4036,403.502,THROTTLED,2.82
4037,403.602,THROTTLED,2.79
4038,403.702,THROTTLED,2.76
4039,403.802,THROTTLED,2.73
4040,403.902,THROTTLED,2.7
4041,404.002,COMPLETE,9.72
4042,404.102,COMPLETE,6.74
4043,404.202,COMPLETE,3.76
4044,404.302,THROTTLED,3.73
4045,404.402,THROTTLED,3.7
4046,404.502,THROTTLED,3.67
4047,404.602,THROTTLED,3.64
4048,404.702,THROTTLED,3.61
4049,404.802,THROTTLED,3.58
4050,404.902,THROTTLED,3.55
4051,405.002,COMPLETE,10.57
4052,405.102,COMPLETE,7.59
4053,405.202,COMPLETE,4.61
4054,405.302,COMPLETE,1.63
4055,405.402,THROTTLED,1.6
4056,405.502,THROTTLED,1.57
4057,405.602,THROTTLED,1.54
4058,405.702,THROTTLED,1.51
4059,405.802,THROTTLED,1.48
4060,405.902,THROTTLED,1.45
4061,406.002,COMPLETE,8.47
4062,406.102,COMPLETE,5.49
4063,406.202,COMPLETE,2.51
4064,406.302,THROTTLED,2.48
4065,406.402,THROTTLED,2.45
4066,406.502,THROTTLED,2.42
4067,406.602,THROTTLED,2.39
4068,406.702,THROTTLED,2.36
4069,406.802,THROTTLED,2.33
4070,406.902,THROTTLED,2.3
4071,407.002,COMPLETE,9.32
4072,407.102,COMPLETE,6.34
4073,407.202,COMPLETE,3.36
4074,407.302,THROTTLED,3.33
4075,407.402,THROTTLED,3.3
4076,407.502,THROTTLED,3.27
4077,407.602,THROTTLED,3.24
4078,407.702,THROTTLED,3.21
4079,407.802,THROTTLED,3.18
4080,407.902,THROTTLED,3.15
4081,408.002,COMPLETE,10.17
4082,408.102,COMPLETE,7.19
4083,408.202,COMPLETE,4.21
4084,408.302,COMPLETE,1.23
4085,408.402,THROTTLED,1.2
4086,408.502,THROTTLED,1.17
4087,408.602,THROTTLED,1.14
4088,408.702,THROTTLED,1.11
4089,408.802,THROTTLED,1.08
4090,408.902,THROTTLED,1.05
4091,409.002,COMPLETE,8.07
4092,409.102,COMPLETE,5.09
4093,409.202,COMPLETE,2.11
4094,409.302,THROTTLED,2.08
4095,409.402,THROTTLED,2.05
4096,409.502,THROTTLED,2.02
4097,409.602,THROTTLED,1.99
4098,409.702,THROTTLED,1.96
4099,409.802,THROTTLED,1.93
4100,409.902,THROTTLED,1.9
4101,410.002,COMPLETE,8.92
4102,410.102,COMPLETE,5.94
4103,410.202,COMPLETE,2.96
4104,410.302,THROTTLED,2.93
4105,410.402,THROTTLED,2.9
4106,410.502,THROTTLED,2.87
4107,410.602,THROTTLED,2.84
4108,410.702,THROTTLED,2.81
4109,410.802,THROTTLED,2.78
4110,410.902,THROTTLED,2.75
4111,411.002,COMPLETE,9.77
4112,411.102,COMPLETE,6.79
4113,411.202,COMPLETE,3.81
4114,411.302,THROTTLED,3.78
4115,411.402,THROTTLED,3.75
4116,411.502,THROTTLED,3.72
4117,411.602,THROTTLED,3.69
4118,411.702,THROTTLED,3.66
4119,411.802,THROTTLED,3.63
4120,411.902,THROTTLED,3.6
4121,412.002,COMPLETE,10.62
4122,412.102,COMPLETE,7.64
4123,412.202,COMPLETE,4.66
4124,412.302,COMPLETE,1.68
4125,412.402,THROTTLED,1.65
4126,412.502,THROTTLED,1.62
4127,412.602,THROTTLED,1.59
4128,412.702,THROTTLED,1.56
4129,412.802,THROTTLED,1.53
4130,412.902,THROTTLED,1.5
4131,413.002,COMPLETE,8.52
4132,413.102,COMPLETE,5.54
4133,413.202,COMPLETE,2.56
4134,413.302,THROTTLED,2.53
4135,413.402,THROTTLED,2.5
4136,413.502,THROTTLED,2.47
4137,413.602,THROTTLED,2.44
4138,413.702,THROTTLED,2.41
4139,413.802,THROTTLED,2.38
4140,413.902,THROTTLED,2.35
4141,414.002,COMPLETE,9.37
4142,414.102,COMPLETE,6.39
4143,414.202,COMPLETE,3.41
4144,414.302,THROTTLED,3.38
4145,414.402,THROTTLED,3.35
4146,414.502,THROTTLED,3.32
4147,414.602,THROTTLED,3.29
4148,414.702,THROTTLED,3.26
4149,414.802,THROTTLED,3.23
4150,414.902,THROTTLED,3.2
4151,415.002,COMPLETE,10.22
4152,415.102,COMPLETE,7.24
4153,415.202,COMPLETE,4.26
4154,415.302,COMPLETE,1.28
4155,415.402,THROTTLED,1.25
4156,415.502,THROTTLED,1.22
4157,415.602,THROTTLED,1.19
4158,415.702,THROTTLED,1.16
4159,415.802,THROTTLED,1.13
4160,415.902,THROTTLED,1.1
4161,416.002,COMPLETE,8.12
4162,416.102,COMPLETE,5.14
4163,416.202,COMPLETE,2.16
4164,416.302,THROTTLED,2.13
4165,416.402,THROTTLED,2.1
4166,416.502,THROTTLED,2.07
4167,416.602,THROTTLED,2.04
4168,416.702,THROTTLED,2.01
4169,416.802,THROTTLED,1.98
4170,416.902,THROTTLED,1.95
4171,417.002,COMPLETE,8.97
4172,417.102,COMPLETE,5.99
4173,417.202,COMPLETE,3.01
4174,417.302,THROTTLED,2.98
4175,417.402,THROTTLED,2.95
4176,417.502,THROTTLED,2.92
4177,417.602,THROTTLED,2.89
4178,417.702,THROTTLED,2.86
4179,417.802,THROTTLED,2.83
4180,417.902,THROTTLED,2.8
4181,418.002,COMPLETE,9.82
4182,418.102,COMPLETE,6.84
4183,418.202,COMPLETE,3.86
4184,418.302,THROTTLED,3.83
4185,418.402,THROTTLED,3.8
4186,418.502,THROTTLED,3.77
4187,418.602,THROTTLED,3.74
4188,418.702,THROTTLED,3.71
4189,418.802,THROTTLED,3.68
4190,418.902,THROTTLED,3.65
4191,419.002,COMPLETE,10.67
4192,419.102,COMPLETE,7.69
4193,419.202,COMPLETE,4.71
4194,419.302,COMPLETE,1.73
4195,419.402,THROTTLED,1.7
4196,419.502,THROTTLED,1.67
4197,419.602,THROTTLED,1.64
4198,419.702,THROTTLED,1.61
4199,419.802,THROTTLED,1.58
4200,419.902,THROTTLED,1.55
4201,420.002,COMPLETE,8.57
4202,420.102,COMPLETE,5.59
4203,420.202,COMPLETE,2.61
4204,420.302,THROTTLED,2.58
4205,420.402,THROTTLED,2.55
4206,420.502,THROTTLED,2.52
4207,420.602,THROTTLED,2.49
4208,420.702,THROTTLED,2.46
4209,420.802,THROTTLED,2.43
4210,420.902,THROTTLED,2.4
4211,421.002,COMPLETE,9.42
4212,421.102,COMPLETE,6.44
4213,421.202,COMPLETE,3.46
4214,421.302,THROTTLED,3.43
4215,421.402,THROTTLED,3.4
4216,421.502,THROTTLED,3.37
4217,421.602,THROTTLED,3.34
4218,421.702,THROTTLED,3.31
4219,421.802,THROTTLED,3.28
4220,421.902,THROTTLED,3.25
4221,422.002,COMPLETE,10.27
4222,422.102,COMPLETE,7.29
4223,422.202,COMPLETE,4.31
4224,422.302,COMPLETE,1.33
4225,422.402,THROTTLED,1.3
4226,422.502,THROTTLED,1.27
4227,422.602,THROTTLED,1.24
4228,422.702,THROTTLED,1.21
4229,422.802,THROTTLED,1.18
4230,422.902,THROTTLED,1.15
4231,423.002,COMPLETE,8.17
4232,423.102,COMPLETE,5.19
4233,423.202,COMPLETE,2.21
4234,423.302,THROTTLED,2.18
4235,423.402,THROTTLED,2.15
4236,423.502,THROTTLED,2.12
4237,423.602,THROTTLED,2.09
4238,423.702,THROTTLED,2.06
4239,423.802,THROTTLED,2.03
4240,423.902,THROTTLED,2
4241,424.002,COMPLETE,9.02
4242,424.102,COMPLETE,6.04
4243,424.202,COMPLETE,3.06
4244,424.302,THROTTLED,3.03
4245,424.402,THROTTLED,3
4246,424.502,THROTTLED,2.97
4247,424.602,THROTTLED,2.94
4248,424.702,THROTTLED,2.91
4249,424.802,THROTTLED,2.88
4250,424.902,THROTTLED,2.85
4251,425.002,COMPLETE,9.87
4252,425.102,COMPLETE,6.89
4253,425.202,COMPLETE,3.91
4254,425.302,THROTTLED,3.88
4255,425.402,THROTTLED,3.85
4256,425.502,THROTTLED,3.82
4257,425.602,THROTTLED,3.79
4258,425.702,THROTTLED,3.76
4259,425.802,THROTTLED,3.73
4260,425.902,THROTTLED,3.7
4261,426.002,COMPLETE,10.72
4262,426.102,COMPLETE,7.74
4263,426.202,COMPLETE,4.76
4264,426.302,COMPLETE,1.78
4265,426.402,THROTTLED,1.75
4266,426.502,THROTTLED,1.72
4267,426.602,THROTTLED,1.69
4268,426.702,THROTTLED,1.66
4269,426.802,THROTTLED,1.63
4270,426.902,THROTTLED,1.6
4271,427.002,COMPLETE,8.62
4272,427.102,COMPLETE,5.64
4273,427.202,COMPLETE,2.66
4274,427.302,THROTTLED,2.63
4275,427.402,THROTTLED,2.6
4276,427.502,THROTTLED,2.57
4277,427.602,THROTTLED,2.54
4278,427.702,THROTTLED,2.51
4279,427.802,THROTTLED,2.48
4280,427.902,THROTTLED,2.45
4281,428.002,COMPLETE,9.47
4282,428.102,COMPLETE,6.49
4283,428.202,COMPLETE,3.51
4284,428.302,THROTTLED,3.48
4285,428.402,THROTTLED,3.45
4286,428.502,THROTTLED,3.42
4287,428.602,THROTTLED,3.39
4288,428.702,THROTTLED,3.36
4289,428.802,THROTTLED,3.33
4290,428.902,THROTTLED,3.3
4291,429.002,COMPLETE,10.32
4292,429.102,COMPLETE,7.34
4293,429.202,COMPLETE,4.36
4294,429.302,COMPLETE,1.38
4295,429.402,THROTTLED,1.35
4296,429.502,THROTTLED,1.32
4297,429.602,THROTTLED,1.29
4298,429.702,THROTTLED,1.26
4299,429.802,THROTTLED,1.23
4300,429.902,THROTTLED,1.2
4301,430.002,COMPLETE,8.22
4302,430.102,COMPLETE,5.24
4303,430.202,COMPLETE,2.26
4304,430.302,THROTTLED,2.23
4305,430.402,THROTTLED,2.2
4306,430.502,THROTTLED,2.17
4307,430.602,THROTTLED,2.14
4308,430.702,THROTTLED,2.11
4309,430.802,THROTTLED,2.08
4310,430.902,THROTTLED,2.05
4311,431.002,COMPLETE,9.07
4312,431.102,COMPLETE,6.09
4313,431.202,COMPLETE,3.11
4314,431.302,THROTTLED,3.08
4315,431.402,THROTTLED,3.05
4316,431.502,THROTTLED,3.02
4317,431.602,THROTTLED,2.99
4318,431.702,THROTTLED,2.96
4319,431.802,THROTTLED,2.93
4320,431.902,THROTTLED,2.9
4321,432.002,COMPLETE,9.92
4322,432.102,COMPLETE,6.94
4323,432.202,COMPLETE,3.96
4324,432.302,THROTTLED,3.93
4325,432.402,THROTTLED,3.9
4326,432.502,THROTTLED,3.87
4327,432.602,THROTTLED,3.84
4328,432.702,THROTTLED,3.81
4329,432.802,THROTTLED,3.78
4330,432.902,THROTTLED,3.75
4331,433.002,COMPLETE,10.77
4332,433.102,COMPLETE,7.79
4333,433.202,COMPLETE,4.81
4334,433.302,COMPLETE,1.83
4335,433.402,THROTTLED,1.8
4336,433.502,THROTTLED,1.77
4337,433.602,THROTTLED,1.74
4338,433.702,THROTTLED,1.71
4339,433.802,THROTTLED,1.68
4340,433.902,THROTTLED,1.65
4341,434.002,COMPLETE,8.67
4342,434.102,COMPLETE,5.69
4343,434.202,COMPLETE,2.71
4344,434.302,THROTTLED,2.68
4345,434.402,THROTTLED,2.65
4346,434.502,THROTTLED,2.62
4347,434.602,THROTTLED,2.59
4348,434.702,THROTTLED,2.56
4349,434.802,THROTTLED,2.53
4350,434.902,THROTTLED,2.5
4351,435.002,COMPLETE,9.52
4352,435.102,COMPLETE,6.54
4353,435.202,COMPLETE,3.56
4354,435.302,THROTTLED,3.53
4355,435.402,THROTTLED,3.5
4356,435.502,THROTTLED,3.47
4357,435.602,THROTTLED,3.44
4358,435.702,THROTTLED,3.41
4359,435.802,THROTTLED,3.38
4360,435.902,THROTTLED,3.35
4361,436.002,COMPLETE,10.37
4362,436.102,COMPLETE,7.39
4363,436.202,COMPLETE,4.41
4364,436.302,COMPLETE,1.43
4365,436.402,THROTTLED,1.4
4366,436.502,THROTTLED,1.37
4367,436.602,THROTTLED,1.34
4368,436.702,THROTTLED,1.31
4369,436.802,THROTTLED,1.28
4370,436.902,THROTTLED,1.25
4371,437.002,COMPLETE,8.27
4372,437.102,COMPLETE,5.29
4373,437.202,COMPLETE,2.31
4374,437.302,THROTTLED,2.28
4375,437.402,THROTTLED,2.25
4376,437.502,THROTTLED,2.22
4377,437.602,THROTTLED,2.19
4378,437.702,THROTTLED,2.16
4379,437.802,THROTTLED,2.13
4380,437.902,THROTTLED,2.1
4381,438.002,COMPLETE,9.12
4382,438.102,COMPLETE,6.14
4383,438.202,COMPLETE,3.16
4384,438.302,THROTTLED,3.13
4385,438.402,THROTTLED,3.1
4386,438.502,THROTTLED,3.07
4387,438.602,THROTTLED,3.04
4388,438.702,THROTTLED,3.01
4389,438.802,THROTTLED,2.98
4390,438.902,THROTTLED,2.95
4391,439.002,COMPLETE,9.97
4392,439.102,COMPLETE,6.99
4393,439.202,COMPLETE,4.01
4394,439.302,THROTTLED,3.98
4395,439.402,THROTTLED,3.95
4396,439.502,THROTTLED,3.92
4397,439.602,THROTTLED,3.89
4398,439.702,THROTTLED,3.86
4399,439.802,THROTTLED,3.83
4400,439.902,THROTTLED,3.8
4401,440.002,COMPLETE,10.82
4402,440.102,COMPLETE,7.84
4403,440.202,COMPLETE,4.86
4404,440.302,COMPLETE,1.88
4405,440.402,THROTTLED,1.85
4406,440.502,THROTTLED,1.82
4407,440.602,THROTTLED,1.79
4408,440.702,THROTTLED,1.76
4409,440.802,THROTTLED,1.73
4410,440.902,THROTTLED,1.7
4411,441.002,COMPLETE,8.72
4412,441.102,COMPLETE,5.74
4413,441.202,COMPLETE,2.76
4414,441.302,THROTTLED,2.73
4415,441.402,THROTTLED,2.7
4416,441.502,THROTTLED,2.67
4417,441.602,THROTTLED,2.64
4418,441.702,THROTTLED,2.61
4419,441.802,THROTTLED,2.58
4420,441.902,THROTTLED,2.55
4421,442.002,COMPLETE,9.57
4422,442.102,COMPLETE,6.59
4423,442.202,COMPLETE,3.61
4424,442.302,THROTTLED,3.58
4425,442.402,THROTTLED,3.55
4426,442.502,THROTTLED,3.52
4427,442.602,THROTTLED,3.49
4428,442.702,THROTTLED,3.46
4429,442.802,THROTTLED,3.43
4430,442.902,THROTTLED,3.4
4431,443.002,COMPLETE,10.42
4432,443.102,COMPLETE,7.44
4433,443.202,COMPLETE,4.46
4434,443.302,COMPLETE,1.48
4435,443.402,THROTTLED,1.45
4436,443.502,THROTTLED,1.42
4437,443.602,THROTTLED,1.39
4438,443.702,THROTTLED,1.36
4439,443.802,THROTTLED,1.33
4440,443.902,THROTTLED,1.3
4441,444.002,COMPLETE,8.32
4442,444.102,COMPLETE,5.34
4443,444.202,COMPLETE,2.36
4444,444.302,THROTTLED,2.33
4445,444.402,THROTTLED,2.3
4446,444.502,THROTTLED,2.27
4447,444.602,THROTTLED,2.24
4448,444.702,THROTTLED,2.21
4449,444.802,THROTTLED,2.18
4450,444.902,THROTTLED,2.15
4451,445.002,COMPLETE,9.17
4452,445.102,COMPLETE,6.19
4453,445.202,COMPLETE,3.21
4454,445.302,THROTTLED,3.18
4455,445.402,THROTTLED,3.15
4456,445.502,THROTTLED,3.12
4457,445.602,THROTTLED,3.09
4458,445.702,THROTTLED,3.06
4459,445.802,THROTTLED,3.03
4460,445.902,THROTTLED,3
4461,446.002,COMPLETE,10.02
4462,446.102,COMPLETE,7.04
4463,446.202,COMPLETE,4.06
4464,446.302,COMPLETE,1.08
4465,446.402,THROTTLED,1.05
4466,446.502,THROTTLED,1.02
4467,446.602,THROTTLED,0.99
4468,446.702,THROTTLED,0.96
4469,446.802,THROTTLED,0.93
4470,446.902,THROTTLED,0.9
4471,447.002,COMPLETE,7.92
4472,447.102,COMPLETE,4.94
4473,447.202,COMPLETE,1.96
4474,447.302,THROTTLED,1.93
4475,447.402,THROTTLED,1.9
4476,447.502,THROTTLED,1.87
4477,447.602,THROTTLED,1.84
4478,447.702,THROTTLED,1.81
4479,447.802,THROTTLED,1.78
4480,447.902,THROTTLED,1.75
4481,448.002,COMPLETE,8.77
4482,448.102,COMPLETE,5.79
4483,448.202,COMPLETE,2.81
4484,448.302,THROTTLED,2.78
4485,448.402,THROTTLED,2.75
4486,448.502,THROTTLED,2.72
4487,448.602,THROTTLED,2.69
4488,448.702,THROTTLED,2.66
4489,448.802,THROTTLED,2.63
4490,448.902,THROTTLED,2.6
4491,449.002,COMPLETE,9.62
4492,449.102,COMPLETE,6.64
4493,449.202,COMPLETE,3.66
4494,449.302,THROTTLED,3.63
4495,449.402,THROTTLED,3.6
4496,449.502,THROTTLED,3.57
4497,449.602,THROTTLED,3.54
4498,449.702,THROTTLED,3.51
4499,449.802,THROTTLED,3.48
4500,449.902,THROTTLED,3.45
4501,450.002,COMPLETE,10.47
4502,450.102,COMPLETE,7.49
4503,450.202,COMPLETE,4.51
4504,450.302,COMPLETE,1.53
4505,450.402,THROTTLED,1.5
4506,450.502,THROTTLED,1.47
4507,450.602,THROTTLED,1.44
4508,450.702,THROTTLED,1.41
4509,450.802,THROTTLED,1.38
4510,450.902,THROTTLED,1.35
4511,451.002,COMPLETE,8.37
4512,451.102,COMPLETE,5.39
4513,451.202,COMPLETE,2.41
4514,451.302,THROTTLED,2.38
4515,451.402,THROTTLED,2.35
4516,451.502,THROTTLED,2.32
4517,451.602,THROTTLED,2.29
4518,451.702,THROTTLED,2.26
4519,451.802,THROTTLED,2.23
4520,451.902,THROTTLED,2.2
4521,452.002,COMPLETE,9.22
4522,452.102,COMPLETE,6.24
4523,452.202,COMPLETE,3.26
4524,452.302,THROTTLED,3.23
4525,452.402,THROTTLED,3.2
4526,452.502,THROTTLED,3.17
4527,452.602,THROTTLED,3.14
4528,452.702,THROTTLED,3.11
4529,452.802,THROTTLED,3.08
4530,452.902,THROTTLED,3.05
4531,453.002,COMPLETE,10.07
4532,453.102,COMPLETE,7.09
4533,453.202,COMPLETE,4.11
4534,453.302,COMPLETE,1.13
4535,453.402,THROTTLED,1.1
4536,453.502,THROTTLED,1.07
4537,453.602,THROTTLED,1.04
4538,453.702,THROTTLED,1.01
4539,453.802,THROTTLED,0.98
4540,453.902,THROTTLED,0.95
4541,454.002,COMPLETE,7.97
4542,454.102,COMPLETE,4.99
4543,454.202,COMPLETE,2.01
4544,454.302,THROTTLED,1.98
4545,454.402,THROTTLED,1.95
4546,454.502,THROTTLED,1.92
4547,454.602,THROTTLED,1.89
4548,454.702,THROTTLED,1.86
4549,454.802,THROTTLED,1.83
4550,454.902,THROTTLED,1.8
4551,455.002,COMPLETE,8.82
4552,455.102,COMPLETE,5.84
4553,455.202,COMPLETE,2.86
4554,455.302,THROTTLED,2.83
4555,455.402,THROTTLED,2.8
4556,455.502,THROTTLED,2.77
4557,455.602,THROTTLED,2.74
4558,455.702,THROTTLED,2.71
4559,455.802,THROTTLED,2.68
4560,455.902,THROTTLED,2.65
4561,456.002,COMPLETE,9.67
4562,456.102,COMPLETE,6.69
4563,456.202,COMPLETE,3.71
4564,456.302,THROTTLED,3.68
4565,456.402,THROTTLED,3.65
4566,456.502,THROTTLED,3.62
4567,456.602,THROTTLED,3.59
4568,456.702,THROTTLED,3.56
4569,456.802,THROTTLED,3.53
4570,456.902,THROTTLED,3.5
4571,457.002,COMPLETE,10.52
4572,457.102,COMPLETE,7.54
4573,457.202,COMPLETE,4.56
4574,457.302,COMPLETE,1.58
4575,457.402,THROTTLED,1.55
4576,457.502,THROTTLED,1.52
4577,457.602,THROTTLED,1.49
4578,457.702,THROTTLED,1.46
4579,457.802,THROTTLED,1.43
4580,457.902,THROTTLED,1.4
4581,458.002,COMPLETE,8.42
4582,458.102,COMPLETE,5.44
4583,458.202,COMPLETE,2.46
4584,458.302,THROTTLED,2.43
4585,458.402,THROTTLED,2.4
4586,458.502,THROTTLED,2.37
4587,458.602,THROTTLED,2.34
4588,458.702,THROTTLED,2.31
4589,458.802,THROTTLED,2.28
4590,458.902,THROTTLED,2.25
4591,459.002,COMPLETE,9.27
4592,459.102,COMPLETE,6.29
4593,459.202,COMPLETE,3.31
4594,459.302,THROTTLED,3.28
4595,459.402,THROTTLED,3.25
4596,459.502,THROTTLED,3.22
4597,459.602,THROTTLED,3.19
4598,459.702,THROTTLED,3.16
4599,459.802,THROTTLED,3.13
4600,459.902,THROTTLED,3.1
4601,460.002,COMPLETE,10.12
4602,460.102,COMPLETE,7.14
4603,460.202,COMPLETE,4.16
4604,460.302,COMPLETE,1.18
4605,460.402,THROTTLED,1.15
4606,460.502,THROTTLED,1.12
4607,460.602,THROTTLED,1.09
4608,460.702,THROTTLED,1.06
4609,460.802,THROTTLED,1.03
4610,460.902,THROTTLED,1
4611,461.002,COMPLETE,8.02
4612,461.102,COMPLETE,5.04
4613,461.202,COMPLETE,2.06
4614,461.302,THROTTLED,2.03
4615,461.402,THROTTLED,2
4616,461.502,THROTTLED,1.97
4617,461.602,THROTTLED,1.94
4618,461.702,THROTTLED,1.91
4619,461.802,THROTTLED,1.88
4620,461.902,THROTTLED,1.85
4621,462.002,COMPLETE,8.87
4622,462.102,COMPLETE,5.89
4623,462.202,COMPLETE,2.91
4624,462.302,THROTTLED,2.88
4625,462.402,THROTTLED,2.85
4626,462.502,THROTTLED,2.82
4627,462.602,THROTTLED,2.79
4628,462.702,THROTTLED,2.76
4629,462.802,THROTTLED,2.73
4630,462.902,THROTTLED,2.7
4631,463.002,COMPLETE,9.72
4632,463.102,COMPLETE,6.74
4633,463.202,COMPLETE,3.76
4634,463.302,THROTTLED,3.73
4635,463.402,THROTTLED,3.7
4636,463.502,THROTTLED,3.67
4637,463.602,THROTTLED,3.64
4638,463.702,THROTTLED,3.61
4639,463.802,THROTTLED,3.58
4640,463.902,THROTTLED,3.55
4641,464.002,COMPLETE,10.57
4642,464.102,COMPLETE,7.59
4643,464.202,COMPLETE,4.61
4644,464.302,COMPLETE,1.63
4645,464.402,THROTTLED,1.6
4646,464.502,THROTTLED,1.57
4647,464.602,THROTTLED,1.54
4648,464.702,THROTTLED,1.51
4649,464.802,THROTTLED,1.48
4650,464.902,THROTTLED,1.45
4651,465.002,COMPLETE,8.47
4652,465.102,COMPLETE,5.49
4653,465.202,COMPLETE,2.51
4654,465.302,THROTTLED,2.48
4655,465.402,THROTTLED,2.45
4656,465.502,THROTTLED,2.42
4657,465.602,THROTTLED,2.39
4658,465.702,THROTTLED,2.36
4659,465.802,THROTTLED,2.33
4660,465.902,THROTTLED,2.3
4661,466.002,COMPLETE,9.32
4662,466.102,COMPLETE,6.34
4663,466.202,COMPLETE,3.36
4664,466.302,THROTTLED,3.33
4665,466.402,THROTTLED,3.3
4666,466.502,THROTTLED,3.27
4667,466.602,THROTTLED,3.24
4668,466.702,THROTTLED,3.21
4669,466.802,THROTTLED,3.18
4670,466.902,THROTTLED,3.15
4671,467.002,COMPLETE,10.17
4672,467.102,COMPLETE,7.19
4673,467.202,COMPLETE,4.21
4674,467.302,COMPLETE,1.23
4675,467.402,THROTTLED,1.2
4676,467.502,THROTTLED,1.17
4677,467.602,THROTTLED,1.14
4678,467.702,THROTTLED,1.11
4679,467.802,THROTTLED,1.08
4680,467.902,THROTTLED,1.05
4681,468.002,COMPLETE,8.07
4682,468.102,COMPLETE,5.09
4683,468.202,COMPLETE,2.11
4684,468.302,THROTTLED,2.08
4685,468.402,THROTTLED,2.05
4686,468.502,THROTTLED,2.02
4687,468.602,THROTTLED,1.99
4688,468.702,THROTTLED,1.96
4689,468.802,THROTTLED,1.93
4690,468.902,THROTTLED,1.9
4691,469.002,COMPLETE,8.92
4692,469.102,COMPLETE,5.94
4693,469.202,COMPLETE,2.96
4694,469.302,THROTTLED,2.93
4695,469.402,THROTTLED,2.9
4696,469.502,THROTTLED,2.87
4697,469.602,THROTTLED,2.84
4698,469.702,THROTTLED,2.81
4699,469.802,THROTTLED,2.78
4700,469.902,THROTTLED,2.75
4701,470.002,COMPLETE,9.77
4702,470.102,COMPLETE,6.79
4703,470.202,COMPLETE,3.81
4704,470.302,THROTTLED,3.78
4705,470.402,THROTTLED,3.75
4706,470.502,THROTTLED,3.72
4707,470.602,THROTTLED,3.69
4708,470.702,THROTTLED,3.66
4709,470.802,THROTTLED,3.63
4710,470.902,THROTTLED,3.6
4711,471.002,COMPLETE,10.62
4712,471.102,COMPLETE,7.64
4713,471.202,COMPLETE,4.66
4714,471.302,COMPLETE,1.68
4715,471.402,THROTTLED,1.65
4716,471.502,THROTTLED,1.62
4717,471.602,THROTTLED,1.59
4718,471.702,THROTTLED,1.56
4719,471.802,THROTTLED,1.53
4720,471.902,THROTTLED,1.5
4721,472.002,COMPLETE,8.52
4722,472.102,COMPLETE,5.54
4723,472.202,COMPLETE,2.56
4724,472.302,THROTTLED,2.53
4725,472.402,THROTTLED,2.5
4726,472.502,THROTTLED,2.47
4727,472.602,THROTTLED,2.44
4728,472.702,THROTTLED,2.41
4729,472.802,THROTTLED,2.38
4730,472.902,THROTTLED,2.35
4731,473.002,COMPLETE,9.37
4732,473.102,COMPLETE,6.39
4733,473.202,COMPLETE,3.41
4734,473.302,THROTTLED,3.38
4735,473.402,THROTTLED,3.35
4736,473.502,THROTTLED,3.32
4737,473.602,THROTTLED,3.29
4738,473.702,THROTTLED,3.26
4739,473.802,THROTTLED,3.23
4740,473.902,THROTTLED,3.2
4741,474.002,COMPLETE,10.22
4742,474.102,COMPLETE,7.24
4743,474.202,COMPLETE,4.26
4744,474.302,COMPLETE,1.28
4745,474.402,THROTTLED,1.25
4746,474.502,THROTTLED,1.22
4747,474.602,THROTTLED,1.19
4748,474.702,THROTTLED,1.16
4749,474.802,THROTTLED,1.13
4750,474.902,THROTTLED,1.1
4751,475.002,COMPLETE,8.12
4752,475.102,COMPLETE,5.14
4753,475.202,COMPLETE,2.16
4754,475.302,THROTTLED,2.13
4755,475.402,THROTTLED,2.1
4756,475.502,THROTTLED,2.07
4757,475.602,THROTTLED,2.04
4758,475.702,THROTTLED,2.01
4759,475.802,THROTTLED,1.98
4760,475.902,THROTTLED,1.95
4761,476.002,COMPLETE,8.97
4762,476.102,COMPLETE,5.99
4763,476.202,COMPLETE,3.01
4764,476.302,THROTTLED,2.98
4765,476.402,THROTTLED,2.95
4766,476.502,THROTTLED,2.92
4767,476.602,THROTTLED,2.89
4768,476.702,THROTTLED,2.86
4769,476.802,THROTTLED,2.83
4770,476.902,THROTTLED,2.8
4771,477.002,COMPLETE,9.82
4772,477.102,COMPLETE,6.84
4773,477.202,COMPLETE,3.86
4774,477.302,THROTTLED,3.83
4775,477.402,THROTTLED,3.8
4776,477.502,THROTTLED,3.77
4777,477.602,THROTTLED,3.74
4778,477.702,THROTTLED,3.71
4779,477.802,THROTTLED,3.68
4780,477.902,THROTTLED,3.65
4781,478.002,COMPLETE,10.67
4782,478.102,COMPLETE,7.69
4783,478.202,COMPLETE,4.71
4784,478.302,COMPLETE,1.73
4785,478.402,THROTTLED,1.7
4786,478.502,THROTTLED,1.67
4787,478.602,THROTTLED,1.64
4788,478.702,THROTTLED,1.61
4789,478.802,THROTTLED,1.58
4790,478.902,THROTTLED,1.55
4791,479.002,COMPLETE,8.57
4792,479.102,COMPLETE,5.59
4793,479.202,COMPLETE,2.61
4794,479.302,THROTTLED,2.58
4795,479.402,THROTTLED,2.55
4796,479.502,THROTTLED,2.52
4797,479.602,THROTTLED,2.49
4798,479.702,THROTTLED,2.46
4799,479.802,THROTTLED,2.43
4800,479.902,THROTTLED,2.4
4801,480.002,COMPLETE,9.42
4802,480.102,COMPLETE,6.44
4803,480.202,COMPLETE,3.46
4804,480.302,THROTTLED,3.43
4805,480.402,THROTTLED,3.4
4806,480.502,THROTTLED,3.37
4807,480.602,THROTTLED,3.34
4808,480.702,THROTTLED,3.31
4809,480.802,THROTTLED,3.28
4810,480.902,THROTTLED,3.25
4811,481.002,COMPLETE,10.27
4812,481.102,COMPLETE,7.29
4813,481.202,COMPLETE,4.31
4814,481.302,COMPLETE,1.33
4815,481.402,THROTTLED,1.3
4816,481.502,THROTTLED,1.27
4817,481.602,THROTTLED,1.24
4818,481.702,THROTTLED,1.21
4819,481.802,THROTTLED,1.18
4820,481.902,THROTTLED,1.15
4821,482.002,COMPLETE,8.17
4822,482.102,COMPLETE,5.19
4823,482.202,COMPLETE,2.21
4824,482.302,THROTTLED,2.18
4825,482.402,THROTTLED,2.15
4826,482.502,THROTTLED,2.12
4827,482.602,THROTTLED,2.09
4828,482.702,THROTTLED,2.06
4829,482.802,THROTTLED,2.03
4830,482.902,THROTTLED,2
4831,483.002,COMPLETE,9.02
4832,483.102,COMPLETE,6.04
4833,483.202,COMPLETE,3.06
4834,483.302,THROTTLED,3.03
4835,483.402,THROTTLED,3
4836,483.502,THROTTLED,2.97
4837,483.602,THROTTLED,2.94
4838,483.702,THROTTLED,2.91
4839,483.802,THROTTLED,2.88
4840,483.902,THROTTLED,2.85
4841,484.002,COMPLETE,9.87
4842,484.102,COMPLETE,6.89
4843,484.202,COMPLETE,3.91
4844,484.302,THROTTLED,3.88
4845,484.402,THROTTLED,3.85
4846,484.502,THROTTLED,3.82
4847,484.602,THROTTLED,3.79
4848,484.702,THROTTLED,3.76
4849,484.802,THROTTLED,3.73
4850,484.902,THROTTLED,3.7
4851,485.002,COMPLETE,10.72
4852,485.102,COMPLETE,7.74
4853,485.202,COMPLETE,4.76
4854,485.302,COMPLETE,1.78
4855,485.402,THROTTLED,1.75
4856,485.502,THROTTLED,1.72
4857,485.602,THROTTLED,1.69
4858,485.702,THROTTLED,1.66
4859,485.802,THROTTLED,1.63
4860,485.902,THROTTLED,1.6
4861,486.002,COMPLETE,8.62
4862,486.102,COMPLETE,5.64
4863,486.202,COMPLETE,2.66
4864,486.302,THROTTLED,2.63
4865,486.402,THROTTLED,2.6
4866,486.502,THROTTLED,2.57
4867,486.602,THROTTLED,2.54
4868,486.702,THROTTLED,2.51
4869,486.802,THROTTLED,2.48
4870,486.902,THROTTLED,2.45
4871,487.002,COMPLETE,9.47
4872,487.102,COMPLETE,6.49
4873,487.202,COMPLETE,3.51
4874,487.302,THROTTLED,3.48
4875,487.402,THROTTLED,3.45
4876,487.502,THROTTLED,3.42
4877,487.602,THROTTLED,3.39
4878,487.702,THROTTLED,3.36
4879,487.802,THROTTLED,3.33
4880,487.902,THROTTLED,3.3
4881,488.002,COMPLETE,10.32
4882,488.102,COMPLETE,7.34
4883,488.202,COMPLETE,4.36
4884,488.302,COMPLETE,1.38
4885,488.402,THROTTLED,1.35
4886,488.502,THROTTLED,1.32
4887,488.602,THROTTLED,1.29
4888,488.702,THROTTLED,1.26
4889,488.802,THROTTLED,1.23
4890,488.902,THROTTLED,1.2
4891,489.002,COMPLETE,8.22
4892,489.102,COMPLETE,5.24
4893,489.202,COMPLETE,2.26
4894,489.302,THROTTLED,2.23
4895,489.402,THROTTLED,2.2
4896,489.502,THROTTLED,2.17
4897,489.602,THROTTLED,2.14
4898,489.702,THROTTLED,2.11
4899,489.802,THROTTLED,2.08
4900,489.902,THROTTLED,2.05
4901,490.002,COMPLETE,9.07
4902,490.102,COMPLETE,6.09
4903,490.202,COMPLETE,3.11
4904,490.302,THROTTLED,3.08
4905,490.402,THROTTLED,3.05
4906,490.502,THROTTLED,3.02
4907,490.602,THROTTLED,2.99
4908,490.702,THROTTLED,2.96
4909,490.802,THROTTLED,2.93
4910,490.902,THROTTLED,2.9
4911,491.002,COMPLETE,9.92
4912,491.102,COMPLETE,6.94
4913,491.202,COMPLETE,3.96
4914,491.302,THROTTLED,3.93
4915,491.402,THROTTLED,3.9
4916,491.502,THROTTLED,3.87
4917,491.602,THROTTLED,3.84
4918,491.702,THROTTLED,3.81
4919,491.802,THROTTLED,3.78
4920,491.902,THROTTLED,3.75
4921,492.002,COMPLETE,10.77
4922,492.102,COMPLETE,7.79
4923,492.202,COMPLETE,4.81
4924,492.302,COMPLETE,1.83
4925,492.402,THROTTLED,1.8
4926,492.502,THROTTLED,1.77
4927,492.602,THROTTLED,1.74
4928,492.702,THROTTLED,1.71
4929,492.802,THROTTLED,1.68
4930,492.902,THROTTLED,1.65
4931,493.002,COMPLETE,8.67
4932,493.102,COMPLETE,5.69
4933,493.202,COMPLETE,2.71
4934,493.302,THROTTLED,2.68
4935,493.402,THROTTLED,2.65
4936,493.502,THROTTLED,2.62
4937,493.602,THROTTLED,2.59
4938,493.702,THROTTLED,2.56
4939,493.802,THROTTLED,2.53
4940,493.902,THROTTLED,2.5
4941,494.002,COMPLETE,9.52
4942,494.102,COMPLETE,6.54
4943,494.202,COMPLETE,3.56
4944,494.302,THROTTLED,3.53
4945,494.402,THROTTLED,3.5
4946,494.502,THROTTLED,3.47
4947,494.602,THROTTLED,3.44
4948,494.702,THROTTLED,3.41
4949,494.802,THROTTLED,3.38
4950,494.902,THROTTLED,3.35
4951,495.002,COMPLETE,10.37
4952,495.102,COMPLETE,7.39
4953,495.202,COMPLETE,4.41
4954,495.302,COMPLETE,1.43
4955,495.402,THROTTLED,1.4
4956,495.502,THROTTLED,1.37
4957,495.602,THROTTLED,1.34
4958,495.702,THROTTLED,1.31
4959,495.802,THROTTLED,1.28
4960,495.902,THROTTLED,1.25
4961,496.002,COMPLETE,8.27
4962,496.102,COMPLETE,5.29
4963,496.202,COMPLETE,2.31
4964,496.302,THROTTLED,2.28
4965,496.402,THROTTLED,2.25
4966,496.502,THROTTLED,2.22
4967,496.602,THROTTLED,2.19
4968,496.702,THROTTLED,2.16
4969,496.802,THROTTLED,2.13
4970,496.902,THROTTLED,2.1
4971,497.002,COMPLETE,9.12
4972,497.102,COMPLETE,6.14
4973,497.202,COMPLETE,3.16
4974,497.302,THROTTLED,3.13
4975,497.402,THROTTLED,3.1
4976,497.502,THROTTLED,3.07
4977,497.602,THROTTLED,3.04
4978,497.702,THROTTLED,3.01
4979,497.802,THROTTLED,2.98
4980,497.902,THROTTLED,2.95
4981,498.002,COMPLETE,9.97
4982,498.102,COMPLETE,6.99
4983,498.202,COMPLETE,4.01
4984,498.302,THROTTLED,3.98
4985,498.402,THROTTLED,3.95
4986,498.502,THROTTLED,3.92
4987,498.602,THROTTLED,3.89
4988,498.702,THROTTLED,3.86
4989,498.802,THROTTLED,3.83
4990,498.902,THROTTLED,3.8
4991,499.002,COMPLETE,10.82
4992,499.102,COMPLETE,7.84
4993,499.202,COMPLETE,4.86
4994,499.302,COMPLETE,1.88
4995,499.402,THROTTLED,1.85
4996,499.502,THROTTLED,1.82
4997,499.602,THROTTLED,1.79
4998,499.702,THROTTLED,1.76
4999,499.802,THROTTLED,1.73
5000,499.902,THROTTLED,1.7
5001,500.002,COMPLETE,8.72
5002,500.102,COMPLETE,5.74
5003,500.202,COMPLETE,2.76
5004,500.302,THROTTLED,2.73
5005,500.402,THROTTLED,2.7
5006,500.502,THROTTLED,2.67
5007,500.602,THROTTLED,2.64
5008,500.702,THROTTLED,2.61
5009,500.802,THROTTLED,2.58
5010,500.902,THROTTLED,2.55
5011,501.002,COMPLETE,9.57
5012,501.102,COMPLETE,6.59
5013,501.202,COMPLETE,3.61
5014,501.302,THROTTLED,3.58
5015,501.402,THROTTLED,3.55
5016,501.502,THROTTLED,3.52
5017,501.602,THROTTLED,3.49
5018,501.702,THROTTLED,3.46
5019,501.802,THROTTLED,3.43
5020,501.902,THROTTLED,3.4
5021,502.002,COMPLETE,10.42
5022,502.102,COMPLETE,7.44
5023,502.202,COMPLETE,4.46
5024,502.302,COMPLETE,1.48
5025,502.402,THROTTLED,1.45
5026,502.502,THROTTLED,1.42
5027,502.602,THROTTLED,1.39
5028,502.702,THROTTLED,1.36
5029,502.802,THROTTLED,1.33
5030,502.902,THROTTLED,1.3
5031,503.002,COMPLETE,8.32
5032,503.102,COMPLETE,5.34
5033,503.202,COMPLETE,2.36
5034,503.302,THROTTLED,2.33
5035,503.402,THROTTLED,2.3
5036,503.502,THROTTLED,2.27
5037,503.602,THROTTLED,2.24
5038,503.702,THROTTLED,2.21
5039,503.802,THROTTLED,2.18
5040,503.902,THROTTLED,2.15
5041,504.002,COMPLETE,9.17
5042,504.102,COMPLETE,6.19
5043,504.202,COMPLETE,3.21
5044,504.302,THROTTLED,3.18
5045,504.402,THROTTLED,3.15
5046,504.502,THROTTLED,3.12
5047,504.602,THROTTLED,3.09
5048,504.702,THROTTLED,3.06
5049,504.802,THROTTLED,3.03
5050,504.902,THROTTLED,3
5051,505.002,COMPLETE,10.02
5052,505.102,COMPLETE,7.04
5053,505.202,COMPLETE,4.06
5054,505.302,COMPLETE,1.08
5055,505.402,THROTTLED,1.05
5056,505.502,THROTTLED,1.02
5057,505.602,THROTTLED,0.99
5058,505.702,THROTTLED,0.96
5059,505.802,THROTTLED,0.93
5060,505.902,THROTTLED,0.9
5061,506.002,COMPLETE,7.92
5062,506.102,COMPLETE,4.94
5063,506.202,COMPLETE,1.96
5064,506.302,THROTTLED,1.93
5065,506.402,THROTTLED,1.9
5066,506.502,THROTTLED,1.87
5067,506.602,THROTTLED,1.84
5068,506.702,THROTTLED,1.81
5069,506.802,THROTTLED,1.78
5070,506.902,THROTTLED,1.75
5071,507.002,COMPLETE,8.77
5072,507.102,COMPLETE,5.79
5073,507.202,COMPLETE,2.81
5074,507.302,THROTTLED,2.78
5075,507.402,THROTTLED,2.75
5076,507.502,THROTTLED,2.72
5077,507.602,THROTTLED,2.69
5078,507.702,THROTTLED,2.66
5079,507.802,THROTTLED,2.63
5080,507.902,THROTTLED,2.6
5081,508.002,COMPLETE,9.62
5082,508.102,COMPLETE,6.64
5083,508.202,COMPLETE,3.66
5084,508.302,THROTTLED,3.63
5085,508.402,THROTTLED,3.6
5086,508.502,THROTTLED,3.57
5087,508.602,THROTTLED,3.54
5088,508.702,THROTTLED,3.51
5089,508.802,THROTTLED,3.48
5090,508.902,THROTTLED,3.45
5091,509.002,COMPLETE,10.47
5092,509.102,COMPLETE,7.49
5093,509.202,COMPLETE,4.51
5094,509.302,COMPLETE,1.53
5095,509.402,THROTTLED,1.5
5096,509.502,THROTTLED,1.47
5097,509.602,THROTTLED,1.44
5098,509.702,THROTTLED,1.41
5099,509.802,THROTTLED,1.38
5100,509.902,THROTTLED,1.35
5101,510.002,COMPLETE,8.37
5102,510.102,COMPLETE,5.39
5103,510.202,COMPLETE,2.41
5104,510.302,THROTTLED,2.38
5105,510.402,THROTTLED,2.35
5106,510.502,THROTTLED,2.32
5107,510.602,THROTTLED,2.29
5108,510.702,THROTTLED,2.26
5109,510.802,THROTTLED,2.23
5110,510.902,THROTTLED,2.2
5111,511.002,COMPLETE,9.22
5112,511.102,COMPLETE,6.24
5113,511.202,COMPLETE,3.26
5114,511.302,THROTTLED,3.23
5115,511.402,THROTTLED,3.2
5116,511.502,THROTTLED,3.17
5117,511.602,THROTTLED,3.14
5118,511.702,THROTTLED,3.11
5119,511.802,THROTTLED,3.08
5120,511.902,THROTTLED,3.05
5121,512.002,COMPLETE,10.07
5122,512.102,COMPLETE,7.09
5123,512.202,COMPLETE,4.11
5124,512.302,COMPLETE,1.13
5125,512.402,THROTTLED,1.1
5126,512.502,THROTTLED,1.07
5127,512.602,THROTTLED,1.04
5128,512.702,THROTTLED,1.01
5129,512.802,THROTTLED,0.98
5130,512.902,THROTTLED,0.95
5131,513.002,COMPLETE,7.97
5132,513.102,COMPLETE,4.99
5133,513.202,COMPLETE,2.01
5134,513.302,THROTTLED,1.98
5135,513.402,THROTTLED,1.95
5136,513.502,THROTTLED,1.92
5137,513.602,THROTTLED,1.89
5138,513.702,THROTTLED,1.86
5139,513.802,THROTTLED,1.83
5140,513.902,THROTTLED,1.8
5141,514.002,COMPLETE,8.82
5142,514.102,COMPLETE,5.84
5143,514.202,COMPLETE,2.86
5144,514.302,THROTTLED,2.83
5145,514.402,THROTTLED,2.8
5146,514.502,THROTTLED,2.77
5147,514.602,THROTTLED,2.74
5148,514.702,THROTTLED,2.71
5149,514.802,THROTTLED,2.68
5150,514.902,THROTTLED,2.65
5151,515.002,COMPLETE,9.67
5152,515.102,COMPLETE,6.69
5153,515.202,COMPLETE,3.71
5154,515.302,THROTTLED,3.68
5155,515.402,THROTTLED,3.65
5156,515.502,THROTTLED,3.62
5157,515.602,THROTTLED,3.59
5158,515.702,THROTTLED,3.56
5159,515.802,THROTTLED,3.53
5160,515.902,THROTTLED,3.5
5161,516.002,COMPLETE,10.52
5162,516.102,COMPLETE,7.54
5163,516.202,COMPLETE,4.56
5164,516.302,COMPLETE,1.58
5165,516.402,THROTTLED,1.55
5166,516.502,THROTTLED,1.52
5167,516.602,THROTTLED,1.49
5168,516.702,THROTTLED,1.46
5169,516.802,THROTTLED,1.43
5170,516.902,THROTTLED,1.4
5171,517.002,COMPLETE,8.42
5172,517.102,COMPLETE,5.44
5173,517.202,COMPLETE,2.46
5174,517.302,THROTTLED,2.43
5175,517.402,THROTTLED,2.4
5176,517.502,THROTTLED,2.37
5177,517.602,THROTTLED,2.34
5178,517.702,THROTTLED,2.31
5179,517.802,THROTTLED,2.28
5180,517.902,THROTTLED,2.25
5181,518.002,COMPLETE,9.27
5182,518.102,COMPLETE,6.29
5183,518.202,COMPLETE,3.31
5184,518.302,THROTTLED,3.28
5185,518.402,THROTTLED,3.25
5186,518.502,THROTTLED,3.22
5187,518.602,THROTTLED,3.19
5188,518.702,THROTTLED,3.16
5189,518.802,THROTTLED,3.13
5190,518.902,THROTTLED,3.1
5191,519.002,COMPLETE,10.12
5192,519.102,COMPLETE,7.14
5193,519.202,COMPLETE,4.16
5194,519.302,COMPLETE,1.18
5195,519.402,THROTTLED,1.15
5196,519.502,THROTTLED,1.12
5197,519.602,THROTTLED,1.09
5198,519.702,THROTTLED,1.06
5199,519.802,THROTTLED,1.03
5200,519.902,THROTTLED,1
5201,520.002,COMPLETE,8.02
5202,520.102,COMPLETE,5.04
5203,520.202,COMPLETE,2.06
5204,520.302,THROTTLED,2.03
5205,520.402,THROTTLED,2
5206,520.502,THROTTLED,1.97
5207,520.602,THROTTLED,1.94
5208,520.702,THROTTLED,1.91
5209,520.802,THROTTLED,1.88
5210,520.902,THROTTLED,1.85
5211,521.002,COMPLETE,8.87
5212,521.102,COMPLETE,5.89
5213,521.202,COMPLETE,2.91
5214,521.302,THROTTLED,2.88
5215,521.402,THROTTLED,2.85
5216,521.502,THROTTLED,2.82
5217,521.602,THROTTLED,2.79
5218,521.702,THROTTLED,2.76
5219,521.802,THROTTLED,2.73
5220,521.902,THROTTLED,2.7
5221,522.002,COMPLETE,9.72
5222,522.102,COMPLETE,6.74
5223,522.202,COMPLETE,3.76
5224,522.302,THROTTLED,3.73
5225,522.402,THROTTLED,3.7
5226,522.502,THROTTLED,3.67
5227,522.602,THROTTLED,3.64
5228,522.702,THROTTLED,3.61
5229,522.802,THROTTLED,3.58
5230,522.902,THROTTLED,3.55
5231,523.002,COMPLETE,10.57
5232,523.102,COMPLETE,7.59
5233,523.202,COMPLETE,4.61
5234,523.302,COMPLETE,1.63
5235,523.402,THROTTLED,1.6
5236,523.502,THROTTLED,1.57
5237,523.602,THROTTLED,1.54
5238,523.702,THROTTLED,1.51
5239,523.802,THROTTLED,1.48
5240,523.902,THROTTLED,1.45
5241,524.002,COMPLETE,8.47
5242,524.102,COMPLETE,5.49
5243,524.202,COMPLETE,2.51
5244,524.302,THROTTLED,2.48
5245,524.402,THROTTLED,2.45
5246,524.502,THROTTLED,2.42
5247,524.602,THROTTLED,2.39
5248,524.702,THROTTLED,2.36
5249,524.802,THROTTLED,2.33
5250,524.902,THROTTLED,2.3
5251,525.002,COMPLETE,9.32
5252,525.102,COMPLETE,6.34
5253,525.202,COMPLETE,3.36
5254,525.302,THROTTLED,3.33
5255,525.402,THROTTLED,3.3
5256,525.502,THROTTLED,3.27
5257,525.602,THROTTLED,3.24
5258,525.702,THROTTLED,3.21
5259,525.802,THROTTLED,3.18
5260,525.902,THROTTLED,3.15
5261,526.002,COMPLETE,10.17
5262,526.102,COMPLETE,7.19
5263,526.202,COMPLETE,4.21
5264,526.302,COMPLETE,1.23
5265,526.402,THROTTLED,1.2
5266,526.502,THROTTLED,1.17
5267,526.602,THROTTLED,1.14
5268,526.702,THROTTLED,1.11
5269,526.802,THROTTLED,1.08
5270,526.902,THROTTLED,1.05
5271,527.002,COMPLETE,8.07
5272,527.102,COMPLETE,5.09
5273,527.202,COMPLETE,2.11
5274,527.302,THROTTLED,2.08
5275,527.402,THROTTLED,2.05
5276,527.502,THROTTLED,2.02
5277,527.602,THROTTLED,1.99
5278,527.702,THROTTLED,1.96
5279,527.802,THROTTLED,1.93
5280,527.902,THROTTLED,1.9
5281,528.002,COMPLETE,8.92
5282,528.102,COMPLETE,5.94
5283,528.202,COMPLETE,2.96
5284,528.302,THROTTLED,2.93
5285,528.402,THROTTLED,2.9
5286,528.502,THROTTLED,2.87
5287,528.602,THROTTLED,2.84
5288,528.702,THROTTLED,2.81
5289,528.802,THROTTLED,2.78
5290,528.902,THROTTLED,2.75
5291,529.002,COMPLETE,9.77
5292,529.102,COMPLETE,6.79
5293,529.202,COMPLETE,3.81
5294,529.302,THROTTLED,3.78
5295,529.402,THROTTLED,3.75
5296,529.502,THROTTLED,3.72
5297,529.602,THROTTLED,3.69
5298,529.702,THROTTLED,3.66
5299,529.802,THROTTLED,3.63
5300,529.902,THROTTLED,3.6
5301,530.002,COMPLETE,10.62
5302,530.102,COMPLETE,7.64
5303,530.202,COMPLETE,4.66
5304,530.302,COMPLETE,1.68
5305,530.402,THROTTLED,1.65
5306,530.502,THROTTLED,1.62
5307,530.602,THROTTLED,1.59
5308,530.702,THROTTLED,1.56
5309,530.802,THROTTLED,1.53
5310,530.902,THROTTLED,1.5
5311,531.002,COMPLETE,8.52
5312,531.102,COMPLETE,5.54
5313,531.202,COMPLETE,2.56
5314,531.302,THROTTLED,2.53
5315,531.402,THROTTLED,2.5
5316,531.502,THROTTLED,2.47
5317,531.602,THROTTLED,2.44
5318,531.702,THROTTLED,2.41
5319,531.802,THROTTLED,2.38
5320,531.902,THROTTLED,2.35
5321,532.002,COMPLETE,9.37
5322,532.102,COMPLETE,6.39
5323,532.202,COMPLETE,3.41
5324,532.302,THROTTLED,3.38
5325,532.402,THROTTLED,3.35
5326,532.502,THROTTLED,3.32
5327,532.602,THROTTLED,3.29
5328,532.702,THROTTLED,3.26
5329,532.802,THROTTLED,3.23
5330,532.902,THROTTLED,3.2
5331,533.002,COMPLETE,10.22
5332,533.102,COMPLETE,7.24
5333,533.202,COMPLETE,4.26
5334,533.302,COMPLETE,1.28
5335,533.402,THROTTLED,1.25
5336,533.502,THROTTLED,1.22
5337,533.602,THROTTLED,1.19
5338,533.702,THROTTLED,1.16
5339,533.802,THROTTLED,1.13
5340,533.902,THROTTLED,1.1
5341,534.002,COMPLETE,8.12
5342,534.102,COMPLETE,5.14
5343,534.202,COMPLETE,2.16
5344,534.302,THROTTLED,2.13
5345,534.402,THROTTLED,2.1
5346,534.502,THROTTLED,2.07
5347,534.602,THROTTLED,2.04
5348,534.702,THROTTLED,2.01
5349,534.802,THROTTLED,1.98
5350,534.902,THROTTLED,1.95
5351,535.002,COMPLETE,8.97
5352,535.102,COMPLETE,5.99
5353,535.202,COMPLETE,3.01
5354,535.302,THROTTLED,2.98
5355,535.402,THROTTLED,2.95
5356,535.502,THROTTLED,2.92
5357,535.602,THROTTLED,2.89
5358,535.702,THROTTLED,2.86
5359,535.802,THROTTLED,2.83
5360,535.902,THROTTLED,2.8
5361,536.002,COMPLETE,9.82
5362,536.102,COMPLETE,6.84
5363,536.202,COMPLETE,3.86
5364,536.302,THROTTLED,3.83
5365,536.402,THROTTLED,3.8
5366,536.502,THROTTLED,3.77
5367,536.602,THROTTLED,3.74
5368,536.702,THROTTLED,3.71
5369,536.802,THROTTLED,3.68
5370,536.902,THROTTLED,3.65
5371,537.002,COMPLETE,10.67
5372,537.102,COMPLETE,7.69
5373,537.202,COMPLETE,4.71
5374,537.302,COMPLETE,1.73
5375,537.402,THROTTLED,1.7
5376,537.502,THROTTLED,1.67
5377,537.602,THROTTLED,1.64
5378,537.702,THROTTLED,1.61
5379,537.802,THROTTLED,1.58
5380,537.902,THROTTLED,1.55
5381,538.002,COMPLETE,8.57
5382,538.102,COMPLETE,5.59
5383,538.202,COMPLETE,2.61
5384,538.302,THROTTLED,2.58
5385,538.402,THROTTLED,2.55
5386,538.502,THROTTLED,2.52
5387,538.602,THROTTLED,2.49
5388,538.702,THROTTLED,2.46
5389,538.802,THROTTLED,2.43
5390,538.902,THROTTLED,2.4
5391,539.002,COMPLETE,9.42
5392,539.102,COMPLETE,6.44
5393,539.202,COMPLETE,3.46
5394,539.302,THROTTLED,3.43
5395,539.402,THROTTLED,3.4
5396,539.502,THROTTLED,3.37
5397,539.602,THROTTLED,3.34
5398,539.702,THROTTLED,3.31
5399,539.802,THROTTLED,3.28
5400,539.902,THROTTLED,3.25
5401,540.002,COMPLETE,10.27
5402,540.102,COMPLETE,7.29
5403,540.202,COMPLETE,4.31
5404,540.302,COMPLETE,1.33
5405,540.402,THROTTLED,1.3
5406,540.502,THROTTLED,1.27
5407,540.602,THROTTLED,1.24
5408,540.702,THROTTLED,1.21
5409,540.802,THROTTLED,1.18
5410,540.902,THROTTLED,1.15
5411,541.002,COMPLETE,8.17
5412,541.102,COMPLETE,5.19
5413,541.202,COMPLETE,2.21
5414,541.302,THROTTLED,2.18
5415,541.402,THROTTLED,2.15
5416,541.502,THROTTLED,2.12
5417,541.602,THROTTLED,2.09
5418,541.702,THROTTLED,2.06
5419,541.802,THROTTLED,2.03
5420,541.902,THROTTLED,2
5421,542.002,COMPLETE,9.02
5422,542.102,COMPLETE,6.04
5423,542.202,COMPLETE,3.06
5424,542.302,THROTTLED,3.03
5425,542.402,THROTTLED,3
5426,542.502,THROTTLED,2.97
5427,542.602,THROTTLED,2.94
5428,542.702,THROTTLED,2.91
5429,542.802,THROTTLED,2.88
5430,542.902,THROTTLED,2.85
5431,543.002,COMPLETE,9.87
5432,543.102,COMPLETE,6.89
5433,543.202,COMPLETE,3.91
5434,543.302,THROTTLED,3.88
5435,543.402,THROTTLED,3.85
5436,543.502,THROTTLED,3.82
5437,543.602,THROTTLED,3.79
5438,543.702,THROTTLED,3.76
5439,543.802,THROTTLED,3.73
5440,543.902,THROTTLED,3.7
5441,544.002,COMPLETE,10.72
5442,544.102,COMPLETE,7.74
5443,544.202,COMPLETE,4.76
5444,544.302,COMPLETE,1.78
5445,544.402,THROTTLED,1.75
5446,544.502,THROTTLED,1.72
5447,544.602,THROTTLED,1.69
5448,544.702,THROTTLED,1.66
5449,544.802,THROTTLED,1.63
5450,544.902,THROTTLED,1.6
5451,545.002,COMPLETE,8.62
5452,545.102,COMPLETE,5.64
5453,545.202,COMPLETE,2.66
5454,545.302,THROTTLED,2.63
5455,545.402,THROTTLED,2.6
5456,545.502,THROTTLED,2.57
5457,545.602,THROTTLED,2.54
5458,545.702,THROTTLED,2.51
5459,545.802,THROTTLED,2.48
5460,545.902,THROTTLED,2.45
5461,546.002,COMPLETE,9.47
5462,546.102,COMPLETE,6.49
5463,546.202,COMPLETE,3.51
5464,546.302,THROTTLED,3.48
5465,546.402,THROTTLED,3.45
5466,546.502,THROTTLED,3.42
5467,546.602,THROTTLED,3.39
5468,546.702,THROTTLED,3.36
5469,546.802,THROTTLED,3.33
5470,546.902,THROTTLED,3.3
5471,547.002,COMPLETE,10.32
5472,547.102,COMPLETE,7.34
5473,547.202,COMPLETE,4.36
5474,547.302,COMPLETE,1.38
5475,547.402,THROTTLED,1.35
5476,547.502,THROTTLED,1.32
5477,547.602,THROTTLED,1.29
5478,547.702,THROTTLED,1.26
5479,547.802,THROTTLED,1.23
5480,547.902,THROTTLED,1.2
5481,548.002,COMPLETE,8.22
5482,548.102,COMPLETE,5.24
5483,548.202,COMPLETE,2.26
5484,548.302,THROTTLED,2.23
5485,548.402,THROTTLED,2.2
5486,548.502,THROTTLED,2.17
5487,548.602,THROTTLED,2.14
5488,548.702,THROTTLED,2.11
5489,548.802,THROTTLED,2.08
5490,548.902,THROTTLED,2.05
5491,549.002,COMPLETE,9.07
5492,549.102,COMPLETE,6.09
5493,549.202,COMPLETE,3.11
5494,549.302,THROTTLED,3.08
5495,549.402,THROTTLED,3.05
5496,549.502,THROTTLED,3.02
5497,549.602,THROTTLED,2.99
5498,549.702,THROTTLED,2.96
5499,549.802,THROTTLED,2.93
5500,549.902,THROTTLED,2.9
5501,550.002,COMPLETE,9.92
5502,550.102,COMPLETE,6.94
5503,550.202,COMPLETE,3.96
5504,550.302,THROTTLED,3.93
5505,550.402,THROTTLED,3.9
5506,550.502,THROTTLED,3.87
5507,550.602,THROTTLED,3.84
5508,550.702,THROTTLED,3.81
5509,550.802,THROTTLED,3.78
5510,550.902,THROTTLED,3.75
5511,551.002,COMPLETE,10.77
5512,551.102,COMPLETE,7.79
5513,551.202,COMPLETE,4.81
5514,551.302,COMPLETE,1.83
5515,551.402,THROTTLED,1.8
5516,551.502,THROTTLED,1.77
5517,551.602,THROTTLED,1.74
5518,551.702,THROTTLED,1.71
5519,551.802,THROTTLED,1.68
5520,551.902,THROTTLED,1.65
5521,552.002,COMPLETE,8.67
5522,552.102,COMPLETE,5.69
5523,552.202,COMPLETE,2.71
5524,552.302,THROTTLED,2.68
5525,552.402,THROTTLED,2.65
5526,552.502,THROTTLED,2.62
5527,552.602,THROTTLED,2.59
5528,552.702,THROTTLED,2.56
5529,552.802,THROTTLED,2.53
5530,552.902,THROTTLED,2.5
5531,553.002,COMPLETE,9.52
5532,553.102,COMPLETE,6.54
5533,553.202,COMPLETE,3.56
5534,553.302,THROTTLED,3.53
5535,553.402,THROTTLED,3.5
5536,553.502,THROTTLED,3.47
5537,553.602,THROTTLED,3.44
5538,553.702,THROTTLED,3.41
5539,553.802,THROTTLED,3.38
5540,553.902,THROTTLED,3.35
5541,554.002,COMPLETE,10.37
5542,554.102,COMPLETE,7.39
5543,554.202,COMPLETE,4.41
5544,554.302,COMPLETE,1.43
5545,554.402,THROTTLED,1.4
5546,554.502,THROTTLED,1.37
5547,554.602,THROTTLED,1.34
5548,554.702,THROTTLED,1.31
5549,554.802,THROTTLED,1.28
5550,554.902,THROTTLED,1.25
5551,555.002,COMPLETE,8.27
5552,555.102,COMPLETE,5.29
5553,555.202,COMPLETE,2.31
5554,555.302,THROTTLED,2.28
5555,555.402,THROTTLED,2.25
5556,555.502,THROTTLED,2.22
5557,555.602,THROTTLED,2.19
5558,555.702,THROTTLED,2.16
5559,555.802,THROTTLED,2.13
5560,555.902,THROTTLED,2.1
5561,556.002,COMPLETE,9.12
5562,556.102,COMPLETE,6.14
5563,556.202,COMPLETE,3.16
5564,556.302,THROTTLED,3.13
5565,556.402,THROTTLED,3.1
5566,556.502,THROTTLED,3.07
5567,556.602,THROTTLED,3.04
5568,556.702,THROTTLED,3.01
5569,556.802,THROTTLED,2.98
5570,556.902,THROTTLED,2.95
5571,557.002,COMPLETE,9.97
5572,557.102,COMPLETE,6.99
5573,557.202,COMPLETE,4.01
5574,557.302,THROTTLED,3.98
5575,557.402,THROTTLED,3.95
5576,557.502,THROTTLED,3.92
5577,557.602,THROTTLED,3.89
5578,557.702,THROTTLED,3.86
5579,557.802,THROTTLED,3.83
5580,557.902,THROTTLED,3.8
5581,558.002,COMPLETE,10.82
5582,558.102,COMPLETE,7.84
5583,558.202,COMPLETE,4.86
5584,558.302,COMPLETE,1.88
5585,558.402,THROTTLED,1.85
5586,558.502,THROTTLED,1.82
5587,558.602,THROTTLED,1.79
5588,558.702,THROTTLED,1.76
5589,558.802,THROTTLED,1.73
5590,558.902,THROTTLED,1.7
5591,559.002,COMPLETE,8.72
5592,559.102,COMPLETE,5.74
5593,559.202,COMPLETE,2.76
5594,559.302,THROTTLED,2.73
5595,559.402,THROTTLED,2.7
5596,559.502,THROTTLED,2.67
5597,559.602,THROTTLED,2.64
5598,559.702,THROTTLED,2.61
5599,559.802,THROTTLED,2.58
5600,559.902,THROTTLED,2.55
5601,560.002,COMPLETE,9.57
5602,560.102,COMPLETE,6.59
5603,560.202,COMPLETE,3.61
5604,560.302,THROTTLED,3.58
5605,560.402,THROTTLED,3.55
5606,560.502,THROTTLED,3.52
5607,560.602,THROTTLED,3.49
5608,560.702,THROTTLED,3.46
5609,560.802,THROTTLED,3.43
5610,560.902,THROTTLED,3.4
5611,561.002,COMPLETE,10.42
5612,561.102,COMPLETE,7.44
5613,561.202,COMPLETE,4.46
5614,561.302,COMPLETE,1.48
5615,561.402,THROTTLED,1.45
5616,561.502,THROTTLED,1.42
5617,561.602,THROTTLED,1.39
5618,561.702,THROTTLED,1.36
5619,561.802,THROTTLED,1.33
5620,561.902,THROTTLED,1.3
5621,562.002,COMPLETE,8.32
5622,562.102,COMPLETE,5.34
5623,562.202,COMPLETE,2.36
5624,562.302,THROTTLED,2.33
5625,562.402,THROTTLED,2.3
5626,562.502,THROTTLED,2.27
5627,562.602,THROTTLED,2.24
5628,562.702,THROTTLED,2.21
5629,562.802,THROTTLED,2.18
5630,562.902,THROTTLED,2.15
5631,563.002,COMPLETE,9.17
5632,563.102,COMPLETE,6.19
5633,563.202,COMPLETE,3.21
5634,563.302,THROTTLED,3.18
5635,563.402,THROTTLED,3.15
5636,563.502,THROTTLED,3.12
5637,563.602,THROTTLED,3.09
5638,563.702,THROTTLED,3.06
5639,563.802,THROTTLED,3.03
5640,563.902,THROTTLED,3
5641,564.002,COMPLETE,10.02
5642,564.102,COMPLETE,7.04
5643,564.202,COMPLETE,4.06
5644,564.302,COMPLETE,1.08
5645,564.402,THROTTLED,1.05
5646,564.502,THROTTLED,1.02
5647,564.602,THROTTLED,0.99
5648,564.702,THROTTLED,0.96
5649,564.802,THROTTLED,0.93
5650,564.902,THROTTLED,0.9
5651,565.002,COMPLETE,7.92
5652,565.102,COMPLETE,4.94
5653,565.202,COMPLETE,1.96
5654,565.302,THROTTLED,1.93
5655,565.402,THROTTLED,1.9
5656,565.502,THROTTLED,1.87
5657,565.602,THROTTLED,1.84
5658,565.702,THROTTLED,1.81
5659,565.802,THROTTLED,1.78
5660,565.902,THROTTLED,1.75
5661,566.002,COMPLETE,8.77
5662,566.102,COMPLETE,5.79
5663,566.202,COMPLETE,2.81
5664,566.302,THROTTLED,2.78
5665,566.402,THROTTLED,2.75
5666,566.502,THROTTLED,2.72
5667,566.602,THROTTLED,2.69
5668,566.702,THROTTLED,2.66
5669,566.802,THROTTLED,2.63
5670,566.902,THROTTLED,2.6
5671,567.002,COMPLETE,9.62
5672,567.102,COMPLETE,6.64
5673,567.202,COMPLETE,3.66
5674,567.302,THROTTLED,3.63
5675,567.402,THROTTLED,3.6
5676,567.502,THROTTLED,3.57
5677,567.602,THROTTLED,3.54
5678,567.702,THROTTLED,3.51
5679,567.802,THROTTLED,3.48
5680,567.902,THROTTLED,3.45
5681,568.002,COMPLETE,10.47
5682,568.102,COMPLETE,7.49
5683,568.202,COMPLETE,4.51
5684,568.302,COMPLETE,1.53
5685,568.402,THROTTLED,1.5
5686,568.502,THROTTLED,1.47
5687,568.602,THROTTLED,1.44
5688,568.702,THROTTLED,1.41
5689,568.802,THROTTLED,1.38
5690,568.902,THROTTLED,1.35
5691,569.002,COMPLETE,8.37
5692,569.102,COMPLETE,5.39
5693,569.202,COMPLETE,2.41
5694,569.302,THROTTLED,2.38
5695,569.402,THROTTLED,2.35
5696,569.502,THROTTLED,2.32
5697,569.602,THROTTLED,2.29
5698,569.702,THROTTLED,2.26
5699,569.802,THROTTLED,2.23
5700,569.902,THROTTLED,2.2
5701,570.002,COMPLETE,9.22
5702,570.102,COMPLETE,6.24
5703,570.202,COMPLETE,3.26
5704,570.302,THROTTLED,3.23
5705,570.402,THROTTLED,3.2
5706,570.502,THROTTLED,3.17
5707,570.602,THROTTLED,3.14
5708,570.702,THROTTLED,3.11
5709,570.802,THROTTLED,3.08
5710,570.902,THROTTLED,3.05
5711,571.002,COMPLETE,10.07
5712,571.102,COMPLETE,7.09
5713,571.202,COMPLETE,4.11
5714,571.302,COMPLETE,1.13
5715,571.402,THROTTLED,1.1
5716,571.502,THROTTLED,1.07
5717,571.602,THROTTLED,1.04
5718,571.702,THROTTLED,1.01
5719,571.802,THROTTLED,0.98
5720,571.902,THROTTLED,0.95
5721,572.002,COMPLETE,7.97
5722,572.102,COMPLETE,4.99
5723,572.202,COMPLETE,2.01
5724,572.302,THROTTLED,1.98
5725,572.402,THROTTLED,1.95
5726,572.502,THROTTLED,1.92
5727,572.602,THROTTLED,1.89
5728,572.702,THROTTLED,1.86
5729,572.802,THROTTLED,1.83
5730,572.902,THROTTLED,1.8
5731,573.002,COMPLETE,8.82
5732,573.102,COMPLETE,5.84
5733,573.202,COMPLETE,2.86
5734,573.302,THROTTLED,2.83
5735,573.402,THROTTLED,2.8
5736,573.502,THROTTLED,2.77
5737,573.602,THROTTLED,2.74
5738,573.702,THROTTLED,2.71
5739,573.802,THROTTLED,2.68
5740,573.902,THROTTLED,2.65
5741,574.002,COMPLETE,9.67
5742,574.102,COMPLETE,6.69
5743,574.202,COMPLETE,3.71
5744,574.302,THROTTLED,3.68
5745,574.402,THROTTLED,3.65
5746,574.502,THROTTLED,3.62
5747,574.602,THROTTLED,3.59
5748,574.702,THROTTLED,3.56
5749,574.802,THROTTLED,3.53
5750,574.902,THROTTLED,3.5
5751,575.002,COMPLETE,10.52
5752,575.102,COMPLETE,7.54
5753,575.202,COMPLETE,4.56
5754,575.302,COMPLETE,1.58
5755,575.402,THROTTLED,1.55
5756,575.502,THROTTLED,1.52
5757,575.602,THROTTLED,1.49
5758,575.702,THROTTLED,1.46
5759,575.802,THROTTLED,1.43
5760,575.902,THROTTLED,1.4
5761,576.002,COMPLETE,8.42
5762,576.102,COMPLETE,5.44
5763,576.202,COMPLETE,2.46
5764,576.302,THROTTLED,2.43
5765,576.402,THROTTLED,2.4
5766,576.502,THROTTLED,2.37
5767,576.602,THROTTLED,2.34
5768,576.702,THROTTLED,2.31
5769,576.802,THROTTLED,2.28
5770,576.902,THROTTLED,2.25
5771,577.002,COMPLETE,9.27
5772,577.102,COMPLETE,6.29
5773,577.202,COMPLETE,3.31
5774,577.302,THROTTLED,3.28
5775,577.402,THROTTLED,3.25
5776,577.502,THROTTLED,3.22
5777,577.602,THROTTLED,3.19
5778,577.702,THROTTLED,3.16
5779,577.802,THROTTLED,3.13
5780,577.902,THROTTLED,3.1
5781,578.002,COMPLETE,10.12
5782,578.102,COMPLETE,7.14
5783,578.202,COMPLETE,4.16
5784,578.302,COMPLETE,1.18
5785,578.402,THROTTLED,1.15
5786,578.502,THROTTLED,1.12
5787,578.602,THROTTLED,1.09
5788,578.702,THROTTLED,1.06
5789,578.802,THROTTLED,1.03
5790,578.902,THROTTLED,1
5791,579.002,COMPLETE,8.02
5792,579.102,COMPLETE,5.04
5793,579.202,COMPLETE,2.06
5794,579.302,THROTTLED,2.03
5795,579.402,THROTTLED,2
5796,579.502,THROTTLED,1.97
5797,579.602,THROTTLED,1.94
5798,579.702,THROTTLED,1.91
5799,579.802,THROTTLED,1.88
5800,579.902,THROTTLED,1.85
5801,580.002,COMPLETE,8.87
5802,580.102,COMPLETE,5.89
5803,580.202,COMPLETE,2.91
5804,580.302,THROTTLED,2.88
5805,580.402,THROTTLED,2.85
5806,580.502,THROTTLED,2.82
5807,580.602,THROTTLED,2.79
5808,580.702,THROTTLED,2.76
5809,580.802,THROTTLED,2.73
5810,580.902,THROTTLED,2.7
5811,581.002,COMPLETE,9.72
5812,581.102,COMPLETE,6.74
5813,581.202,COMPLETE,3.76
5814,581.302,THROTTLED,3.73
5815,581.402,THROTTLED,3.7
5816,581.502,THROTTLED,3.67
5817,581.602,THROTTLED,3.64
5818,581.702,THROTTLED,3.61
5819,581.802,THROTTLED,3.58
5820,581.902,THROTTLED,3.55
5821,582.002,COMPLETE,10.57
5822,582.102,COMPLETE,7.59
5823,582.202,COMPLETE,4.61
5824,582.302,COMPLETE,1.63
5825,582.402,THROTTLED,1.6
5826,582.502,THROTTLED,1.57
5827,582.602,THROTTLED,1.54
5828,582.702,THROTTLED,1.51
5829,582.802,THROTTLED,1.48
5830,582.902,THROTTLED,1.45
5831,583.002,COMPLETE,8.47
5832,583.102,COMPLETE,5.49
5833,583.202,COMPLETE,2.51
5834,583.302,THROTTLED,2.48
5835,583.402,THROTTLED,2.45
5836,583.502,THROTTLED,2.42
5837,583.602,THROTTLED,2.39
5838,583.702,THROTTLED,2.36
5839,583.802,THROTTLED,2.33
5840,583.902,THROTTLED,2.3
5841,584.002,COMPLETE,9.32
5842,584.102,COMPLETE,6.34
5843,584.202,COMPLETE,3.36
5844,584.302,THROTTLED,3.33
5845,584.402,THROTTLED,3.3
5846,584.502,THROTTLED,3.27
5847,584.602,THROTTLED,3.24
5848,584.702,THROTTLED,3.21
5849,584.802,THROTTLED,3.18
5850,584.902,THROTTLED,3.15
5851,585.002,COMPLETE,10.17
5852,585.102,COMPLETE,7.19
5853,585.202,COMPLETE,4.21
5854,585.302,COMPLETE,1.23
5855,585.402,THROTTLED,1.2
5856,585.502,THROTTLED,1.17
5857,585.602,THROTTLED,1.14
5858,585.702,THROTTLED,1.11
5859,585.802,THROTTLED,1.08
5860,585.902,THROTTLED,1.05
5861,586.002,COMPLETE,8.07
5862,586.102,COMPLETE,5.09
5863,586.202,COMPLETE,2.11
5864,586.302,THROTTLED,2.08
5865,586.402,THROTTLED,2.05
5866,586.502,THROTTLED,2.02
5867,586.602,THROTTLED,1.99
5868,586.702,THROTTLED,1.96
5869,586.802,THROTTLED,1.93
5870,586.902,THROTTLED,1.9
5871,587.002,COMPLETE,8.92
5872,587.102,COMPLETE,5.94
5873,587.202,COMPLETE,2.96
5874,587.302,THROTTLED,2.93
5875,587.402,THROTTLED,2.9
5876,587.502,THROTTLED,2.87
5877,587.602,THROTTLED,2.84
5878,587.702,THROTTLED,2.81
5879,587.802,THROTTLED,2.78
5880,587.902,THROTTLED,2.75
5881,588.002,COMPLETE,9.77
5882,588.102,COMPLETE,6.79
5883,588.202,COMPLETE,3.81
5884,588.302,THROTTLED,3.78
5885,588.402,THROTTLED,3.75
5886,588.502,THROTTLED,3.72
5887,588.602,THROTTLED,3.69
5888,588.702,THROTTLED,3.66
5889,588.802,THROTTLED,3.63
5890,588.902,THROTTLED,3.6
5891,589.002,COMPLETE,10.62
5892,589.102,COMPLETE,7.64
5893,589.202,COMPLETE,4.66
5894,589.302,COMPLETE,1.68
5895,589.402,THROTTLED,1.65
5896,589.502,THROTTLED,1.62
5897,589.602,THROTTLED,1.59
5898,589.702,THROTTLED,1.56
5899,589.802,THROTTLED,1.53
5900,589.902,THROTTLED,1.5
5901,590.002,COMPLETE,8.52
5902,590.102,COMPLETE,5.54
5903,590.202,COMPLETE,2.56
5904,590.302,THROTTLED,2.53
5905,590.402,THROTTLED,2.5
5906,590.502,THROTTLED,2.47
5907,590.602,THROTTLED,2.44
5908,590.702,THROTTLED,2.41
5909,590.802,THROTTLED,2.38
5910,590.902,THROTTLED,2.35
5911,591.002,COMPLETE,9.37
5912,591.102,COMPLETE,6.39
5913,591.202,COMPLETE,3.41
5914,591.302,THROTTLED,3.38
5915,591.402,THROTTLED,3.35
5916,591.502,THROTTLED,3.32
5917,591.602,THROTTLED,3.29
5918,591.702,THROTTLED,3.26
5919,591.802,THROTTLED,3.23
5920,591.902,THROTTLED,3.2
5921,592.002,COMPLETE,10.22
5922,592.102,COMPLETE,7.24
5923,592.202,COMPLETE,4.26
5924,592.302,COMPLETE,1.28
5925,592.402,THROTTLED,1.25
5926,592.502,THROTTLED,1.22
5927,592.602,THROTTLED,1.19
5928,592.702,THROTTLED,1.16
5929,592.802,THROTTLED,1.13
5930,592.902,THROTTLED,1.1
5931,593.002,COMPLETE,8.12
5932,593.102,COMPLETE,5.14
5933,593.202,COMPLETE,2.16
5934,593.302,THROTTLED,2.13
5935,593.402,THROTTLED,2.1
5936,593.502,THROTTLED,2.07
5937,593.602,THROTTLED,2.04
5938,593.702,THROTTLED,2.01
5939,593.802,THROTTLED,1.98
5940,593.902,THROTTLED,1.95
5941,594.002,COMPLETE,8.97
5942,594.102,COMPLETE,5.99
5943,594.202,COMPLETE,3.01
5944,594.302,THROTTLED,2.98
5945,594.402,THROTTLED,2.95
5946,594.502,THROTTLED,2.92
5947,594.602,THROTTLED,2.89
5948,594.702,THROTTLED,2.86
5949,594.802,THROTTLED,2.83
5950,594.902,THROTTLED,2.8
5951,595.002,COMPLETE,9.82
5952,595.102,COMPLETE,6.84
5953,595.202,COMPLETE,3.86
5954,595.302,THROTTLED,3.83
5955,595.402,THROTTLED,3.8
5956,595.502,THROTTLED,3.77
5957,595.602,THROTTLED,3.74
5958,595.702,THROTTLED,3.71
5959,595.802,THROTTLED,3.68
5960,595.902,THROTTLED,3.65
5961,596.002,COMPLETE,10.67
5962,596.102,COMPLETE,7.69
5963,596.202,COMPLETE,4.71
5964,596.302,COMPLETE,1.73
5965,596.402,THROTTLED,1.7
5966,596.502,THROTTLED,1.67
5967,596.602,THROTTLED,1.64
5968,596.702,THROTTLED,1.61
5969,596.802,THROTTLED,1.58
5970,596.902,THROTTLED,1.55
5971,597.002,COMPLETE,8.57
5972,597.102,COMPLETE,5.59
5973,597.202,COMPLETE,2.61
5974,597.302,THROTTLED,2.58
5975,597.402,THROTTLED,2.55
5976,597.502,THROTTLED,2.52
5977,597.602,THROTTLED,2.49
5978,597.702,THROTTLED,2.46
5979,597.802,THROTTLED,2.43
5980,597.902,THROTTLED,2.4
5981,598.002,COMPLETE,9.42
5982,598.102,COMPLETE,6.44
5983,598.202,COMPLETE,3.46
5984,598.302,THROTTLED,3.43
5985,598.402,THROTTLED,3.4
5986,598.502,THROTTLED,3.37
5987,598.602,THROTTLED,3.34
5988,598.702,THROTTLED,3.31
5989,598.802,THROTTLED,3.28
5990,598.902,THROTTLED,3.25
5991,599.002,COMPLETE,10.27
5992,599.102,COMPLETE,7.29
5993,599.202,COMPLETE,4.31
5994,599.302,COMPLETE,1.33
5995,599.402,THROTTLED,1.3
5996,599.502,THROTTLED,1.27
5997,599.602,THROTTLED,1.24
5998,599.702,THROTTLED,1.21
5999,599.802,THROTTLED,1.18
6000,599.902,THROTTLED,1.15
