req_numer,time,result,energy_avaliable
1,0.00287407,COMPLETE,97.02
2,0.102354,COMPLETE,94.04
3,0.202354,COMPLETE,91.06
4,0.302354,COMPLETE,88.08
5,0.402354,COMPLETE,85.1
6,0.502354,COMPLETE,82.12
7,0.602354,COMPLETE,79.14
8,0.702354,COMPLETE,76.16
9,0.802354,COMPLETE,73.18
10,0.902354,COMPLETE,70.2
11,1.00235,COMPLETE,77.22
12,1.10235,COMPLETE,74.24
13,1.20235,COMPLETE,71.26
14,1.30235,COMPLETE,68.28
15,1.40235,COMPLETE,65.3
16,1.50235,COMPLETE,62.32
17,1.60235,COMPLETE,59.34
18,1.70235,COMPLETE,56.36
19,1.80235,COMPLETE,53.38
20,1.90235,COMPLETE,50.4
21,2.00235,COMPLETE,57.42
22,2.10235,COMPLETE,54.44
23,2.20235,COMPLETE,51.46
24,2.30235,COMPLETE,48.48
25,2.40235,COMPLETE,45.5
26,2.50235,COMPLETE,42.52
27,2.60235,COMPLETE,39.54
28,2.70235,COMPLETE,36.56
29,2.80235,COMPLETE,33.58
30,2.90235,COMPLETE,30.6
31,3.00235,COMPLETE,37.62
32,3.10235,COMPLETE,34.64
33,3.20235,COMPLETE,31.66
34,3.30235,COMPLETE,28.68
35,3.40235,COMPLETE,25.7
36,3.50235,COMPLETE,22.72
37,3.60235,COMPLETE,19.74
38,3.70235,COMPLETE,16.76
39,3.80235,COMPLETE,13.78
40,3.90235,COMPLETE,10.8
41,4.00235,COMPLETE,17.82
42,4.10235,COMPLETE,14.84
43,4.20235,COMPLETE,11.86
44,4.30235,COMPLETE,8.88
45,4.40235,COMPLETE,5.9
46,4.50235,COMPLETE,2.92
47,4.60235,COMPLETE,0
48,4.70235,DEPLETED,0
49,4.80235,DEPLETED,0
50,4.90235,DEPLETED,0
51,5.00235,COMPLETE,7.02
52,5.10235,COMPLETE,4.04
53,5.20235,COMPLETE,1.06
54,5.30235,COMPLETE,0
55,5.40235,DEPLETED,0
56,5.50235,DEPLETED,0
57,5.60235,DEPLETED,0
58,5.70235,DEPLETED,0
59,5.80235,DEPLETED,0
60,5.90235,DEPLETED,0
61,6.00235,COMPLETE,7.02
62,6.10235,COMPLETE,4.04
63,6.20235,COMPLETE,1.06
64,6.30235,COMPLETE,0
65,6.40235,DEPLETED,0
66,6.50235,DEPLETED,0
67,6.60235,DEPLETED,0
68,6.70235,DEPLETED,0
69,6.80235,DEPLETED,0
70,6.90235,DEPLETED,0
71,7.00235,COMPLETE,7.02
72,7.10235,COMPLETE,4.04
73,7.20235,COMPLETE,1.06
74,7.30235,COMPLETE,0
75,7.40235,DEPLETED,0
76,7.50235,DEPLETED,0
77,7.60235,DEPLETED,0
78,7.70235,DEPLETED,0
79,7.80235,DEPLETED,0
80,7.90235,DEPLETED,0
81,8.00235,COMPLETE,7.02
82,8.10235,COMPLETE,4.04
83,8.20235,COMPLETE,1.06
84,8.30235,COMPLETE,0
85,8.40235,DEPLETED,0
86,8.50235,DEPLETED,0
87,8.60235,DEPLETED,0
88,8.70235,DEPLETED,0
89,8.80235,DEPLETED,0
90,8.90235,DEPLETED,0
91,9.00235,COMPLETE,7.02
92,9.10235,COMPLETE,4.04
93,9.20235,COMPLETE,1.06
94,9.30235,COMPLETE,0
95,9.40235,DEPLETED,0
96,9.50235,DEPLETED,0
97,9.60235,DEPLETED,0
98,9.70235,DEPLETED,0
99,9.80235,DEPLETED,0
100,9.90235,DEPLETED,0
101,10.0024,COMPLETE,7.02
102,10.1024,COMPLETE,4.04
103,10.2024,COMPLETE,1.06
104,10.3024,COMPLETE,0
105,10.4024,DEPLETED,0
106,10.5024,DEPLETED,0
107,10.6024,DEPLETED,0
108,10.7024,DEPLETED,0
109,10.8024,DEPLETED,0
110,10.9024,DEPLETED,0
111,11.0024,COMPLETE,7.02
112,11.1024,COMPLETE,4.04
113,11.2024,COMPLETE,1.06
114,11.3024,COMPLETE,0
115,11.4024,DEPLETED,0
116,11.5024,DEPLETED,0
117,11.6024,DEPLETED,0
118,11.7024,DEPLETED,0
119,11.8024,DEPLETED,0
120,11.9024,DEPLETED,0
121,12.0024,COMPLETE,7.02
122,12.1024,COMPLETE,4.04
123,12.2024,COMPLETE,1.06
124,12.3024,COMPLETE,0
125,12.4024,DEPLETED,0
126,12.5024,DEPLETED,0
127,12.6024,DEPLETED,0
128,12.7024,DEPLETED,0
129,12.8024,DEPLETED,0
130,12.9024,DEPLETED,0
131,13.0024,COMPLETE,7.02
132,13.1024,COMPLETE,4.04
133,13.2024,COMPLETE,1.06
134,13.3024,COMPLETE,0
135,13.4024,DEPLETED,0
136,13.5024,DEPLETED,0
137,13.6024,DEPLETED,0
138,13.7024,DEPLETED,0
139,13.8024,DEPLETED,0
140,13.9024,DEPLETED,0
141,14.0024,COMPLETE,7.02
142,14.1024,COMPLETE,4.04
143,14.2024,COMPLETE,1.06
144,14.3024,COMPLETE,0
145,14.4024,DEPLETED,0
146,14.5024,DEPLETED,0
147,14.6024,DEPLETED,0
148,14.7024,DEPLETED,0
149,14.8024,DEPLETED,0
150,14.9024,DEPLETED,0
151,15.0024,COMPLETE,7.02
152,15.1024,COMPLETE,4.04
153,15.2024,COMPLETE,1.06
154,15.3024,COMPLETE,0
155,15.4024,DEPLETED,0
156,15.5024,DEPLETED,0
157,15.6024,DEPLETED,0
158,15.7024,DEPLETED,0
159,15.8024,DEPLETED,0
160,15.9024,DEPLETED,0
161,16.0024,COMPLETE,7.02
162,16.1024,COMPLETE,4.04
163,16.2024,COMPLETE,1.06
164,16.3024,COMPLETE,0
165,16.4024,DEPLETED,0
166,16.5024,DEPLETED,0
167,16.6024,DEPLETED,0
168,16.7024,DEPLETED,0
169,16.8024,DEPLETED,0
170,16.9024,DEPLETED,0
171,17.0024,COMPLETE,7.02
172,17.1024,COMPLETE,4.04
173,17.2024,COMPLETE,1.06
174,17.3024,COMPLETE,0
175,17.4024,DEPLETED,0
176,17.5024,DEPLETED,0
177,17.6024,DEPLETED,0
178,17.7024,DEPLETED,0
179,17.8024,DEPLETED,0
180,17.9024,DEPLETED,0
181,18.0024,COMPLETE,7.02
182,18.1024,COMPLETE,4.04
183,18.2024,COMPLETE,1.06
184,18.3024,COMPLETE,0
185,18.4024,DEPLETED,0
186,18.5024,DEPLETED,0
187,18.6024,DEPLETED,0
188,18.7024,DEPLETED,0
189,18.8024,DEPLETED,0
190,18.9024,DEPLETED,0
191,19.0024,COMPLETE,7.02
192,19.1024,COMPLETE,4.04
193,19.2024,COMPLETE,1.06
194,19.3024,COMPLETE,0
195,19.4024,DEPLETED,0
196,19.5024,DEPLETED,0
197,19.6024,DEPLETED,0
198,19.7024,DEPLETED,0
199,19.8024,DEPLETED,0
200,19.9024,DEPLETED,0
201,20.0024,COMPLETE,7.02
202,20.1024,COMPLETE,4.04
203,20.2024,COMPLETE,1.06
204,20.3024,COMPLETE,0
205,20.4024,DEPLETED,0
206,20.5024,DEPLETED,0
207,20.6024,DEPLETED,0
208,20.7024,DEPLETED,0
209,20.8024,DEPLETED,0
210,20.9024,DEPLETED,0
211,21.0024,COMPLETE,7.02
212,21.1024,COMPLETE,4.04
213,21.2024,COMPLETE,1.06
214,21.3024,COMPLETE,0
215,21.4024,DEPLETED,0
216,21.5024,DEPLETED,0
217,21.6024,DEPLETED,0
218,21.7024,DEPLETED,0
219,21.8024,DEPLETED,0
220,21.9024,DEPLETED,0
221,22.0024,COMPLETE,7.02
222,22.1024,COMPLETE,4.04
223,22.2024,COMPLETE,1.06
224,22.3024,COMPLETE,0
225,22.4024,DEPLETED,0
226,22.5024,DEPLETED,0
227,22.6024,DEPLETED,0
228,22.7024,DEPLETED,0
229,22.8024,DEPLETED,0
230,22.9024,DEPLETED,0
231,23.0024,COMPLETE,7.02
232,23.1024,COMPLETE,4.04
233,23.2024,COMPLETE,1.06
234,23.3024,COMPLETE,0
235,23.4024,DEPLETED,0
236,23.5024,DEPLETED,0
237,23.6024,DEPLETED,0
238,23.7024,DEPLETED,0
239,23.8024,DEPLETED,0
240,23.9024,DEPLETED,0
241,24.0024,COMPLETE,7.02
242,24.1024,COMPLETE,4.04
243,24.2024,COMPLETE,1.06
244,24.3024,COMPLETE,0
245,24.4024,DEPLETED,0
246,24.5024,DEPLETED,0
247,24.6024,DEPLETED,0
248,24.7024,DEPLETED,0
249,24.8024,DEPLETED,0
250,24.9024,DEPLETED,0
251,25.0024,COMPLETE,7.02
252,25.1024,COMPLETE,4.04
253,25.2024,COMPLETE,1.06
254,25.3024,COMPLETE,0
255,25.4024,DEPLETED,0
256,25.5024,DEPLETED,0
257,25.6024,DEPLETED,0
258,25.7024,DEPLETED,0
259,25.8024,DEPLETED,0
260,25.9024,DEPLETED,0
261,26.0024,COMPLETE,7.02
262,26.1024,COMPLETE,4.04
263,26.2024,COMPLETE,1.06
264,26.3024,COMPLETE,0
265,26.4024,DEPLETED,0
266,26.5024,DEPLETED,0
267,26.6024,DEPLETED,0
268,26.7024,DEPLETED,0
269,26.8024,DEPLETED,0
270,26.9024,DEPLETED,0
271,27.0024,COMPLETE,7.02
272,27.1024,COMPLETE,4.04
273,27.2024,COMPLETE,1.06
274,27.3024,COMPLETE,0
275,27.4024,DEPLETED,0
276,27.5024,DEPLETED,0
277,27.6024,DEPLETED,0
278,27.7024,DEPLETED,0
279,27.8024,DEPLETED,0
280,27.9024,DEPLETED,0
281,28.0024,COMPLETE,7.02
282,28.1024,COMPLETE,4.04
283,28.2024,COMPLETE,1.06
284,28.3024,COMPLETE,0
285,28.4024,DEPLETED,0
286,28.5024,DEPLETED,0
287,28.6024,DEPLETED,0
288,28.7024,DEPLETED,0
289,28.8024,DEPLETED,0
290,28.9024,DEPLETED,0
291,29.0024,COMPLETE,7.02
292,29.1024,COMPLETE,4.04
293,29.2024,COMPLETE,1.06
294,29.3024,COMPLETE,0
295,29.4024,DEPLETED,0
296,29.5024,DEPLETED,0
297,29.6024,DEPLETED,0
298,29.7024,DEPLETED,0
299,29.8024,DEPLETED,0
300,29.9024,DEPLETED,0
301,30.0024,COMPLETE,7.02
302,30.1024,COMPLETE,4.04
303,30.2024,COMPLETE,1.06
304,30.3024,COMPLETE,0
305,30.4024,DEPLETED,0
306,30.5024,DEPLETED,0
307,30.6024,DEPLETED,0
308,30.7024,DEPLETED,0
309,30.8024,DEPLETED,0
310,30.9024,DEPLETED,0
311,31.0024,COMPLETE,7.02
312,31.1024,COMPLETE,4.04
313,31.2024,COMPLETE,1.06
314,31.3024,COMPLETE,0
315,31.4024,DEPLETED,0
316,31.5024,DEPLETED,0
317,31.6024,DEPLETED,0
318,31.7024,DEPLETED,0
319,31.8024,DEPLETED,0
320,31.9024,DEPLETED,0
321,32.0024,COMPLETE,7.02
322,32.1024,COMPLETE,4.04
323,32.2024,COMPLETE,1.06
324,32.3024,COMPLETE,0
325,32.4024,DEPLETED,0
326,32.5024,DEPLETED,0
327,32.6024,DEPLETED,0
328,32.7024,DEPLETED,0
329,32.8024,DEPLETED,0
330,32.9024,DEPLETED,0
331,33.0024,COMPLETE,7.02
332,33.1024,COMPLETE,4.04
333,33.2024,COMPLETE,1.06
334,33.3024,COMPLETE,0
335,33.4024,DEPLETED,0
336,33.5024,DEPLETED,0
337,33.6024,DEPLETED,0
338,33.7024,DEPLETED,0
339,33.8024,DEPLETED,0
340,33.9024,DEPLETED,0
341,34.0024,COMPLETE,7.02
342,34.1024,COMPLETE,4.04
343,34.2024,COMPLETE,1.06
344,34.3024,COMPLETE,0
345,34.4024,DEPLETED,0
346,34.5024,DEPLETED,0
347,34.6024,DEPLETED,0
348,34.7024,DEPLETED,0
349,34.8024,DEPLETED,0
350,34.9024,DEPLETED,0
351,35.0024,COMPLETE,7.02
352,35.1024,COMPLETE,4.04
353,35.2024,COMPLETE,1.06
354,35.3024,COMPLETE,0
355,35.4024,DEPLETED,0
356,35.5024,DEPLETED,0
357,35.6024,DEPLETED,0
358,35.7024,DEPLETED,0
359,35.8024,DEPLETED,0
360,35.9024,DEPLETED,0
361,36.0024,COMPLETE,7.02
362,36.1024,COMPLETE,4.04
363,36.2024,COMPLETE,1.06
364,36.3024,COMPLETE,0
365,36.4024,DEPLETED,0
366,36.5024,DEPLETED,0
367,36.6024,DEPLETED,0
368,36.7024,DEPLETED,0
369,36.8024,DEPLETED,0
370,36.9024,DEPLETED,0
371,37.0024,COMPLETE,7.02
372,37.1024,COMPLETE,4.04
373,37.2024,COMPLETE,1.06
374,37.3024,COMPLETE,0
375,37.4024,DEPLETED,0
376,37.5024,DEPLETED,0
377,37.6024,DEPLETED,0
378,37.7024,DEPLETED,0
379,37.8024,DEPLETED,0
380,37.9024,DEPLETED,0
381,38.0024,COMPLETE,7.02
382,38.1024,COMPLETE,4.04
383,38.2024,COMPLETE,1.06
384,38.3024,COMPLETE,0
385,38.4024,DEPLETED,0
386,38.5024,DEPLETED,0
387,38.6024,DEPLETED,0
388,38.7024,DEPLETED,0
389,38.8024,DEPLETED,0
390,38.9024,DEPLETED,0
391,39.0024,COMPLETE,7.02
392,39.1024,COMPLETE,4.04
393,39.2024,COMPLETE,1.06
394,39.3024,COMPLETE,0
395,39.4024,DEPLETED,0
396,39.5024,DEPLETED,0
397,39.6024,DEPLETED,0
398,39.7024,DEPLETED,0
399,39.8024,DEPLETED,0
400,39.9024,DEPLETED,0
401,40.0024,COMPLETE,7.02
402,40.1024,COMPLETE,4.04
403,40.2024,COMPLETE,1.06
404,40.3024,COMPLETE,0
405,40.4024,DEPLETED,0
406,40.5024,DEPLETED,0
407,40.6024,DEPLETED,0
408,40.7024,DEPLETED,0
409,40.8024,DEPLETED,0
410,40.9024,DEPLETED,0
411,41.0024,COMPLETE,7.02
412,41.1024,COMPLETE,4.04
413,41.2024,COMPLETE,1.06
414,41.3024,COMPLETE,0
415,41.4024,DEPLETED,0
416,41.5024,DEPLETED,0
417,41.6024,DEPLETED,0
418,41.7024,DEPLETED,0
419,41.8024,DEPLETED,0
420,41.9024,DEPLETED,0
421,42.0024,COMPLETE,7.02
422,42.1024,COMPLETE,4.04
423,42.2024,COMPLETE,1.06
424,42.3024,COMPLETE,0
425,42.4024,DEPLETED,0
426,42.5024,DEPLETED,0
427,42.6024,DEPLETED,0
428,42.7024,DEPLETED,0
429,42.8024,DEPLETED,0
430,42.9024,DEPLETED,0
431,43.0024,COMPLETE,7.02
432,43.1024,COMPLETE,4.04
433,43.2024,COMPLETE,1.06
434,43.3024,COMPLETE,0
435,43.4024,DEPLETED,0
436,43.5024,DEPLETED,0
437,43.6024,DEPLETED,0
438,43.7024,DEPLETED,0
439,43.8024,DEPLETED,0
440,43.9024,DEPLETED,0
441,44.0024,COMPLETE,7.02
442,44.1024,COMPLETE,4.04
443,44.2024,COMPLETE,1.06
444,44.3024,COMPLETE,0
445,44.4024,DEPLETED,0
446,44.5024,DEPLETED,0
447,44.6024,DEPLETED,0
448,44.7024,DEPLETED,0
449,44.8024,DEPLETED,0
450,44.9024,DEPLETED,0
451,45.0024,COMPLETE,7.02
452,45.1024,COMPLETE,4.04
453,45.2024,COMPLETE,1.06
454,45.3024,COMPLETE,0
455,45.4024,DEPLETED,0
456,45.5024,DEPLETED,0
457,45.6024,DEPLETED,0
458,45.7024,DEPLETED,0
459,45.8024,DEPLETED,0
460,45.9024,DEPLETED,0
461,46.0024,COMPLETE,7.02
462,46.1024,COMPLETE,4.04
463,46.2024,COMPLETE,1.06
464,46.3024,COMPLETE,0
465,46.4024,DEPLETED,0
466,46.5024,DEPLETED,0
467,46.6024,DEPLETED,0
468,46.7024,DEPLETED,0
469,46.8024,DEPLETED,0
470,46.9024,DEPLETED,0
471,47.0024,COMPLETE,7.02
472,47.1024,COMPLETE,4.04
473,47.2024,COMPLETE,1.06
474,47.3024,COMPLETE,0
475,47.4024,DEPLETED,0
476,47.5024,DEPLETED,0
477,47.6024,DEPLETED,0
478,47.7024,DEPLETED,0
479,47.8024,DEPLETED,0
480,47.9024,DEPLETED,0
481,48.0024,COMPLETE,7.02
482,48.1024,COMPLETE,4.04
483,48.2024,COMPLETE,1.06
484,48.3024,COMPLETE,0
485,48.4024,DEPLETED,0
486,48.5024,DEPLETED,0
487,48.6024,DEPLETED,0
488,48.7024,DEPLETED,0
489,48.8024,DEPLETED,0
490,48.9024,DEPLETED,0
491,49.0024,COMPLETE,7.02
492,49.1024,COMPLETE,4.04
493,49.2024,COMPLETE,1.06
494,49.3024,COMPLETE,0
495,49.4024,DEPLETED,0
496,49.5024,DEPLETED,0
497,49.6024,DEPLETED,0
498,49.7024,DEPLETED,0
499,49.8024,DEPLETED,0
500,49.9024,DEPLETED,0
501,50.0024,COMPLETE,7.02
502,50.1024,COMPLETE,4.04
503,50.2024,COMPLETE,1.06
504,50.3024,COMPLETE,0
505,50.4024,DEPLETED,0
506,50.5024,DEPLETED,0
507,50.6024,DEPLETED,0
508,50.7024,DEPLETED,0
509,50.8024,DEPLETED,0
510,50.9024,DEPLETED,0
511,51.0024,COMPLETE,7.02
512,51.1024,COMPLETE,4.04
513,51.2024,COMPLETE,1.06
514,51.3024,COMPLETE,0
515,51.4024,DEPLETED,0
516,51.5024,DEPLETED,0
517,51.6024,DEPLETED,0
518,51.7024,DEPLETED,0
519,51.8024,DEPLETED,0
520,51.9024,DEPLETED,0
521,52.0024,COMPLETE,7.02
522,52.1024,COMPLETE,4.04
523,52.2024,COMPLETE,1.06
524,52.3024,COMPLETE,0
525,52.4024,DEPLETED,0
526,52.5024,DEPLETED,0
527,52.6024,DEPLETED,0
528,52.7024,DEPLETED,0
529,52.8024,DEPLETED,0
530,52.9024,DEPLETED,0
531,53.0024,COMPLETE,7.02
532,53.1024,COMPLETE,4.04
533,53.2024,COMPLETE,1.06
534,53.3024,COMPLETE,0
535,53.4024,DEPLETED,0
536,53.5024,DEPLETED,0
537,53.6024,DEPLETED,0
538,53.7024,DEPLETED,0
539,53.8024,DEPLETED,0
540,53.9024,DEPLETED,0
541,54.0024,COMPLETE,7.02
542,54.1024,COMPLETE,4.04
543,54.2024,COMPLETE,1.06
544,54.3024,COMPLETE,0
545,54.4024,DEPLETED,0
546,54.5024,DEPLETED,0
547,54.6024,DEPLETED,0
548,54.7024,DEPLETED,0
549,54.8024,DEPLETED,0
550,54.9024,DEPLETED,0
551,55.0024,COMPLETE,7.02
552,55.1024,COMPLETE,4.04
553,55.2024,COMPLETE,1.06
554,55.3024,COMPLETE,0
555,55.4024,DEPLETED,0
556,55.5024,DEPLETED,0
557,55.6024,DEPLETED,0
558,55.7024,DEPLETED,0
559,55.8024,DEPLETED,0
560,55.9024,DEPLETED,0
561,56.0024,COMPLETE,7.02
562,56.1024,COMPLETE,4.04
563,56.2024,COMPLETE,1.06
564,56.3024,COMPLETE,0
565,56.4024,DEPLETED,0
566,56.5024,DEPLETED,0
567,56.6024,DEPLETED,0
568,56.7024,DEPLETED,0
569,56.8024,DEPLETED,0
570,56.9024,DEPLETED,0
571,57.0024,COMPLETE,7.02
572,57.1024,COMPLETE,4.04
573,57.2024,COMPLETE,1.06
574,57.3024,COMPLETE,0
575,57.4024,DEPLETED,0
576,57.5024,DEPLETED,0
577,57.6024,DEPLETED,0
578,57.7024,DEPLETED,0
579,57.8024,DEPLETED,0
580,57.9024,DEPLETED,0
581,58.0024,COMPLETE,7.02
582,58.1024,COMPLETE,4.04
583,58.2024,COMPLETE,1.06
584,58.3024,COMPLETE,0
585,58.4024,DEPLETED,0
586,58.5024,DEPLETED,0
587,58.6024,DEPLETED,0
588,58.7024,DEPLETED,0
589,58.8024,DEPLETED,0
590,58.9024,DEPLETED,0
591,59.0024,COMPLETE,7.02
592,59.1024,COMPLETE,4.04
593,59.2024,COMPLETE,1.06
594,59.3024,COMPLETE,0
595,59.4024,DEPLETED,0
596,59.5024,DEPLETED,0
597,59.6024,DEPLETED,0
598,59.7024,DEPLETED,0
599,59.8024,DEPLETED,0
600,59.9024,DEPLETED,0
601,60.0024,COMPLETE,7.02
602,60.1024,COMPLETE,4.04
603,60.2024,COMPLETE,1.06
604,60.3024,COMPLETE,0
605,60.4024,DEPLETED,0
606,60.5024,DEPLETED,0
607,60.6024,DEPLETED,0
608,60.7024,DEPLETED,0
609,60.8024,DEPLETED,0
610,60.9024,DEPLETED,0
611,61.0024,COMPLETE,7.02
612,61.1024,COMPLETE,4.04
613,61.2024,COMPLETE,1.06
614,61.3024,COMPLETE,0
615,61.4024,DEPLETED,0
616,61.5024,DEPLETED,0
617,61.6024,DEPLETED,0
618,61.7024,DEPLETED,0
619,61.8024,DEPLETED,0
620,61.9024,DEPLETED,0
621,62.0024,COMPLETE,7.02
622,62.1024,COMPLETE,4.04
623,62.2024,COMPLETE,1.06
624,62.3024,COMPLETE,0
625,62.4024,DEPLETED,0
626,62.5024,DEPLETED,0
627,62.6024,DEPLETED,0
628,62.7024,DEPLETED,0
629,62.8024,DEPLETED,0
630,62.9024,DEPLETED,0
631,63.0024,COMPLETE,7.02
632,63.1024,COMPLETE,4.04
633,63.2024,COMPLETE,1.06
634,63.3024,COMPLETE,0
635,63.4024,DEPLETED,0
636,63.5024,DEPLETED,0
637,63.6024,DEPLETED,0
638,63.7024,DEPLETED,0
639,63.8024,DEPLETED,0
640,63.9024,DEPLETED,0
641,64.0024,COMPLETE,7.02
642,64.1024,COMPLETE,4.04
643,64.2024,COMPLETE,1.06
644,64.3024,COMPLETE,0
645,64.4024,DEPLETED,0
646,64.5024,DEPLETED,0
647,64.6024,DEPLETED,0
648,64.7024,DEPLETED,0
649,64.8024,DEPLETED,0
650,64.9024,DEPLETED,0
651,65.0024,COMPLETE,7.02
652,65.1024,COMPLETE,4.04
653,65.2024,COMPLETE,1.06
654,65.3024,COMPLETE,0
655,65.4024,DEPLETED,0
656,65.5024,DEPLETED,0
657,65.6024,DEPLETED,0
658,65.7024,DEPLETED,0
659,65.8024,DEPLETED,0
660,65.9024,DEPLETED,0
661,66.0024,COMPLETE,7.02
662,66.1024,COMPLETE,4.04
663,66.2024,COMPLETE,1.06
664,66.3024,COMPLETE,0
665,66.4024,DEPLETED,0
666,66.5024,DEPLETED,0
667,66.6024,DEPLETED,0
668,66.7024,DEPLETED,0
669,66.8024,DEPLETED,0
670,66.9024,DEPLETED,0
671,67.0024,COMPLETE,7.02
672,67.1024,COMPLETE,4.04
673,67.2024,COMPLETE,1.06
674,67.3024,COMPLETE,0
675,67.4024,DEPLETED,0
676,67.5024,DEPLETED,0
677,67.6024,DEPLETED,0
678,67.7024,DEPLETED,0
679,67.8024,DEPLETED,0
680,67.9024,DEPLETED,0
681,68.0024,COMPLETE,7.02
682,68.1024,COMPLETE,4.04
683,68.2024,COMPLETE,1.06
684,68.3024,COMPLETE,0
685,68.4024,DEPLETED,0
686,68.5024,DEPLETED,0
687,68.6024,DEPLETED,0
688,68.7024,DEPLETED,0
689,68.8024,DEPLETED,0
690,68.9024,DEPLETED,0
691,69.0024,COMPLETE,7.02
692,69.1024,COMPLETE,4.04
693,69.2024,COMPLETE,1.06
694,69.3024,COMPLETE,0
695,69.4024,DEPLETED,0
696,69.5024,DEPLETED,0
697,69.6024,DEPLETED,0
698,69.7024,DEPLETED,0
699,69.8024,DEPLETED,0
700,69.9024,DEPLETED,0
701,70.0024,COMPLETE,7.02
702,70.1024,COMPLETE,4.04
703,70.2024,COMPLETE,1.06
704,70.3024,COMPLETE,0
705,70.4024,DEPLETED,0
706,70.5024,DEPLETED,0
707,70.6024,DEPLETED,0
708,70.7024,DEPLETED,0
709,70.8024,DEPLETED,0
710,70.9024,DEPLETED,0
711,71.0024,COMPLETE,7.02
712,71.1024,COMPLETE,4.04
713,71.2024,COMPLETE,1.06
714,71.3024,COMPLETE,0
715,71.4024,DEPLETED,0
716,71.5024,DEPLETED,0
717,71.6024,DEPLETED,0
718,71.7024,DEPLETED,0
719,71.8024,DEPLETED,0
720,71.9024,DEPLETED,0
721,72.0024,COMPLETE,7.02
722,72.1024,COMPLETE,4.04
723,72.2024,COMPLETE,1.06
724,72.3024,COMPLETE,0
725,72.4024,DEPLETED,0
726,72.5024,DEPLETED,0
727,72.6024,DEPLETED,0
728,72.7024,DEPLETED,0
729,72.8024,DEPLETED,0
730,72.9024,DEPLETED,0
731,73.0024,COMPLETE,7.02
732,73.1024,COMPLETE,4.04
733,73.2024,COMPLETE,1.06
734,73.3024,COMPLETE,0
735,73.4024,DEPLETED,0
736,73.5024,DEPLETED,0
737,73.6024,DEPLETED,0
738,73.7024,DEPLETED,0
739,73.8024,DEPLETED,0
740,73.9024,DEPLETED,0
741,74.0024,COMPLETE,7.02
742,74.1024,COMPLETE,4.04
743,74.2024,COMPLETE,1.06
744,74.3024,COMPLETE,0
745,74.4024,DEPLETED,0
746,74.5024,DEPLETED,0
747,74.6024,DEPLETED,0
748,74.7024,DEPLETED,0
749,74.8024,DEPLETED,0
750,74.9024,DEPLETED,0
751,75.0024,COMPLETE,7.02
752,75.1024,COMPLETE,4.04
753,75.2024,COMPLETE,1.06
754,75.3024,COMPLETE,0
755,75.4024,DEPLETED,0
756,75.5024,DEPLETED,0
757,75.6024,DEPLETED,0
758,75.7024,DEPLETED,0
759,75.8024,DEPLETED,0
760,75.9024,DEPLETED,0
761,76.0024,COMPLETE,7.02
762,76.1024,COMPLETE,4.04
763,76.2024,COMPLETE,1.06
764,76.3024,COMPLETE,0
765,76.4024,DEPLETED,0
766,76.5024,DEPLETED,0
767,76.6024,DEPLETED,0
768,76.7024,DEPLETED,0
769,76.8024,DEPLETED,0
770,76.9024,DEPLETED,0
771,77.0024,COMPLETE,7.02
772,77.1024,COMPLETE,4.04
773,77.2024,COMPLETE,1.06
774,77.3024,COMPLETE,0
775,77.4024,DEPLETED,0
776,77.5024,DEPLETED,0
777,77.6024,DEPLETED,0
778,77.7024,DEPLETED,0
779,77.8024,DEPLETED,0
780,77.9024,DEPLETED,0
781,78.0024,COMPLETE,7.02
782,78.1024,COMPLETE,4.04
783,78.2024,COMPLETE,1.06
784,78.3024,COMPLETE,0
785,78.4024,DEPLETED,0
786,78.5024,DEPLETED,0
787,78.6024,DEPLETED,0
788,78.7024,DEPLETED,0
789,78.8024,DEPLETED,0
790,78.9024,DEPLETED,0
791,79.0024,COMPLETE,7.02
792,79.1024,COMPLETE,4.04
793,79.2024,COMPLETE,1.06
794,79.3024,COMPLETE,0
795,79.4024,DEPLETED,0
796,79.5024,DEPLETED,0
797,79.6024,DEPLETED,0
798,79.7024,DEPLETED,0
799,79.8024,DEPLETED,0
800,79.9024,DEPLETED,0
801,80.0024,COMPLETE,7.02
802,80.1024,COMPLETE,4.04
803,80.2024,COMPLETE,1.06
804,80.3024,COMPLETE,0
805,80.4024,DEPLETED,0
806,80.5024,DEPLETED,0
807,80.6024,DEPLETED,0
808,80.7024,DEPLETED,0
809,80.8024,DEPLETED,0
810,80.9024,DEPLETED,0
811,81.0024,COMPLETE,7.02
812,81.1024,COMPLETE,4.04
813,81.2024,COMPLETE,1.06
814,81.3024,COMPLETE,0
815,81.4024,DEPLETED,0
816,81.5024,DEPLETED,0
817,81.6024,DEPLETED,0
818,81.7024,DEPLETED,0
819,81.8024,DEPLETED,0
820,81.9024,DEPLETED,0
821,82.0024,COMPLETE,7.02
822,82.1024,COMPLETE,4.04
823,82.2024,COMPLETE,1.06
824,82.3024,COMPLETE,0
825,82.4024,DEPLETED,0
826,82.5024,DEPLETED,0
827,82.6024,DEPLETED,0
828,82.7024,DEPLETED,0
829,82.8024,DEPLETED,0
830,82.9024,DEPLETED,0
831,83.0024,COMPLETE,7.02
832,83.1024,COMPLETE,4.04
833,83.2024,COMPLETE,1.06
834,83.3024,COMPLETE,0
835,83.4024,DEPLETED,0
836,83.5024,DEPLETED,0
837,83.6024,DEPLETED,0
838,83.7024,DEPLETED,0
839,83.8024,DEPLETED,0
840,83.9024,DEPLETED,0
841,84.0024,COMPLETE,7.02
842,84.1024,COMPLETE,4.04
843,84.2024,COMPLETE,1.06
844,84.3024,COMPLETE,0
845,84.4024,DEPLETED,0
846,84.5024,DEPLETED,0
847,84.6024,DEPLETED,0
848,84.7024,DEPLETED,0
849,84.8024,DEPLETED,0
850,84.9024,DEPLETED,0
851,85.0024,COMPLETE,7.02
852,85.1024,COMPLETE,4.04
853,85.2024,COMPLETE,1.06
854,85.3024,COMPLETE,0
855,85.4024,DEPLETED,0
856,85.5024,DEPLETED,0
857,85.6024,DEPLETED,0
858,85.7024,DEPLETED,0
859,85.8024,DEPLETED,0
860,85.9024,DEPLETED,0
861,86.0024,COMPLETE,7.02
862,86.1024,COMPLETE,4.04
863,86.2024,COMPLETE,1.06
864,86.3024,COMPLETE,0
865,86.4024,DEPLETED,0
866,86.5024,DEPLETED,0
867,86.6024,DEPLETED,0
868,86.7024,DEPLETED,0
869,86.8024,DEPLETED,0
870,86.9024,DEPLETED,0
871,87.0024,COMPLETE,7.02
872,87.1024,COMPLETE,4.04
873,87.2024,COMPLETE,1.06
874,87.3024,COMPLETE,0
875,87.4024,DEPLETED,0
876,87.5024,DEPLETED,0
877,87.6024,DEPLETED,0
878,87.7024,DEPLETED,0
879,87.8024,DEPLETED,0
880,87.9024,DEPLETED,0
881,88.0024,COMPLETE,7.02
882,88.1024,COMPLETE,4.04
883,88.2024,COMPLETE,1.06
884,88.3024,COMPLETE,0
885,88.4024,DEPLETED,0
886,88.5024,DEPLETED,0
887,88.6024,DEPLETED,0
888,88.7024,DEPLETED,0
889,88.8024,DEPLETED,0
890,88.9024,DEPLETED,0
891,89.0024,COMPLETE,7.02
892,89.1024,COMPLETE,4.04
893,89.2024,COMPLETE,1.06
894,89.3024,COMPLETE,0
895,89.4024,DEPLETED,0
896,89.5024,DEPLETED,0
897,89.6024,DEPLETED,0
898,89.7024,DEPLETED,0
899,89.8024,DEPLETED,0
900,89.9024,DEPLETED,0
901,90.0024,COMPLETE,7.02
902,90.1024,COMPLETE,4.04
903,90.2024,COMPLETE,1.06
904,90.3024,COMPLETE,0
905,90.4024,DEPLETED,0
906,90.5024,DEPLETED,0
907,90.6024,DEPLETED,0
908,90.7024,DEPLETED,0
909,90.8024,DEPLETED,0
910,90.9024,DEPLETED,0
911,91.0024,COMPLETE,7.02
912,91.1024,COMPLETE,4.04
913,91.2024,COMPLETE,1.06
914,91.3024,COMPLETE,0
915,91.4024,DEPLETED,0
916,91.5024,DEPLETED,0
917,91.6024,DEPLETED,0
918,91.7024,DEPLETED,0
919,91.8024,DEPLETED,0
920,91.9024,DEPLETED,0
921,92.0024,COMPLETE,7.02
922,92.1024,COMPLETE,4.04
923,92.2024,COMPLETE,1.06
924,92.3024,COMPLETE,0
925,92.4024,DEPLETED,0
926,92.5024,DEPLETED,0
927,92.6024,DEPLETED,0
928,92.7024,DEPLETED,0
929,92.8024,DEPLETED,0
930,92.9024,DEPLETED,0
931,93.0024,COMPLETE,7.02
932,93.1024,COMPLETE,4.04
933,93.2024,COMPLETE,1.06
934,93.3024,COMPLETE,0
935,93.4024,DEPLETED,0
936,93.5024,DEPLETED,0
937,93.6024,DEPLETED,0
938,93.7024,DEPLETED,0
939,93.8024,DEPLETED,0
940,93.9024,DEPLETED,0
941,94.0024,COMPLETE,7.02
942,94.1024,COMPLETE,4.04
943,94.2024,COMPLETE,1.06
944,94.3024,COMPLETE,0
945,94.4024,DEPLETED,0
946,94.5024,DEPLETED,0
947,94.6024,DEPLETED,0
948,94.7024,DEPLETED,0
949,94.8024,DEPLETED,0
950,94.9024,DEPLETED,0
951,95.0024,COMPLETE,7.02
952,95.1024,COMPLETE,4.04
953,95.2024,COMPLETE,1.06
954,95.3024,COMPLETE,0
955,95.4024,DEPLETED,0
956,95.5024,DEPLETED,0
957,95.6024,DEPLETED,0
958,95.7024,DEPLETED,0
959,95.8024,DEPLETED,0
960,95.9024,DEPLETED,0
961,96.0024,COMPLETE,7.02
962,96.1024,COMPLETE,4.04
963,96.2024,COMPLETE,1.06
964,96.3024,COMPLETE,0
965,96.4024,DEPLETED,0
966,96.5024,DEPLETED,0
967,96.6024,DEPLETED,0
968,96.7024,DEPLETED,0
969,96.8024,DEPLETED,0
970,96.9024,DEPLETED,0
971,97.0024,COMPLETE,7.02
972,97.1024,COMPLETE,4.04
973,97.2024,COMPLETE,1.06
974,97.3024,COMPLETE,0
975,97.4024,DEPLETED,0
976,97.5024,DEPLETED,0
977,97.6024,DEPLETED,0
978,97.7024,DEPLETED,0
979,97.8024,DEPLETED,0
980,97.9024,DEPLETED,0
981,98.0024,COMPLETE,7.02
982,98.1024,COMPLETE,4.04
983,98.2024,COMPLETE,1.06
984,98.3024,COMPLETE,0
985,98.4024,DEPLETED,0
986,98.5024,DEPLETED,0
987,98.6024,DEPLETED,0
988,98.7024,DEPLETED,0
989,98.8024,DEPLETED,0
990,98.9024,DEPLETED,0
991,99.0024,COMPLETE,7.02
992,99.1024,COMPLETE,4.04
993,99.2024,COMPLETE,1.06
994,99.3024,COMPLETE,0
995,99.4024,DEPLETED,0
996,99.5024,DEPLETED,0
997,99.6024,DEPLETED,0
998,99.7024,DEPLETED,0
999,99.8024,DEPLETED,0
1000,99.9024,DEPLETED,0
1001,100.002,COMPLETE,7.02
1002,100.102,COMPLETE,4.04
1003,100.202,COMPLETE,1.06
1004,100.302,COMPLETE,0
1005,100.402,DEPLETED,0
1006,100.502,DEPLETED,0
1007,100.602,DEPLETED,0
1008,100.702,DEPLETED,0
1009,100.802,DEPLETED,0
1010,100.902,DEPLETED,0
1011,101.002,COMPLETE,7.02
1012,101.102,COMPLETE,4.04
1013,101.202,COMPLETE,1.06
1014,101.302,COMPLETE,0
1015,101.402,DEPLETED,0
1016,101.502,DEPLETED,0
1017,101.602,DEPLETED,0
1018,101.702,DEPLETED,0
1019,101.802,DEPLETED,0
1020,101.902,DEPLETED,0
1021,102.002,COMPLETE,7.02
1022,102.102,COMPLETE,4.04
1023,102.202,COMPLETE,1.06
1024,102.302,COMPLETE,0
1025,102.402,DEPLETED,0
1026,102.502,DEPLETED,0
1027,102.602,DEPLETED,0
1028,102.702,DEPLETED,0
1029,102.802,DEPLETED,0
1030,102.902,DEPLETED,0
1031,103.002,COMPLETE,7.02
1032,103.102,COMPLETE,4.04
1033,103.202,COMPLETE,1.06
1034,103.302,COMPLETE,0
1035,103.402,DEPLETED,0
1036,103.502,DEPLETED,0
1037,103.602,DEPLETED,0
1038,103.702,DEPLETED,0
1039,103.802,DEPLETED,0
1040,103.902,DEPLETED,0
1041,104.002,COMPLETE,7.02
1042,104.102,COMPLETE,4.04
1043,104.202,COMPLETE,1.06
1044,104.302,COMPLETE,0
1045,104.402,DEPLETED,0
1046,104.502,DEPLETED,0
1047,104.602,DEPLETED,0
1048,104.702,DEPLETED,0
1049,104.802,DEPLETED,0
1050,104.902,DEPLETED,0
1051,105.002,COMPLETE,7.02
1052,105.102,COMPLETE,4.04
1053,105.202,COMPLETE,1.06
1054,105.302,COMPLETE,0
1055,105.402,DEPLETED,0
1056,105.502,DEPLETED,0
1057,105.602,DEPLETED,0
1058,105.702,DEPLETED,0
1059,105.802,DEPLETED,0
1060,105.902,DEPLETED,0
1061,106.002,COMPLETE,7.02
1062,106.102,COMPLETE,4.04
1063,106.202,COMPLETE,1.06
1064,106.302,COMPLETE,0
1065,106.402,DEPLETED,0
1066,106.502,DEPLETED,0
1067,106.602,DEPLETED,0
1068,106.702,DEPLETED,0
1069,106.802,DEPLETED,0
1070,106.902,DEPLETED,0
1071,107.002,COMPLETE,7.02
1072,107.102,COMPLETE,4.04
1073,107.202,COMPLETE,1.06
1074,107.302,COMPLETE,0
1075,107.402,DEPLETED,0
1076,107.502,DEPLETED,0
1077,107.602,DEPLETED,0
1078,107.702,DEPLETED,0
1079,107.802,DEPLETED,0
1080,107.902,DEPLETED,0
1081,108.002,COMPLETE,7.02
1082,108.102,COMPLETE,4.04
1083,108.202,COMPLETE,1.06
1084,108.302,COMPLETE,0
1085,108.402,DEPLETED,0
1086,108.502,DEPLETED,0
1087,108.602,DEPLETED,0
1088,108.702,DEPLETED,0
1089,108.802,DEPLETED,0
1090,108.902,DEPLETED,0
1091,109.002,COMPLETE,7.02
1092,109.102,COMPLETE,4.04
1093,109.202,COMPLETE,1.06
1094,109.302,COMPLETE,0
1095,109.402,DEPLETED,0
1096,109.502,DEPLETED,0
1097,109.602,DEPLETED,0
1098,109.702,DEPLETED,0
1099,109.802,DEPLETED,0
1100,109.902,DEPLETED,0
1101,110.002,COMPLETE,7.02
1102,110.102,COMPLETE,4.04
1103,110.202,COMPLETE,1.06
1104,110.302,COMPLETE,0
1105,110.402,DEPLETED,0
1106,110.502,DEPLETED,0
1107,110.602,DEPLETED,0
1108,110.702,DEPLETED,0
1109,110.802,DEPLETED,0
1110,110.902,DEPLETED,0
1111,111.002,COMPLETE,7.02
1112,111.102,COMPLETE,4.04
1113,111.202,COMPLETE,1.06
1114,111.302,COMPLETE,0
1115,111.402,DEPLETED,0
1116,111.502,DEPLETED,0
1117,111.602,DEPLETED,0
1118,111.702,DEPLETED,0
1119,111.802,DEPLETED,0
1120,111.902,DEPLETED,0
1121,112.002,COMPLETE,7.02
1122,112.102,COMPLETE,4.04
1123,112.202,COMPLETE,1.06
1124,112.302,COMPLETE,0
1125,112.402,DEPLETED,0
1126,112.502,DEPLETED,0
1127,112.602,DEPLETED,0
1128,112.702,DEPLETED,0
1129,112.802,DEPLETED,0
1130,112.902,DEPLETED,0
1131,113.002,COMPLETE,7.02
1132,113.102,COMPLETE,4.04
1133,113.202,COMPLETE,1.06
1134,113.302,COMPLETE,0
1135,113.402,DEPLETED,0
1136,113.502,DEPLETED,0
1137,113.602,DEPLETED,0
1138,113.702,DEPLETED,0
1139,113.802,DEPLETED,0
1140,113.902,DEPLETED,0
1141,114.002,COMPLETE,7.02
1142,114.102,COMPLETE,4.04
1143,114.202,COMPLETE,1.06
1144,114.302,COMPLETE,0
1145,114.402,DEPLETED,0
1146,114.502,DEPLETED,0
1147,114.602,DEPLETED,0
1148,114.702,DEPLETED,0
1149,114.802,DEPLETED,0
1150,114.902,DEPLETED,0
1151,115.002,COMPLETE,7.02
1152,115.102,COMPLETE,4.04
1153,115.202,COMPLETE,1.06
1154,115.302,COMPLETE,0
1155,115.402,DEPLETED,0
1156,115.502,DEPLETED,0
1157,115.602,DEPLETED,0
1158,115.702,DEPLETED,0
1159,115.802,DEPLETED,0
1160,115.902,DEPLETED,0
1161,116.002,COMPLETE,7.02
1162,116.102,COMPLETE,4.04
1163,116.202,COMPLETE,1.06
1164,116.302,COMPLETE,0
1165,116.402,DEPLETED,0
1166,116.502,DEPLETED,0
1167,116.602,DEPLETED,0
1168,116.702,DEPLETED,0
1169,116.802,DEPLETED,0
1170,116.902,DEPLETED,0
1171,117.002,COMPLETE,7.02
1172,117.102,COMPLETE,4.04
1173,117.202,COMPLETE,1.06
1174,117.302,COMPLETE,0
1175,117.402,DEPLETED,0
1176,117.502,DEPLETED,0
1177,117.602,DEPLETED,0
1178,117.702,DEPLETED,0
1179,117.802,DEPLETED,0
1180,117.902,DEPLETED,0
1181,118.002,COMPLETE,7.02
1182,118.102,COMPLETE,4.04
1183,118.202,COMPLETE,1.06
1184,118.302,COMPLETE,0
1185,118.402,DEPLETED,0
1186,118.502,DEPLETED,0
1187,118.602,DEPLETED,0
1188,118.702,DEPLETED,0
1189,118.802,DEPLETED,0
1190,118.902,DEPLETED,0
1191,119.002,COMPLETE,7.02
1192,119.102,COMPLETE,4.04
1193,119.202,COMPLETE,1.06
1194,119.302,COMPLETE,0
1195,119.402,DEPLETED,0
1196,119.502,DEPLETED,0
1197,119.602,DEPLETED,0
1198,119.702,DEPLETED,0
1199,119.802,DEPLETED,0
1200,119.902,DEPLETED,0
1201,120.002,COMPLETE,7.02
1202,120.102,COMPLETE,4.04
1203,120.202,COMPLETE,1.06
1204,120.302,COMPLETE,0
1205,120.402,DEPLETED,0
1206,120.502,DEPLETED,0
1207,120.602,DEPLETED,0
1208,120.702,DEPLETED,0
1209,120.802,DEPLETED,0
1210,120.902,DEPLETED,0
1211,121.002,COMPLETE,7.02
1212,121.102,COMPLETE,4.04
1213,121.202,COMPLETE,1.06
1214,121.302,COMPLETE,0
1215,121.402,DEPLETED,0
1216,121.502,DEPLETED,0
1217,121.602,DEPLETED,0
1218,121.702,DEPLETED,0
1219,121.802,DEPLETED,0
1220,121.902,DEPLETED,0
1221,122.002,COMPLETE,7.02
1222,122.102,COMPLETE,4.04
1223,122.202,COMPLETE,1.06
1224,122.302,COMPLETE,0
1225,122.402,DEPLETED,0
1226,122.502,DEPLETED,0
1227,122.602,DEPLETED,0
1228,122.702,DEPLETED,0
1229,122.802,DEPLETED,0
1230,122.902,DEPLETED,0
1231,123.002,COMPLETE,7.02
1232,123.102,COMPLETE,4.04
1233,123.202,COMPLETE,1.06
1234,123.302,COMPLETE,0
1235,123.402,DEPLETED,0
1236,123.502,DEPLETED,0
1237,123.602,DEPLETED,0
1238,123.702,DEPLETED,0
1239,123.802,DEPLETED,0
1240,123.902,DEPLETED,0
1241,124.002,COMPLETE,7.02
1242,124.102,COMPLETE,4.04
1243,124.202,COMPLETE,1.06
1244,124.302,COMPLETE,0
1245,124.402,DEPLETED,0
1246,124.502,DEPLETED,0
1247,124.602,DEPLETED,0
1248,124.702,DEPLETED,0
1249,124.802,DEPLETED,0
1250,124.902,DEPLETED,0
1251,125.002,COMPLETE,7.02
1252,125.102,COMPLETE,4.04
1253,125.202,COMPLETE,1.06
1254,125.302,COMPLETE,0
1255,125.402,DEPLETED,0
1256,125.502,DEPLETED,0
1257,125.602,DEPLETED,0
1258,125.702,DEPLETED,0
1259,125.802,DEPLETED,0
1260,125.902,DEPLETED,0
1261,126.002,COMPLETE,7.02
1262,126.102,COMPLETE,4.04
1263,126.202,COMPLETE,1.06
1264,126.302,COMPLETE,0
1265,126.402,DEPLETED,0
1266,126.502,DEPLETED,0
1267,126.602,DEPLETED,0
1268,126.702,DEPLETED,0
1269,126.802,DEPLETED,0
1270,126.902,DEPLETED,0
1271,127.002,COMPLETE,7.02
1272,127.102,COMPLETE,4.04
1273,127.202,COMPLETE,1.06
1274,127.302,COMPLETE,0
1275,127.402,DEPLETED,0
1276,127.502,DEPLETED,0
1277,127.602,DEPLETED,0
1278,127.702,DEPLETED,0
1279,127.802,DEPLETED,0
1280,127.902,DEPLETED,0
1281,128.002,COMPLETE,7.02
1282,128.102,COMPLETE,4.04
1283,128.202,COMPLETE,1.06
1284,128.302,COMPLETE,0
1285,128.402,DEPLETED,0
1286,128.502,DEPLETED,0
1287,128.602,DEPLETED,0
1288,128.702,DEPLETED,0
1289,128.802,DEPLETED,0
1290,128.902,DEPLETED,0
1291,129.002,COMPLETE,7.02
1292,129.102,COMPLETE,4.04
1293,129.202,COMPLETE,1.06
1294,129.302,COMPLETE,0
1295,129.402,DEPLETED,0
1296,129.502,DEPLETED,0
1297,129.602,DEPLETED,0
1298,129.702,DEPLETED,0
1299,129.802,DEPLETED,0
1300,129.902,DEPLETED,0
1301,130.002,COMPLETE,7.02
1302,130.102,COMPLETE,4.04
1303,130.202,COMPLETE,1.06
1304,130.302,COMPLETE,0
1305,130.402,DEPLETED,0
1306,130.502,DEPLETED,0
1307,130.602,DEPLETED,0
1308,130.702,DEPLETED,0
1309,130.802,DEPLETED,0
1310,130.902,DEPLETED,0
1311,131.002,COMPLETE,7.02
1312,131.102,COMPLETE,4.04
1313,131.202,COMPLETE,1.06
1314,131.302,COMPLETE,0
1315,131.402,DEPLETED,0
1316,131.502,DEPLETED,0
1317,131.602,DEPLETED,0
1318,131.702,DEPLETED,0
1319,131.802,DEPLETED,0
1320,131.902,DEPLETED,0
1321,132.002,COMPLETE,7.02
1322,132.102,COMPLETE,4.04
1323,132.202,COMPLETE,1.06
1324,132.302,COMPLETE,0
1325,132.402,DEPLETED,0
1326,132.502,DEPLETED,0
1327,132.602,DEPLETED,0
1328,132.702,DEPLETED,0
1329,132.802,DEPLETED,0
1330,132.902,DEPLETED,0
1331,133.002,COMPLETE,7.02
1332,133.102,COMPLETE,4.04
1333,133.202,COMPLETE,1.06
1334,133.302,COMPLETE,0
1335,133.402,DEPLETED,0
1336,133.502,DEPLETED,0
1337,133.602,DEPLETED,0
1338,133.702,DEPLETED,0
1339,133.802,DEPLETED,0
1340,133.902,DEPLETED,0
1341,134.002,COMPLETE,7.02
1342,134.102,COMPLETE,4.04
1343,134.202,COMPLETE,1.06
1344,134.302,COMPLETE,0
1345,134.402,DEPLETED,0
1346,134.502,DEPLETED,0
1347,134.602,DEPLETED,0
1348,134.702,DEPLETED,0
1349,134.802,DEPLETED,0
1350,134.902,DEPLETED,0
1351,135.002,COMPLETE,7.02
1352,135.102,COMPLETE,4.04
1353,135.202,COMPLETE,1.06
1354,135.302,COMPLETE,0
1355,135.402,DEPLETED,0
1356,135.502,DEPLETED,0
1357,135.602,DEPLETED,0
1358,135.702,DEPLETED,0
1359,135.802,DEPLETED,0
1360,135.902,DEPLETED,0
1361,136.002,COMPLETE,7.02
1362,136.102,COMPLETE,4.04
1363,136.202,COMPLETE,1.06
1364,136.302,COMPLETE,0
1365,136.402,DEPLETED,0
1366,136.502,DEPLETED,0
1367,136.602,DEPLETED,0
1368,136.702,DEPLETED,0
1369,136.802,DEPLETED,0
1370,136.902,DEPLETED,0
1371,137.002,COMPLETE,7.02
1372,137.102,COMPLETE,4.04
1373,137.202,COMPLETE,1.06
1374,137.302,COMPLETE,0
1375,137.402,DEPLETED,0
1376,137.502,DEPLETED,0
1377,137.602,DEPLETED,0
1378,137.702,DEPLETED,0
1379,137.802,DEPLETED,0
1380,137.902,DEPLETED,0
1381,138.002,COMPLETE,7.02
1382,138.102,COMPLETE,4.04
1383,138.202,COMPLETE,1.06
1384,138.302,COMPLETE,0
1385,138.402,DEPLETED,0
1386,138.502,DEPLETED,0
1387,138.602,DEPLETED,0
1388,138.702,DEPLETED,0
1389,138.802,DEPLETED,0
1390,138.902,DEPLETED,0
1391,139.002,COMPLETE,7.02
1392,139.102,COMPLETE,4.04
1393,139.202,COMPLETE,1.06
1394,139.302,COMPLETE,0
1395,139.402,DEPLETED,0
1396,139.502,DEPLETED,0
1397,139.602,DEPLETED,0
1398,139.702,DEPLETED,0
1399,139.802,DEPLETED,0
1400,139.902,DEPLETED,0
1401,140.002,COMPLETE,7.02
1402,140.102,COMPLETE,4.04
1403,140.202,COMPLETE,1.06
1404,140.302,COMPLETE,0
1405,140.402,DEPLETED,0
1406,140.502,DEPLETED,0
1407,140.602,DEPLETED,0
1408,140.702,DEPLETED,0
1409,140.802,DEPLETED,0
1410,140.902,DEPLETED,0
1411,141.002,COMPLETE,7.02
1412,141.102,COMPLETE,4.04
1413,141.202,COMPLETE,1.06
1414,141.302,COMPLETE,0
1415,141.402,DEPLETED,0
1416,141.502,DEPLETED,0
1417,141.602,DEPLETED,0
1418,141.702,DEPLETED,0
1419,141.802,DEPLETED,0
1420,141.902,DEPLETED,0
1421,142.002,COMPLETE,7.02
1422,142.102,COMPLETE,4.04
1423,142.202,COMPLETE,1.06
1424,142.302,COMPLETE,0
1425,142.402,DEPLETED,0
1426,142.502,DEPLETED,0
1427,142.602,DEPLETED,0
1428,142.702,DEPLETED,0
1429,142.802,DEPLETED,0
1430,142.902,DEPLETED,0
1431,143.002,COMPLETE,7.02
1432,143.102,COMPLETE,4.04
1433,143.202,COMPLETE,1.06
1434,143.302,COMPLETE,0
1435,143.402,DEPLETED,0
1436,143.502,DEPLETED,0
1437,143.602,DEPLETED,0
1438,143.702,DEPLETED,0
1439,143.802,DEPLETED,0
1440,143.902,DEPLETED,0
1441,144.002,COMPLETE,7.02
1442,144.102,COMPLETE,4.04
1443,144.202,COMPLETE,1.06
1444,144.302,COMPLETE,0
1445,144.402,DEPLETED,0
1446,144.502,DEPLETED,0
1447,144.602,DEPLETED,0
1448,144.702,DEPLETED,0
1449,144.802,DEPLETED,0
1450,144.902,DEPLETED,0
1451,145.002,COMPLETE,7.02
1452,145.102,COMPLETE,4.04
1453,145.202,COMPLETE,1.06
1454,145.302,COMPLETE,0
1455,145.402,DEPLETED,0
1456,145.502,DEPLETED,0
1457,145.602,DEPLETED,0
1458,145.702,DEPLETED,0
1459,145.802,DEPLETED,0
1460,145.902,DEPLETED,0
1461,146.002,COMPLETE,7.02
1462,146.102,COMPLETE,4.04
1463,146.202,COMPLETE,1.06
1464,146.302,COMPLETE,0
1465,146.402,DEPLETED,0
1466,146.502,DEPLETED,0
1467,146.602,DEPLETED,0
1468,146.702,DEPLETED,0
1469,146.802,DEPLETED,0
1470,146.902,DEPLETED,0
1471,147.002,COMPLETE,7.02
1472,147.102,COMPLETE,4.04
1473,147.202,COMPLETE,1.06
1474,147.302,COMPLETE,0
1475,147.402,DEPLETED,0
1476,147.502,DEPLETED,0
1477,147.602,DEPLETED,0
1478,147.702,DEPLETED,0
1479,147.802,DEPLETED,0
1480,147.902,DEPLETED,0
1481,148.002,COMPLETE,7.02
1482,148.102,COMPLETE,4.04
1483,148.202,COMPLETE,1.06
1484,148.302,COMPLETE,0
1485,148.402,DEPLETED,0
1486,148.502,DEPLETED,0
1487,148.602,DEPLETED,0
1488,148.702,DEPLETED,0
1489,148.802,DEPLETED,0
1490,148.902,DEPLETED,0
1491,149.002,COMPLETE,7.02
1492,149.102,COMPLETE,4.04
1493,149.202,COMPLETE,1.06
1494,149.302,COMPLETE,0
1495,149.402,DEPLETED,0
1496,149.502,DEPLETED,0
1497,149.602,DEPLETED,0
1498,149.702,DEPLETED,0
1499,149.802,DEPLETED,0
1500,149.902,DEPLETED,0
1501,150.002,COMPLETE,7.02
1502,150.102,COMPLETE,4.04
1503,150.202,COMPLETE,1.06
1504,150.302,COMPLETE,0
1505,150.402,DEPLETED,0
1506,150.502,DEPLETED,0
1507,150.602,DEPLETED,0
1508,150.702,DEPLETED,0
1509,150.802,DEPLETED,0
1510,150.902,DEPLETED,0
1511,151.002,COMPLETE,7.02
1512,151.102,COMPLETE,4.04
1513,151.202,COMPLETE,1.06
1514,151.302,COMPLETE,0
1515,151.402,DEPLETED,0
1516,151.502,DEPLETED,0
1517,151.602,DEPLETED,0
1518,151.702,DEPLETED,0
1519,151.802,DEPLETED,0
1520,151.902,DEPLETED,0
1521,152.002,COMPLETE,7.02
1522,152.102,COMPLETE,4.04
1523,152.202,COMPLETE,1.06
1524,152.302,COMPLETE,0
1525,152.402,DEPLETED,0
1526,152.502,DEPLETED,0
1527,152.602,DEPLETED,0
1528,152.702,DEPLETED,0
1529,152.802,DEPLETED,0
1530,152.902,DEPLETED,0
1531,153.002,COMPLETE,7.02
1532,153.102,COMPLETE,4.04
1533,153.202,COMPLETE,1.06
1534,153.302,COMPLETE,0
1535,153.402,DEPLETED,0
1536,153.502,DEPLETED,0
1537,153.602,DEPLETED,0
1538,153.702,DEPLETED,0
1539,153.802,DEPLETED,0
1540,153.902,DEPLETED,0
1541,154.002,COMPLETE,7.02
1542,154.102,COMPLETE,4.04
1543,154.202,COMPLETE,1.06
1544,154.302,COMPLETE,0
1545,154.402,DEPLETED,0
1546,154.502,DEPLETED,0
1547,154.602,DEPLETED,0
1548,154.702,DEPLETED,0
1549,154.802,DEPLETED,0
1550,154.902,DEPLETED,0
1551,155.002,COMPLETE,7.02
1552,155.102,COMPLETE,4.04
1553,155.202,COMPLETE,1.06
1554,155.302,COMPLETE,0
1555,155.402,DEPLETED,0
1556,155.502,DEPLETED,0
1557,155.602,DEPLETED,0
1558,155.702,DEPLETED,0
1559,155.802,DEPLETED,0
1560,155.902,DEPLETED,0
1561,156.002,COMPLETE,7.02
1562,156.102,COMPLETE,4.04
1563,156.202,COMPLETE,1.06
1564,156.302,COMPLETE,0
1565,156.402,DEPLETED,0
1566,156.502,DEPLETED,0
1567,156.602,DEPLETED,0
1568,156.702,DEPLETED,0
1569,156.802,DEPLETED,0
1570,156.902,DEPLETED,0
1571,157.002,COMPLETE,7.02
1572,157.102,COMPLETE,4.04
1573,157.202,COMPLETE,1.06
1574,157.302,COMPLETE,0
1575,157.402,DEPLETED,0
1576,157.502,DEPLETED,0
1577,157.602,DEPLETED,0
1578,157.702,DEPLETED,0
1579,157.802,DEPLETED,0
1580,157.902,DEPLETED,0
1581,158.002,COMPLETE,7.02
1582,158.102,COMPLETE,4.04
1583,158.202,COMPLETE,1.06
1584,158.302,COMPLETE,0
1585,158.402,DEPLETED,0
1586,158.502,DEPLETED,0
1587,158.602,DEPLETED,0
1588,158.702,DEPLETED,0
1589,158.802,DEPLETED,0
1590,158.902,DEPLETED,0
1591,159.002,COMPLETE,7.02
1592,159.102,COMPLETE,4.04
1593,159.202,COMPLETE,1.06
1594,159.302,COMPLETE,0
1595,159.402,DEPLETED,0
1596,159.502,DEPLETED,0
1597,159.602,DEPLETED,0
1598,159.702,DEPLETED,0
1599,159.802,DEPLETED,0
1600,159.902,DEPLETED,0
1601,160.002,COMPLETE,7.02
1602,160.102,COMPLETE,4.04
1603,160.202,COMPLETE,1.06
1604,160.302,COMPLETE,0
1605,160.402,DEPLETED,0
1606,160.502,DEPLETED,0
1607,160.602,DEPLETED,0
1608,160.702,DEPLETED,0
1609,160.802,DEPLETED,0
1610,160.902,DEPLETED,0
1611,161.002,COMPLETE,7.02
1612,161.102,COMPLETE,4.04
1613,161.202,COMPLETE,1.06
1614,161.302,COMPLETE,0
1615,161.402,DEPLETED,0
1616,161.502,DEPLETED,0
1617,161.602,DEPLETED,0
1618,161.702,DEPLETED,0
1619,161.802,DEPLETED,0
1620,161.902,DEPLETED,0
1621,162.002,COMPLETE,7.02
1622,162.102,COMPLETE,4.04
1623,162.202,COMPLETE,1.06
1624,162.302,COMPLETE,0
1625,162.402,DEPLETED,0
1626,162.502,DEPLETED,0
1627,162.602,DEPLETED,0
1628,162.702,DEPLETED,0
1629,162.802,DEPLETED,0
1630,162.902,DEPLETED,0
1631,163.002,COMPLETE,7.02
1632,163.102,COMPLETE,4.04
1633,163.202,COMPLETE,1.06
1634,163.302,COMPLETE,0
1635,163.402,DEPLETED,0
1636,163.502,DEPLETED,0
1637,163.602,DEPLETED,0
1638,163.702,DEPLETED,0
1639,163.802,DEPLETED,0
1640,163.902,DEPLETED,0
1641,164.002,COMPLETE,7.02
1642,164.102,COMPLETE,4.04
1643,164.202,COMPLETE,1.06
1644,164.302,COMPLETE,0
1645,164.402,DEPLETED,0
1646,164.502,DEPLETED,0
1647,164.602,DEPLETED,0
1648,164.702,DEPLETED,0
1649,164.802,DEPLETED,0
1650,164.902,DEPLETED,0
1651,165.002,COMPLETE,7.02
1652,165.102,COMPLETE,4.04
1653,165.202,COMPLETE,1.06
1654,165.302,COMPLETE,0
1655,165.402,DEPLETED,0
1656,165.502,DEPLETED,0
1657,165.602,DEPLETED,0
1658,165.702,DEPLETED,0
1659,165.802,DEPLETED,0
1660,165.902,DEPLETED,0
1661,166.002,COMPLETE,7.02
1662,166.102,COMPLETE,4.04
1663,166.202,COMPLETE,1.06
1664,166.302,COMPLETE,0
1665,166.402,DEPLETED,0
1666,166.502,DEPLETED,0
1667,166.602,DEPLETED,0
1668,166.702,DEPLETED,0
1669,166.802,DEPLETED,0
1670,166.902,DEPLETED,0
1671,167.002,COMPLETE,7.02
1672,167.102,COMPLETE,4.04
1673,167.202,COMPLETE,1.06
1674,167.302,COMPLETE,0
1675,167.402,DEPLETED,0
1676,167.502,DEPLETED,0
1677,167.602,DEPLETED,0
1678,167.702,DEPLETED,0
1679,167.802,DEPLETED,0
1680,167.902,DEPLETED,0
1681,168.002,COMPLETE,7.02
1682,168.102,COMPLETE,4.04
1683,168.202,COMPLETE,1.06
1684,168.302,COMPLETE,0
1685,168.402,DEPLETED,0
1686,168.502,DEPLETED,0
1687,168.602,DEPLETED,0
1688,168.702,DEPLETED,0
1689,168.802,DEPLETED,0
1690,168.902,DEPLETED,0
1691,169.002,COMPLETE,7.02
1692,169.102,COMPLETE,4.04
1693,169.202,COMPLETE,1.06
1694,169.302,COMPLETE,0
1695,169.402,DEPLETED,0
1696,169.502,DEPLETED,0
1697,169.602,DEPLETED,0
1698,169.702,DEPLETED,0
1699,169.802,DEPLETED,0
1700,169.902,DEPLETED,0
1701,170.002,COMPLETE,7.02
1702,170.102,COMPLETE,4.04
1703,170.202,COMPLETE,1.06
1704,170.302,COMPLETE,0
1705,170.402,DEPLETED,0
1706,170.502,DEPLETED,0
1707,170.602,DEPLETED,0
1708,170.702,DEPLETED,0
1709,170.802,DEPLETED,0
1710,170.902,DEPLETED,0
1711,171.002,COMPLETE,7.02
1712,171.102,COMPLETE,4.04
1713,171.202,COMPLETE,1.06
1714,171.302,COMPLETE,0
1715,171.402,DEPLETED,0
1716,171.502,DEPLETED,0
1717,171.602,DEPLETED,0
1718,171.702,DEPLETED,0
1719,171.802,DEPLETED,0
1720,171.902,DEPLETED,0
1721,172.002,COMPLETE,7.02
1722,172.102,COMPLETE,4.04
1723,172.202,COMPLETE,1.06
1724,172.302,COMPLETE,0
1725,172.402,DEPLETED,0
1726,172.502,DEPLETED,0
1727,172.602,DEPLETED,0
1728,172.702,DEPLETED,0
1729,172.802,DEPLETED,0
1730,172.902,DEPLETED,0
1731,173.002,COMPLETE,7.02
1732,173.102,COMPLETE,4.04
1733,173.202,COMPLETE,1.06
1734,173.302,COMPLETE,0
1735,173.402,DEPLETED,0
1736,173.502,DEPLETED,0
1737,173.602,DEPLETED,0
1738,173.702,DEPLETED,0
1739,173.802,DEPLETED,0
1740,173.902,DEPLETED,0
1741,174.002,COMPLETE,7.02
1742,174.102,COMPLETE,4.04
1743,174.202,COMPLETE,1.06
1744,174.302,COMPLETE,0
1745,174.402,DEPLETED,0
1746,174.502,DEPLETED,0
1747,174.602,DEPLETED,0
1748,174.702,DEPLETED,0
1749,174.802,DEPLETED,0
1750,174.902,DEPLETED,0
1751,175.002,COMPLETE,7.02
1752,175.102,COMPLETE,4.04
1753,175.202,COMPLETE,1.06
1754,175.302,COMPLETE,0
1755,175.402,DEPLETED,0
1756,175.502,DEPLETED,0
1757,175.602,DEPLETED,0
1758,175.702,DEPLETED,0
1759,175.802,DEPLETED,0
1760,175.902,DEPLETED,0
1761,176.002,COMPLETE,7.02
1762,176.102,COMPLETE,4.04
1763,176.202,COMPLETE,1.06
1764,176.302,COMPLETE,0
1765,176.402,DEPLETED,0
1766,176.502,DEPLETED,0
1767,176.602,DEPLETED,0
1768,176.702,DEPLETED,0
1769,176.802,DEPLETED,0
1770,176.902,DEPLETED,0
1771,177.002,COMPLETE,7.02
1772,177.102,COMPLETE,4.04
1773,177.202,COMPLETE,1.06
1774,177.302,COMPLETE,0
1775,177.402,DEPLETED,0
1776,177.502,DEPLETED,0
1777,177.602,DEPLETED,0
1778,177.702,DEPLETED,0
1779,177.802,DEPLETED,0
1780,177.902,DEPLETED,0
1781,178.002,COMPLETE,7.02
1782,178.102,COMPLETE,4.04
1783,178.202,COMPLETE,1.06
1784,178.302,COMPLETE,0
1785,178.402,DEPLETED,0
1786,178.502,DEPLETED,0
1787,178.602,DEPLETED,0
1788,178.702,DEPLETED,0
1789,178.802,DEPLETED,0
1790,178.902,DEPLETED,0
1791,179.002,COMPLETE,7.02
1792,179.102,COMPLETE,4.04
1793,179.202,COMPLETE,1.06
1794,179.302,COMPLETE,0
1795,179.402,DEPLETED,0
1796,179.502,DEPLETED,0
1797,179.602,DEPLETED,0
1798,179.702,DEPLETED,0
1799,179.802,DEPLETED,0
1800,179.902,DEPLETED,0
1801,180.002,COMPLETE,7.02
1802,180.102,COMPLETE,4.04
1803,180.202,COMPLETE,1.06
1804,180.302,COMPLETE,0
1805,180.402,DEPLETED,0
1806,180.502,DEPLETED,0
1807,180.602,DEPLETED,0
1808,180.702,DEPLETED,0
1809,180.802,DEPLETED,0
1810,180.902,DEPLETED,0
1811,181.002,COMPLETE,7.02
1812,181.102,COMPLETE,4.04
1813,181.202,COMPLETE,1.06
1814,181.302,COMPLETE,0
1815,181.402,DEPLETED,0
1816,181.502,DEPLETED,0
1817,181.602,DEPLETED,0
1818,181.702,DEPLETED,0
1819,181.802,DEPLETED,0
1820,181.902,DEPLETED,0
1821,182.002,COMPLETE,7.02
1822,182.102,COMPLETE,4.04
1823,182.202,COMPLETE,1.06
1824,182.302,COMPLETE,0
1825,182.402,DEPLETED,0
1826,182.502,DEPLETED,0
1827,182.602,DEPLETED,0
1828,182.702,DEPLETED,0
1829,182.802,DEPLETED,0
1830,182.902,DEPLETED,0
1831,183.002,COMPLETE,7.02
1832,183.102,COMPLETE,4.04
1833,183.202,COMPLETE,1.06
1834,183.302,COMPLETE,0
1835,183.402,DEPLETED,0
1836,183.502,DEPLETED,0
1837,183.602,DEPLETED,0
1838,183.702,DEPLETED,0
1839,183.802,DEPLETED,0
1840,183.902,DEPLETED,0
1841,184.002,COMPLETE,7.02
1842,184.102,COMPLETE,4.04
1843,184.202,COMPLETE,1.06
1844,184.302,COMPLETE,0
1845,184.402,DEPLETED,0
1846,184.502,DEPLETED,0
1847,184.602,DEPLETED,0
1848,184.702,DEPLETED,0
1849,184.802,DEPLETED,0
1850,184.902,DEPLETED,0
1851,185.002,COMPLETE,7.02
1852,185.102,COMPLETE,4.04
1853,185.202,COMPLETE,1.06
1854,185.302,COMPLETE,0
1855,185.402,DEPLETED,0
1856,185.502,DEPLETED,0
1857,185.602,DEPLETED,0
1858,185.702,DEPLETED,0
1859,185.802,DEPLETED,0
1860,185.902,DEPLETED,0
1861,186.002,COMPLETE,7.02
1862,186.102,COMPLETE,4.04
1863,186.202,COMPLETE,1.06
1864,186.302,COMPLETE,0
1865,186.402,DEPLETED,0
1866,186.502,DEPLETED,0
1867,186.602,DEPLETED,0
1868,186.702,DEPLETED,0
1869,186.802,DEPLETED,0
1870,186.902,DEPLETED,0
1871,187.002,COMPLETE,7.02
1872,187.102,COMPLETE,4.04
1873,187.202,COMPLETE,1.06
1874,187.302,COMPLETE,0
1875,187.402,DEPLETED,0
1876,187.502,DEPLETED,0
1877,187.602,DEPLETED,0
1878,187.702,DEPLETED,0
1879,187.802,DEPLETED,0
1880,187.902,DEPLETED,0
1881,188.002,COMPLETE,7.02
1882,188.102,COMPLETE,4.04
1883,188.202,COMPLETE,1.06
1884,188.302,COMPLETE,0
1885,188.402,DEPLETED,0
1886,188.502,DEPLETED,0
1887,188.602,DEPLETED,0
1888,188.702,DEPLETED,0
1889,188.802,DEPLETED,0
1890,188.902,DEPLETED,0
1891,189.002,COMPLETE,7.02
1892,189.102,COMPLETE,4.04
1893,189.202,COMPLETE,1.06
1894,189.302,COMPLETE,0
1895,189.402,DEPLETED,0
1896,189.502,DEPLETED,0
1897,189.602,DEPLETED,0
1898,189.702,DEPLETED,0
1899,189.802,DEPLETED,0
1900,189.902,DEPLETED,0
1901,190.002,COMPLETE,7.02
1902,190.102,COMPLETE,4.04
1903,190.202,COMPLETE,1.06
1904,190.302,COMPLETE,0
1905,190.402,DEPLETED,0
1906,190.502,DEPLETED,0
1907,190.602,DEPLETED,0
1908,190.702,DEPLETED,0
1909,190.802,DEPLETED,0
1910,190.902,DEPLETED,0
1911,191.002,COMPLETE,7.02
1912,191.102,COMPLETE,4.04
1913,191.202,COMPLETE,1.06
1914,191.302,COMPLETE,0
1915,191.402,DEPLETED,0
1916,191.502,DEPLETED,0
1917,191.602,DEPLETED,0
1918,191.702,DEPLETED,0
1919,191.802,DEPLETED,0
1920,191.902,DEPLETED,0
1921,192.002,COMPLETE,7.02
1922,192.102,COMPLETE,4.04
1923,192.202,COMPLETE,1.06
1924,192.302,COMPLETE,0
1925,192.402,DEPLETED,0
1926,192.502,DEPLETED,0
1927,192.602,DEPLETED,0
1928,192.702,DEPLETED,0
1929,192.802,DEPLETED,0
1930,192.902,DEPLETED,0
1931,193.002,COMPLETE,7.02
1932,193.102,COMPLETE,4.04
1933,193.202,COMPLETE,1.06
1934,193.302,COMPLETE,0
1935,193.402,DEPLETED,0
1936,193.502,DEPLETED,0
1937,193.602,DEPLETED,0
1938,193.702,DEPLETED,0
1939,193.802,DEPLETED,0
1940,193.902,DEPLETED,0
1941,194.002,COMPLETE,7.02
1942,194.102,COMPLETE,4.04
1943,194.202,COMPLETE,1.06
1944,194.302,COMPLETE,0
1945,194.402,DEPLETED,0
1946,194.502,DEPLETED,0
1947,194.602,DEPLETED,0
1948,194.702,DEPLETED,0
1949,194.802,DEPLETED,0
1950,194.902,DEPLETED,0
1951,195.002,COMPLETE,7.02
1952,195.102,COMPLETE,4.04
1953,195.202,COMPLETE,1.06
1954,195.302,COMPLETE,0
1955,195.402,DEPLETED,0
1956,195.502,DEPLETED,0
1957,195.602,DEPLETED,0
1958,195.702,DEPLETED,0
1959,195.802,DEPLETED,0
1960,195.902,DEPLETED,0
1961,196.002,COMPLETE,7.02
1962,196.102,COMPLETE,4.04
1963,196.202,COMPLETE,1.06
1964,196.302,COMPLETE,0
1965,196.402,DEPLETED,0
1966,196.502,DEPLETED,0
1967,196.602,DEPLETED,0
1968,196.702,DEPLETED,0
1969,196.802,DEPLETED,0
1970,196.902,DEPLETED,0
1971,197.002,COMPLETE,7.02
1972,197.102,COMPLETE,4.04
1973,197.202,COMPLETE,1.06
1974,197.302,COMPLETE,0
1975,197.402,DEPLETED,0
1976,197.502,DEPLETED,0
1977,197.602,DEPLETED,0
1978,197.702,DEPLETED,0
1979,197.802,DEPLETED,0
1980,197.902,DEPLETED,0
1981,198.002,COMPLETE,7.02
1982,198.102,COMPLETE,4.04
1983,198.202,COMPLETE,1.06
1984,198.302,COMPLETE,0
1985,198.402,DEPLETED,0
1986,198.502,DEPLETED,0
1987,198.602,DEPLETED,0
1988,198.702,DEPLETED,0
1989,198.802,DEPLETED,0
1990,198.902,DEPLETED,0
1991,199.002,COMPLETE,7.02
1992,199.102,COMPLETE,4.04
1993,199.202,COMPLETE,1.06
1994,199.302,COMPLETE,0
1995,199.402,DEPLETED,0
1996,199.502,DEPLETED,0
1997,199.602,DEPLETED,0
1998,199.702,DEPLETED,0
1999,199.802,DEPLETED,0
2000,199.902,DEPLETED,0
2001,200.002,COMPLETE,7.02
2002,200.102,COMPLETE,4.04
2003,200.202,COMPLETE,1.06
2004,200.302,COMPLETE,0
2005,200.402,DEPLETED,0
2006,200.502,DEPLETED,0
2007,200.602,DEPLETED,0
2008,200.702,DEPLETED,0
2009,200.802,DEPLETED,0
2010,200.902,DEPLETED,0
2011,201.002,COMPLETE,7.02
2012,201.102,COMPLETE,4.04
2013,201.202,COMPLETE,1.06
2014,201.302,COMPLETE,0
2015,201.402,DEPLETED,0
2016,201.502,DEPLETED,0
2017,201.602,DEPLETED,0
2018,201.702,DEPLETED,0
2019,201.802,DEPLETED,0
2020,201.902,DEPLETED,0
2021,202.002,COMPLETE,7.02
2022,202.102,COMPLETE,4.04
2023,202.202,COMPLETE,1.06
2024,202.302,COMPLETE,0
2025,202.402,DEPLETED,0
2026,202.502,DEPLETED,0
2027,202.602,DEPLETED,0
2028,202.702,DEPLETED,0
2029,202.802,DEPLETED,0
2030,202.902,DEPLETED,0
2031,203.002,COMPLETE,7.02
2032,203.102,COMPLETE,4.04
2033,203.202,COMPLETE,1.06
2034,203.302,COMPLETE,0
2035,203.402,DEPLETED,0
2036,203.502,DEPLETED,0
2037,203.602,DEPLETED,0
2038,203.702,DEPLETED,0
2039,203.802,DEPLETED,0
2040,203.902,DEPLETED,0
2041,204.002,COMPLETE,7.02
2042,204.102,COMPLETE,4.04
2043,204.202,COMPLETE,1.06
2044,204.302,COMPLETE,0
2045,204.402,DEPLETED,0
2046,204.502,DEPLETED,0
2047,204.602,DEPLETED,0
2048,204.702,DEPLETED,0
2049,204.802,DEPLETED,0
2050,204.902,DEPLETED,0
2051,205.002,COMPLETE,7.02
2052,205.102,COMPLETE,4.04
2053,205.202,COMPLETE,1.06
2054,205.302,COMPLETE,0
2055,205.402,DEPLETED,0
2056,205.502,DEPLETED,0
2057,205.602,DEPLETED,0
2058,205.702,DEPLETED,0
2059,205.802,DEPLETED,0
2060,205.902,DEPLETED,0
2061,206.002,COMPLETE,7.02
2062,206.102,COMPLETE,4.04
2063,206.202,COMPLETE,1.06
2064,206.302,COMPLETE,0
2065,206.402,DEPLETED,0
2066,206.502,DEPLETED,0
2067,206.602,DEPLETED,0
2068,206.702,DEPLETED,0
2069,206.802,DEPLETED,0
2070,206.902,DEPLETED,0
2071,207.002,COMPLETE,7.02
2072,207.102,COMPLETE,4.04
2073,207.202,COMPLETE,1.06
2074,207.302,COMPLETE,0
2075,207.402,DEPLETED,0
2076,207.502,DEPLETED,0
2077,207.602,DEPLETED,0
2078,207.702,DEPLETED,0
2079,207.802,DEPLETED,0
2080,207.902,DEPLETED,0
2081,208.002,COMPLETE,7.02
2082,208.102,COMPLETE,4.04
2083,208.202,COMPLETE,1.06
2084,208.302,COMPLETE,0
2085,208.402,DEPLETED,0
2086,208.502,DEPLETED,0
2087,208.602,DEPLETED,0
2088,208.702,DEPLETED,0
2089,208.802,DEPLETED,0
2090,208.902,DEPLETED,0
2091,209.002,COMPLETE,7.02
2092,209.102,COMPLETE,4.04
2093,209.202,COMPLETE,1.06
2094,209.302,COMPLETE,0
2095,209.402,DEPLETED,0
2096,209.502,DEPLETED,0
2097,209.602,DEPLETED,0
2098,209.702,DEPLETED,0
2099,209.802,DEPLETED,0
2100,209.902,DEPLETED,0
2101,210.002,COMPLETE,7.02
2102,210.102,COMPLETE,4.04
2103,210.202,COMPLETE,1.06
2104,210.302,COMPLETE,0
2105,210.402,DEPLETED,0
2106,210.502,DEPLETED,0
2107,210.602,DEPLETED,0
2108,210.702,DEPLETED,0
2109,210.802,DEPLETED,0
2110,210.902,DEPLETED,0
2111,211.002,COMPLETE,7.02
2112,211.102,COMPLETE,4.04
2113,211.202,COMPLETE,1.06
2114,211.302,COMPLETE,0
2115,211.402,DEPLETED,0
2116,211.502,DEPLETED,0
2117,211.602,DEPLETED,0
2118,211.702,DEPLETED,0
2119,211.802,DEPLETED,0
2120,211.902,DEPLETED,0
2121,212.002,COMPLETE,7.02
2122,212.102,COMPLETE,4.04
2123,212.202,COMPLETE,1.06
2124,212.302,COMPLETE,0
2125,212.402,DEPLETED,0
2126,212.502,DEPLETED,0
2127,212.602,DEPLETED,0
2128,212.702,DEPLETED,0
2129,212.802,DEPLETED,0
2130,212.902,DEPLETED,0
2131,213.002,COMPLETE,7.02
2132,213.102,COMPLETE,4.04
2133,213.202,COMPLETE,1.06
2134,213.302,COMPLETE,0
2135,213.402,DEPLETED,0
2136,213.502,DEPLETED,0
2137,213.602,DEPLETED,0
2138,213.702,DEPLETED,0
2139,213.802,DEPLETED,0
2140,213.902,DEPLETED,0
2141,214.002,COMPLETE,7.02
2142,214.102,COMPLETE,4.04
2143,214.202,COMPLETE,1.06
2144,214.302,COMPLETE,0
2145,214.402,DEPLETED,0
2146,214.502,DEPLETED,0
2147,214.602,DEPLETED,0
2148,214.702,DEPLETED,0
2149,214.802,DEPLETED,0
2150,214.902,DEPLETED,0
2151,215.002,COMPLETE,7.02
2152,215.102,COMPLETE,4.04
2153,215.202,COMPLETE,1.06
2154,215.302,COMPLETE,0
2155,215.402,DEPLETED,0
2156,215.502,DEPLETED,0
2157,215.602,DEPLETED,0
2158,215.702,DEPLETED,0
2159,215.802,DEPLETED,0
2160,215.902,DEPLETED,0
2161,216.002,COMPLETE,7.02
2162,216.102,COMPLETE,4.04
2163,216.202,COMPLETE,1.06
2164,216.302,COMPLETE,0
2165,216.402,DEPLETED,0
2166,216.502,DEPLETED,0
2167,216.602,DEPLETED,0
2168,216.702,DEPLETED,0
2169,216.802,DEPLETED,0
2170,216.902,DEPLETED,0
2171,217.002,COMPLETE,7.02
2172,217.102,COMPLETE,4.04
2173,217.202,COMPLETE,1.06
2174,217.302,COMPLETE,0
2175,217.402,DEPLETED,0
2176,217.502,DEPLETED,0
2177,217.602,DEPLETED,0
2178,217.702,DEPLETED,0
2179,217.802,DEPLETED,0
2180,217.902,DEPLETED,0
2181,218.002,COMPLETE,7.02
2182,218.102,COMPLETE,4.04
2183,218.202,COMPLETE,1.06
2184,218.302,COMPLETE,0
2185,218.402,DEPLETED,0
2186,218.502,DEPLETED,0
2187,218.602,DEPLETED,0
2188,218.702,DEPLETED,0
2189,218.802,DEPLETED,0
2190,218.902,DEPLETED,0
2191,219.002,COMPLETE,7.02
2192,219.102,COMPLETE,4.04
2193,219.202,COMPLETE,1.06
2194,219.302,COMPLETE,0
2195,219.402,DEPLETED,0
2196,219.502,DEPLETED,0
2197,219.602,DEPLETED,0
2198,219.702,DEPLETED,0
2199,219.802,DEPLETED,0
2200,219.902,DEPLETED,0
2201,220.002,COMPLETE,7.02
2202,220.102,COMPLETE,4.04
2203,220.202,COMPLETE,1.06
2204,220.302,COMPLETE,0
2205,220.402,DEPLETED,0
2206,220.502,DEPLETED,0
2207,220.602,DEPLETED,0
2208,220.702,DEPLETED,0
2209,220.802,DEPLETED,0
2210,220.902,DEPLETED,0
2211,221.002,COMPLETE,7.02
2212,221.102,COMPLETE,4.04
2213,221.202,COMPLETE,1.06
2214,221.302,COMPLETE,0
2215,221.402,DEPLETED,0
2216,221.502,DEPLETED,0
2217,221.602,DEPLETED,0
2218,221.702,DEPLETED,0
2219,221.802,DEPLETED,0
2220,221.902,DEPLETED,0
2221,222.002,COMPLETE,7.02
2222,222.102,COMPLETE,4.04
2223,222.202,COMPLETE,1.06
2224,222.302,COMPLETE,0
2225,222.402,DEPLETED,0
2226,222.502,DEPLETED,0
2227,222.602,DEPLETED,0
2228,222.702,DEPLETED,0
2229,222.802,DEPLETED,0
2230,222.902,DEPLETED,0
2231,223.002,COMPLETE,7.02
2232,223.102,COMPLETE,4.04
2233,223.202,COMPLETE,1.06
2234,223.302,COMPLETE,0
2235,223.402,DEPLETED,0
2236,223.502,DEPLETED,0
2237,223.602,DEPLETED,0
2238,223.702,DEPLETED,0
2239,223.802,DEPLETED,0
2240,223.902,DEPLETED,0
2241,224.002,COMPLETE,7.02
2242,224.102,COMPLETE,4.04
2243,224.202,COMPLETE,1.06
2244,224.302,COMPLETE,0
2245,224.402,DEPLETED,0
2246,224.502,DEPLETED,0
2247,224.602,DEPLETED,0
2248,224.702,DEPLETED,0
2249,224.802,DEPLETED,0
2250,224.902,DEPLETED,0
2251,225.002,COMPLETE,7.02
2252,225.102,COMPLETE,4.04
2253,225.202,COMPLETE,1.06
2254,225.302,COMPLETE,0
2255,225.402,DEPLETED,0
2256,225.502,DEPLETED,0
2257,225.602,DEPLETED,0
2258,225.702,DEPLETED,0
2259,225.802,DEPLETED,0
2260,225.902,DEPLETED,0
2261,226.002,COMPLETE,7.02
2262,226.102,COMPLETE,4.04
2263,226.202,COMPLETE,1.06
2264,226.302,COMPLETE,0
2265,226.402,DEPLETED,0
2266,226.502,DEPLETED,0
2267,226.602,DEPLETED,0
2268,226.702,DEPLETED,0
2269,226.802,DEPLETED,0
2270,226.902,DEPLETED,0
2271,227.002,COMPLETE,7.02
2272,227.102,COMPLETE,4.04
2273,227.202,COMPLETE,1.06
2274,227.302,COMPLETE,0
2275,227.402,DEPLETED,0
2276,227.502,DEPLETED,0
2277,227.602,DEPLETED,0
2278,227.702,DEPLETED,0
2279,227.802,DEPLETED,0
2280,227.902,DEPLETED,0
2281,228.002,COMPLETE,7.02
2282,228.102,COMPLETE,4.04
2283,228.202,COMPLETE,1.06
2284,228.302,COMPLETE,0
2285,228.402,DEPLETED,0
2286,228.502,DEPLETED,0
2287,228.602,DEPLETED,0
2288,228.702,DEPLETED,0
2289,228.802,DEPLETED,0
2290,228.902,DEPLETED,0
2291,229.002,COMPLETE,7.02
2292,229.102,COMPLETE,4.04
2293,229.202,COMPLETE,1.06
2294,229.302,COMPLETE,0
2295,229.402,DEPLETED,0
2296,229.502,DEPLETED,0
2297,229.602,DEPLETED,0
2298,229.702,DEPLETED,0
2299,229.802,DEPLETED,0
2300,229.902,DEPLETED,0
2301,230.002,COMPLETE,7.02
2302,230.102,COMPLETE,4.04
2303,230.202,COMPLETE,1.06
2304,230.302,COMPLETE,0
2305,230.402,DEPLETED,0
2306,230.502,DEPLETED,0
2307,230.602,DEPLETED,0
2308,230.702,DEPLETED,0
2309,230.802,DEPLETED,0
2310,230.902,DEPLETED,0
2311,231.002,COMPLETE,7.02
2312,231.102,COMPLETE,4.04
2313,231.202,COMPLETE,1.06
2314,231.302,COMPLETE,0
2315,231.402,DEPLETED,0
2316,231.502,DEPLETED,0
2317,231.602,DEPLETED,0
2318,231.702,DEPLETED,0
2319,231.802,DEPLETED,0
2320,231.902,DEPLETED,0
2321,232.002,COMPLETE,7.02
2322,232.102,COMPLETE,4.04
2323,232.202,COMPLETE,1.06
2324,232.302,COMPLETE,0
2325,232.402,DEPLETED,0
2326,232.502,DEPLETED,0
2327,232.602,DEPLETED,0
2328,232.702,DEPLETED,0
2329,232.802,DEPLETED,0
2330,232.902,DEPLETED,0
2331,233.002,COMPLETE,7.02
2332,233.102,COMPLETE,4.04
2333,233.202,COMPLETE,1.06
2334,233.302,COMPLETE,0
2335,233.402,DEPLETED,0
2336,233.502,DEPLETED,0
2337,233.602,DEPLETED,0
2338,233.702,DEPLETED,0
2339,233.802,DEPLETED,0
2340,233.902,DEPLETED,0
2341,234.002,COMPLETE,7.02
2342,234.102,COMPLETE,4.04
2343,234.202,COMPLETE,1.06
2344,234.302,COMPLETE,0
2345,234.402,DEPLETED,0
2346,234.502,DEPLETED,0
2347,234.602,DEPLETED,0
2348,234.702,DEPLETED,0
2349,234.802,DEPLETED,0
2350,234.902,DEPLETED,0
2351,235.002,COMPLETE,7.02
2352,235.102,COMPLETE,4.04
2353,235.202,COMPLETE,1.06
2354,235.302,COMPLETE,0
2355,235.402,DEPLETED,0
2356,235.502,DEPLETED,0
2357,235.602,DEPLETED,0
2358,235.702,DEPLETED,0
2359,235.802,DEPLETED,0
2360,235.902,DEPLETED,0
2361,236.002,COMPLETE,7.02
2362,236.102,COMPLETE,4.04
2363,236.202,COMPLETE,1.06
2364,236.302,COMPLETE,0
2365,236.402,DEPLETED,0
2366,236.502,DEPLETED,0
2367,236.602,DEPLETED,0
2368,236.702,DEPLETED,0
2369,236.802,DEPLETED,0
2370,236.902,DEPLETED,0
2371,237.002,COMPLETE,7.02
2372,237.102,COMPLETE,4.04
2373,237.202,COMPLETE,1.06
2374,237.302,COMPLETE,0
2375,237.402,DEPLETED,0
2376,237.502,DEPLETED,0
2377,237.602,DEPLETED,0
2378,237.702,DEPLETED,0
2379,237.802,DEPLETED,0
2380,237.902,DEPLETED,0
2381,238.002,COMPLETE,7.02
2382,238.102,COMPLETE,4.04
2383,238.202,COMPLETE,1.06
2384,238.302,COMPLETE,0
2385,238.402,DEPLETED,0
2386,238.502,DEPLETED,0
2387,238.602,DEPLETED,0
2388,238.702,DEPLETED,0
2389,238.802,DEPLETED,0
2390,238.902,DEPLETED,0
2391,239.002,COMPLETE,7.02
2392,239.102,COMPLETE,4.04
2393,239.202,COMPLETE,1.06
2394,239.302,COMPLETE,0
2395,239.402,DEPLETED,0
2396,239.502,DEPLETED,0
2397,239.602,DEPLETED,0
2398,239.702,DEPLETED,0
2399,239.802,DEPLETED,0
2400,239.902,DEPLETED,0
2401,240.002,COMPLETE,7.02
2402,240.102,COMPLETE,4.04
2403,240.202,COMPLETE,1.06
2404,240.302,COMPLETE,0
2405,240.402,DEPLETED,0
2406,240.502,DEPLETED,0
2407,240.602,DEPLETED,0
2408,240.702,DEPLETED,0
2409,240.802,DEPLETED,0
2410,240.902,DEPLETED,0
2411,241.002,COMPLETE,7.02
2412,241.102,COMPLETE,4.04
2413,241.202,COMPLETE,1.06
2414,241.302,COMPLETE,0
2415,241.402,DEPLETED,0
2416,241.502,DEPLETED,0
2417,241.602,DEPLETED,0
2418,241.702,DEPLETED,0
2419,241.802,DEPLETED,0
2420,241.902,DEPLETED,0
2421,242.002,COMPLETE,7.02
2422,242.102,COMPLETE,4.04
2423,242.202,COMPLETE,1.06
2424,242.302,COMPLETE,0
2425,242.402,DEPLETED,0
2426,242.502,DEPLETED,0
2427,242.602,DEPLETED,0
2428,242.702,DEPLETED,0
2429,242.802,DEPLETED,0
2430,242.902,DEPLETED,0
2431,243.002,COMPLETE,7.02
2432,243.102,COMPLETE,4.04
2433,243.202,COMPLETE,1.06
2434,243.302,COMPLETE,0
2435,243.402,DEPLETED,0
2436,243.502,DEPLETED,0
2437,243.602,DEPLETED,0
2438,243.702,DEPLETED,0
2439,243.802,DEPLETED,0
2440,243.902,DEPLETED,0
2441,244.002,COMPLETE,7.02
2442,244.102,COMPLETE,4.04
2443,244.202,COMPLETE,1.06
2444,244.302,COMPLETE,0
2445,244.402,DEPLETED,0
2446,244.502,DEPLETED,0
2447,244.602,DEPLETED,0
2448,244.702,DEPLETED,0
2449,244.802,DEPLETED,0
2450,244.902,DEPLETED,0
2451,245.002,COMPLETE,7.02
2452,245.102,COMPLETE,4.04
2453,245.202,COMPLETE,1.06
2454,245.302,COMPLETE,0
2455,245.402,DEPLETED,0
2456,245.502,DEPLETED,0
2457,245.602,DEPLETED,0
2458,245.702,DEPLETED,0
2459,245.802,DEPLETED,0
2460,245.902,DEPLETED,0
2461,246.002,COMPLETE,7.02
2462,246.102,COMPLETE,4.04
2463,246.202,COMPLETE,1.06
2464,246.302,COMPLETE,0
2465,246.402,DEPLETED,0
2466,246.502,DEPLETED,0
2467,246.602,DEPLETED,0
2468,246.702,DEPLETED,0
2469,246.802,DEPLETED,0
2470,246.902,DEPLETED,0
2471,247.002,COMPLETE,7.02
2472,247.102,COMPLETE,4.04
2473,247.202,COMPLETE,1.06
2474,247.302,COMPLETE,0
2475,247.402,DEPLETED,0
2476,247.502,DEPLETED,0
2477,247.602,DEPLETED,0
2478,247.702,DEPLETED,0
2479,247.802,DEPLETED,0
2480,247.902,DEPLETED,0
2481,248.002,COMPLETE,7.02
2482,248.102,COMPLETE,4.04
2483,248.202,COMPLETE,1.06
2484,248.302,COMPLETE,0
2485,248.402,DEPLETED,0
2486,248.502,DEPLETED,0
2487,248.602,DEPLETED,0
2488,248.702,DEPLETED,0
2489,248.802,DEPLETED,0
2490,248.902,DEPLETED,0
2491,249.002,COMPLETE,7.02
2492,249.102,COMPLETE,4.04
2493,249.202,COMPLETE,1.06
2494,249.302,COMPLETE,0
2495,249.402,DEPLETED,0
2496,249.502,DEPLETED,0
2497,249.602,DEPLETED,0
2498,249.702,DEPLETED,0
2499,249.802,DEPLETED,0
2500,249.902,DEPLETED,0
2501,250.002,COMPLETE,7.02
2502,250.102,COMPLETE,4.04
2503,250.202,COMPLETE,1.06
2504,250.302,COMPLETE,0
2505,250.402,DEPLETED,0
2506,250.502,DEPLETED,0
2507,250.602,DEPLETED,0
2508,250.702,DEPLETED,0
2509,250.802,DEPLETED,0
2510,250.902,DEPLETED,0
2511,251.002,COMPLETE,7.02
2512,251.102,COMPLETE,4.04
2513,251.202,COMPLETE,1.06
2514,251.302,COMPLETE,0
2515,251.402,DEPLETED,0
2516,251.502,DEPLETED,0
2517,251.602,DEPLETED,0
2518,251.702,DEPLETED,0
2519,251.802,DEPLETED,0
2520,251.902,DEPLETED,0
2521,252.002,COMPLETE,7.02
2522,252.102,COMPLETE,4.04
2523,252.202,COMPLETE,1.06
2524,252.302,COMPLETE,0
2525,252.402,DEPLETED,0
2526,252.502,DEPLETED,0
2527,252.602,DEPLETED,0
2528,252.702,DEPLETED,0
2529,252.802,DEPLETED,0
2530,252.902,DEPLETED,0
2531,253.002,COMPLETE,7.02
2532,253.102,COMPLETE,4.04
2533,253.202,COMPLETE,1.06
2534,253.302,COMPLETE,0
2535,253.402,DEPLETED,0
2536,253.502,DEPLETED,0
2537,253.602,DEPLETED,0
2538,253.702,DEPLETED,0
2539,253.802,DEPLETED,0
2540,253.902,DEPLETED,0
2541,254.002,COMPLETE,7.02
2542,254.102,COMPLETE,4.04
2543,254.202,COMPLETE,1.06
2544,254.302,COMPLETE,0
2545,254.402,DEPLETED,0
2546,254.502,DEPLETED,0
2547,254.602,DEPLETED,0
2548,254.702,DEPLETED,0
2549,254.802,DEPLETED,0
2550,254.902,DEPLETED,0
2551,255.002,COMPLETE,7.02
2552,255.102,COMPLETE,4.04
2553,255.202,COMPLETE,1.06
2554,255.302,COMPLETE,0
2555,255.402,DEPLETED,0
2556,255.502,DEPLETED,0
2557,255.602,DEPLETED,0
2558,255.702,DEPLETED,0
2559,255.802,DEPLETED,0
2560,255.902,DEPLETED,0
2561,256.002,COMPLETE,7.02
2562,256.102,COMPLETE,4.04
2563,256.202,COMPLETE,1.06
2564,256.302,COMPLETE,0
2565,256.402,DEPLETED,0
2566,256.502,DEPLETED,0
2567,256.602,DEPLETED,0
2568,256.702,DEPLETED,0
2569,256.802,DEPLETED,0
2570,256.902,DEPLETED,0
2571,257.002,COMPLETE,7.02
2572,257.102,COMPLETE,4.04
2573,257.202,COMPLETE,1.06
2574,257.302,COMPLETE,0
2575,257.402,DEPLETED,0
2576,257.502,DEPLETED,0
2577,257.602,DEPLETED,0
2578,257.702,DEPLETED,0
2579,257.802,DEPLETED,0
2580,257.902,DEPLETED,0
2581,258.002,COMPLETE,7.02
2582,258.102,COMPLETE,4.04
2583,258.202,COMPLETE,1.06
2584,258.302,COMPLETE,0
2585,258.402,DEPLETED,0
2586,258.502,DEPLETED,0
2587,258.602,DEPLETED,0
2588,258.702,DEPLETED,0
2589,258.802,DEPLETED,0
2590,258.902,DEPLETED,0
2591,259.002,COMPLETE,7.02
2592,259.102,COMPLETE,4.04
2593,259.202,COMPLETE,1.06
2594,259.302,COMPLETE,0
2595,259.402,DEPLETED,0
2596,259.502,DEPLETED,0
2597,259.602,DEPLETED,0
2598,259.702,DEPLETED,0
2599,259.802,DEPLETED,0
2600,259.902,DEPLETED,0
2601,260.002,COMPLETE,7.02
2602,260.102,COMPLETE,4.04
2603,260.202,COMPLETE,1.06
2604,260.302,COMPLETE,0
2605,260.402,DEPLETED,0
2606,260.502,DEPLETED,0
2607,260.602,DEPLETED,0
2608,260.702,DEPLETED,0
2609,260.802,DEPLETED,0
2610,260.902,DEPLETED,0
2611,261.002,COMPLETE,7.02
2612,261.102,COMPLETE,4.04
2613,261.202,COMPLETE,1.06
2614,261.302,COMPLETE,0
2615,261.402,DEPLETED,0
2616,261.502,DEPLETED,0
2617,261.602,DEPLETED,0
2618,261.702,DEPLETED,0
2619,261.802,DEPLETED,0
2620,261.902,DEPLETED,0
2621,262.002,COMPLETE,7.02
2622,262.102,COMPLETE,4.04
2623,262.202,COMPLETE,1.06
2624,262.302,COMPLETE,0
2625,262.402,DEPLETED,0
2626,262.502,DEPLETED,0
2627,262.602,DEPLETED,0
2628,262.702,DEPLETED,0
2629,262.802,DEPLETED,0
2630,262.902,DEPLETED,0
2631,263.002,COMPLETE,7.02
2632,263.102,COMPLETE,4.04
2633,263.202,COMPLETE,1.06
2634,263.302,COMPLETE,0
2635,263.402,DEPLETED,0
2636,263.502,DEPLETED,0
2637,263.602,DEPLETED,0
2638,263.702,DEPLETED,0
2639,263.802,DEPLETED,0
2640,263.902,DEPLETED,0
2641,264.002,COMPLETE,7.02
2642,264.102,COMPLETE,4.04
2643,264.202,COMPLETE,1.06
2644,264.302,COMPLETE,0
2645,264.402,DEPLETED,0
2646,264.502,DEPLETED,0
2647,264.602,DEPLETED,0
2648,264.702,DEPLETED,0
2649,264.802,DEPLETED,0
2650,264.902,DEPLETED,0
2651,265.002,COMPLETE,7.02
2652,265.102,COMPLETE,4.04
2653,265.202,COMPLETE,1.06
2654,265.302,COMPLETE,0
2655,265.402,DEPLETED,0
2656,265.502,DEPLETED,0
2657,265.602,DEPLETED,0
2658,265.702,DEPLETED,0
2659,265.802,DEPLETED,0
2660,265.902,DEPLETED,0
2661,266.002,COMPLETE,7.02
2662,266.102,COMPLETE,4.04
2663,266.202,COMPLETE,1.06
2664,266.302,COMPLETE,0
2665,266.402,DEPLETED,0
2666,266.502,DEPLETED,0
2667,266.602,DEPLETED,0
2668,266.702,DEPLETED,0
2669,266.802,DEPLETED,0
2670,266.902,DEPLETED,0
2671,267.002,COMPLETE,7.02
2672,267.102,COMPLETE,4.04
2673,267.202,COMPLETE,1.06
2674,267.302,COMPLETE,0
2675,267.402,DEPLETED,0
2676,267.502,DEPLETED,0
2677,267.602,DEPLETED,0
2678,267.702,DEPLETED,0
2679,267.802,DEPLETED,0
2680,267.902,DEPLETED,0
2681,268.002,COMPLETE,7.02
2682,268.102,COMPLETE,4.04
2683,268.202,COMPLETE,1.06
2684,268.302,COMPLETE,0
2685,268.402,DEPLETED,0
2686,268.502,DEPLETED,0
2687,268.602,DEPLETED,0
2688,268.702,DEPLETED,0
2689,268.802,DEPLETED,0
2690,268.902,DEPLETED,0
2691,269.002,COMPLETE,7.02
2692,269.102,COMPLETE,4.04
2693,269.202,COMPLETE,1.06
2694,269.302,COMPLETE,0
2695,269.402,DEPLETED,0
2696,269.502,DEPLETED,0
2697,269.602,DEPLETED,0
2698,269.702,DEPLETED,0
2699,269.802,DEPLETED,0
2700,269.902,DEPLETED,0
2701,270.002,COMPLETE,7.02
2702,270.102,COMPLETE,4.04
2703,270.202,COMPLETE,1.06
2704,270.302,COMPLETE,0
2705,270.402,DEPLETED,0
2706,270.502,DEPLETED,0
2707,270.602,DEPLETED,0
2708,270.702,DEPLETED,0
2709,270.802,DEPLETED,0
2710,270.902,DEPLETED,0
2711,271.002,COMPLETE,7.02
2712,271.102,COMPLETE,4.04
2713,271.202,COMPLETE,1.06
2714,271.302,COMPLETE,0
2715,271.402,DEPLETED,0
2716,271.502,DEPLETED,0
2717,271.602,DEPLETED,0
2718,271.702,DEPLETED,0
2719,271.802,DEPLETED,0
2720,271.902,DEPLETED,0
2721,272.002,COMPLETE,7.02
2722,272.102,COMPLETE,4.04
2723,272.202,COMPLETE,1.06
2724,272.302,COMPLETE,0
2725,272.402,DEPLETED,0
2726,272.502,DEPLETED,0
2727,272.602,DEPLETED,0
2728,272.702,DEPLETED,0
2729,272.802,DEPLETED,0
2730,272.902,DEPLETED,0
2731,273.002,COMPLETE,7.02
2732,273.102,COMPLETE,4.04
2733,273.202,COMPLETE,1.06
2734,273.302,COMPLETE,0
2735,273.402,DEPLETED,0
2736,273.502,DEPLETED,0
2737,273.602,DEPLETED,0
2738,273.702,DEPLETED,0
2739,273.802,DEPLETED,0
2740,273.902,DEPLETED,0
2741,274.002,COMPLETE,7.02
2742,274.102,COMPLETE,4.04
2743,274.202,COMPLETE,1.06
2744,274.302,COMPLETE,0
2745,274.402,DEPLETED,0
2746,274.502,DEPLETED,0
2747,274.602,DEPLETED,0
2748,274.702,DEPLETED,0
2749,274.802,DEPLETED,0
2750,274.902,DEPLETED,0
2751,275.002,COMPLETE,7.02
2752,275.102,COMPLETE,4.04
2753,275.202,COMPLETE,1.06
2754,275.302,COMPLETE,0
2755,275.402,DEPLETED,0
2756,275.502,DEPLETED,0
2757,275.602,DEPLETED,0
2758,275.702,DEPLETED,0
2759,275.802,DEPLETED,0
2760,275.902,DEPLETED,0
2761,276.002,COMPLETE,7.02
2762,276.102,COMPLETE,4.04
2763,276.202,COMPLETE,1.06
2764,276.302,COMPLETE,0
2765,276.402,DEPLETED,0
2766,276.502,DEPLETED,0
2767,276.602,DEPLETED,0
2768,276.702,DEPLETED,0
2769,276.802,DEPLETED,0
2770,276.902,DEPLETED,0
2771,277.002,COMPLETE,7.02
2772,277.102,COMPLETE,4.04
2773,277.202,COMPLETE,1.06
2774,277.302,COMPLETE,0
2775,277.402,DEPLETED,0
2776,277.502,DEPLETED,0
2777,277.602,DEPLETED,0
2778,277.702,DEPLETED,0
2779,277.802,DEPLETED,0
2780,277.902,DEPLETED,0
2781,278.002,COMPLETE,7.02
2782,278.102,COMPLETE,4.04
2783,278.202,COMPLETE,1.06
2784,278.302,COMPLETE,0
2785,278.402,DEPLETED,0
2786,278.502,DEPLETED,0
2787,278.602,DEPLETED,0
2788,278.702,DEPLETED,0
2789,278.802,DEPLETED,0
2790,278.902,DEPLETED,0
2791,279.002,COMPLETE,7.02
2792,279.102,COMPLETE,4.04
2793,279.202,COMPLETE,1.06
2794,279.302,COMPLETE,0
2795,279.402,DEPLETED,0
2796,279.502,DEPLETED,0
2797,279.602,DEPLETED,0
2798,279.702,DEPLETED,0
2799,279.802,DEPLETED,0
2800,279.902,DEPLETED,0
2801,280.002,COMPLETE,7.02
2802,280.102,COMPLETE,4.04
2803,280.202,COMPLETE,1.06
2804,280.302,COMPLETE,0
2805,280.402,DEPLETED,0
2806,280.502,DEPLETED,0
2807,280.602,DEPLETED,0
2808,280.702,DEPLETED,0
2809,280.802,DEPLETED,0
2810,280.902,DEPLETED,0
2811,281.002,COMPLETE,7.02
2812,281.102,COMPLETE,4.04
2813,281.202,COMPLETE,1.06
2814,281.302,COMPLETE,0
2815,281.402,DEPLETED,0
2816,281.502,DEPLETED,0
2817,281.602,DEPLETED,0
2818,281.702,DEPLETED,0
2819,281.802,DEPLETED,0
2820,281.902,DEPLETED,0
2821,282.002,COMPLETE,7.02
2822,282.102,COMPLETE,4.04
2823,282.202,COMPLETE,1.06
2824,282.302,COMPLETE,0
2825,282.402,DEPLETED,0
2826,282.502,DEPLETED,0
2827,282.602,DEPLETED,0
2828,282.702,DEPLETED,0
2829,282.802,DEPLETED,0
2830,282.902,DEPLETED,0
2831,283.002,COMPLETE,7.02
2832,283.102,COMPLETE,4.04
2833,283.202,COMPLETE,1.06
2834,283.302,COMPLETE,0
2835,283.402,DEPLETED,0
2836,283.502,DEPLETED,0
2837,283.602,DEPLETED,0
2838,283.702,DEPLETED,0
2839,283.802,DEPLETED,0
2840,283.902,DEPLETED,0
2841,284.002,COMPLETE,7.02
2842,284.102,COMPLETE,4.04
2843,284.202,COMPLETE,1.06
2844,284.302,COMPLETE,0
2845,284.402,DEPLETED,0
2846,284.502,DEPLETED,0
2847,284.602,DEPLETED,0
2848,284.702,DEPLETED,0
2849,284.802,DEPLETED,0
2850,284.902,DEPLETED,0
2851,285.002,COMPLETE,7.02
2852,285.102,COMPLETE,4.04
2853,285.202,COMPLETE,1.06
2854,285.302,COMPLETE,0
2855,285.402,DEPLETED,0
2856,285.502,DEPLETED,0
2857,285.602,DEPLETED,0
2858,285.702,DEPLETED,0
2859,285.802,DEPLETED,0
2860,285.902,DEPLETED,0
2861,286.002,COMPLETE,7.02
2862,286.102,COMPLETE,4.04
2863,286.202,COMPLETE,1.06
2864,286.302,COMPLETE,0
2865,286.402,DEPLETED,0
2866,286.502,DEPLETED,0
2867,286.602,DEPLETED,0
2868,286.702,DEPLETED,0
2869,286.802,DEPLETED,0
2870,286.902,DEPLETED,0
2871,287.002,COMPLETE,7.02
2872,287.102,COMPLETE,4.04
2873,287.202,COMPLETE,1.06
2874,287.302,COMPLETE,0
2875,287.402,DEPLETED,0
2876,287.502,DEPLETED,0
2877,287.602,DEPLETED,0
2878,287.702,DEPLETED,0
2879,287.802,DEPLETED,0
2880,287.902,DEPLETED,0
2881,288.002,COMPLETE,7.02
2882,288.102,COMPLETE,4.04
2883,288.202,COMPLETE,1.06
2884,288.302,COMPLETE,0
2885,288.402,DEPLETED,0
2886,288.502,DEPLETED,0
2887,288.602,DEPLETED,0
2888,288.702,DEPLETED,0
2889,288.802,DEPLETED,0
2890,288.902,DEPLETED,0
2891,289.002,COMPLETE,7.02
2892,289.102,COMPLETE,4.04
2893,289.202,COMPLETE,1.06
2894,289.302,COMPLETE,0
2895,289.402,DEPLETED,0
2896,289.502,DEPLETED,0
2897,289.602,DEPLETED,0
2898,289.702,DEPLETED,0
2899,289.802,DEPLETED,0
2900,289.902,DEPLETED,0
2901,290.002,COMPLETE,7.02
2902,290.102,COMPLETE,4.04
2903,290.202,COMPLETE,1.06
2904,290.302,COMPLETE,0
2905,290.402,DEPLETED,0
2906,290.502,DEPLETED,0
2907,290.602,DEPLETED,0
2908,290.702,DEPLETED,0
2909,290.802,DEPLETED,0
2910,290.902,DEPLETED,0
2911,291.002,COMPLETE,7.02
2912,291.102,COMPLETE,4.04
2913,291.202,COMPLETE,1.06
2914,291.302,COMPLETE,0
2915,291.402,DEPLETED,0
2916,291.502,DEPLETED,0
2917,291.602,DEPLETED,0
2918,291.702,DEPLETED,0
2919,291.802,DEPLETED,0
2920,291.902,DEPLETED,0
2921,292.002,COMPLETE,7.02
2922,292.102,COMPLETE,4.04
2923,292.202,COMPLETE,1.06
2924,292.302,COMPLETE,0
2925,292.402,DEPLETED,0
2926,292.502,DEPLETED,0
2927,292.602,DEPLETED,0
2928,292.702,DEPLETED,0
2929,292.802,DEPLETED,0
2930,292.902,DEPLETED,0
2931,293.002,COMPLETE,7.02
2932,293.102,COMPLETE,4.04
2933,293.202,COMPLETE,1.06
2934,293.302,COMPLETE,0
2935,293.402,DEPLETED,0
2936,293.502,DEPLETED,0
2937,293.602,DEPLETED,0
2938,293.702,DEPLETED,0
2939,293.802,DEPLETED,0
2940,293.902,DEPLETED,0
2941,294.002,COMPLETE,7.02
2942,294.102,COMPLETE,4.04
2943,294.202,COMPLETE,1.06
2944,294.302,COMPLETE,0
2945,294.402,DEPLETED,0
2946,294.502,DEPLETED,0
2947,294.602,DEPLETED,0
2948,294.702,DEPLETED,0
2949,294.802,DEPLETED,0
2950,294.902,DEPLETED,0
2951,295.002,COMPLETE,7.02
2952,295.102,COMPLETE,4.04
2953,295.202,COMPLETE,1.06
2954,295.302,COMPLETE,0
2955,295.402,DEPLETED,0
2956,295.502,DEPLETED,0
2957,295.602,DEPLETED,0
2958,295.702,DEPLETED,0
2959,295.802,DEPLETED,0
2960,295.902,DEPLETED,0
2961,296.002,COMPLETE,7.02
2962,296.102,COMPLETE,4.04
2963,296.202,COMPLETE,1.06
2964,296.302,COMPLETE,0
2965,296.402,DEPLETED,0
2966,296.502,DEPLETED,0
2967,296.602,DEPLETED,0
2968,296.702,DEPLETED,0
2969,296.802,DEPLETED,0
2970,296.902,DEPLETED,0
2971,297.002,COMPLETE,7.02
2972,297.102,COMPLETE,4.04
2973,297.202,COMPLETE,1.06
2974,297.302,COMPLETE,0
2975,297.402,DEPLETED,0
2976,297.502,DEPLETED,0
2977,297.602,DEPLETED,0
2978,297.702,DEPLETED,0
2979,297.802,DEPLETED,0
2980,297.902,DEPLETED,0
2981,298.002,COMPLETE,7.02
2982,298.102,COMPLETE,4.04
2983,298.202,COMPLETE,1.06
2984,298.302,COMPLETE,0
2985,298.402,DEPLETED,0
2986,298.502,DEPLETED,0
2987,298.602,DEPLETED,0
2988,298.702,DEPLETED,0
2989,298.802,DEPLETED,0
2990,298.902,DEPLETED,0
2991,299.002,COMPLETE,7.02
2992,299.102,COMPLETE,4.04
2993,299.202,COMPLETE,1.06
2994,299.302,COMPLETE,0
2995,299.402,DEPLETED,0
2996,299.502,DEPLETED,0
2997,299.602,DEPLETED,0
2998,299.702,DEPLETED,0
2999,299.802,DEPLETED,0
3000,299.902,DEPLETED,0
3001,300.002,COMPLETE,7.02
3002,300.102,COMPLETE,4.04
3003,300.202,COMPLETE,1.06
3004,300.302,COMPLETE,0
3005,300.402,DEPLETED,0
3006,300.502,DEPLETED,0
3007,300.602,DEPLETED,0
3008,300.702,DEPLETED,0
3009,300.802,DEPLETED,0
3010,300.902,DEPLETED,0
3011,301.002,COMPLETE,7.02
3012,301.102,COMPLETE,4.04
3013,301.202,COMPLETE,1.06
3014,301.302,COMPLETE,0
3015,301.402,DEPLETED,0
3016,301.502,DEPLETED,0
3017,301.602,DEPLETED,0
3018,301.702,DEPLETED,0
3019,301.802,DEPLETED,0
3020,301.902,DEPLETED,0
3021,302.002,COMPLETE,7.02
3022,302.102,COMPLETE,4.04
3023,302.202,COMPLETE,1.06
3024,302.302,COMPLETE,0
3025,302.402,DEPLETED,0
3026,302.502,DEPLETED,0
3027,302.602,DEPLETED,0
3028,302.702,DEPLETED,0
3029,302.802,DEPLETED,0
3030,302.902,DEPLETED,0
3031,303.002,COMPLETE,7.02
3032,303.102,COMPLETE,4.04
3033,303.202,COMPLETE,1.06
3034,303.302,COMPLETE,0
3035,303.402,DEPLETED,0
3036,303.502,DEPLETED,0
3037,303.602,DEPLETED,0
3038,303.702,DEPLETED,0
3039,303.802,DEPLETED,0
3040,303.902,DEPLETED,0
3041,304.002,COMPLETE,7.02
3042,304.102,COMPLETE,4.04
3043,304.202,COMPLETE,1.06
3044,304.302,COMPLETE,0
3045,304.402,DEPLETED,0
3046,304.502,DEPLETED,0
3047,304.602,DEPLETED,0
3048,304.702,DEPLETED,0
3049,304.802,DEPLETED,0
3050,304.902,DEPLETED,0
3051,305.002,COMPLETE,7.02
3052,305.102,COMPLETE,4.04
3053,305.202,COMPLETE,1.06
3054,305.302,COMPLETE,0
3055,305.402,DEPLETED,0
3056,305.502,DEPLETED,0
3057,305.602,DEPLETED,0
3058,305.702,DEPLETED,0
3059,305.802,DEPLETED,0
3060,305.902,DEPLETED,0
3061,306.002,COMPLETE,7.02
3062,306.102,COMPLETE,4.04
3063,306.202,COMPLETE,1.06
3064,306.302,COMPLETE,0
3065,306.402,DEPLETED,0
3066,306.502,DEPLETED,0
3067,306.602,DEPLETED,0
3068,306.702,DEPLETED,0
3069,306.802,DEPLETED,0
3070,306.902,DEPLETED,0
3071,307.002,COMPLETE,7.02
3072,307.102,COMPLETE,4.04
3073,307.202,COMPLETE,1.06
3074,307.302,COMPLETE,0
3075,307.402,DEPLETED,0
3076,307.502,DEPLETED,0
3077,307.602,DEPLETED,0
3078,307.702,DEPLETED,0
3079,307.802,DEPLETED,0
3080,307.902,DEPLETED,0
3081,308.002,COMPLETE,7.02
3082,308.102,COMPLETE,4.04
3083,308.202,COMPLETE,1.06
3084,308.302,COMPLETE,0
3085,308.402,DEPLETED,0
3086,308.502,DEPLETED,0
3087,308.602,DEPLETED,0
3088,308.702,DEPLETED,0
3089,308.802,DEPLETED,0
3090,308.902,DEPLETED,0
3091,309.002,COMPLETE,7.02
3092,309.102,COMPLETE,4.04
3093,309.202,COMPLETE,1.06
3094,309.302,COMPLETE,0
3095,309.402,DEPLETED,0
3096,309.502,DEPLETED,0
3097,309.602,DEPLETED,0
3098,309.702,DEPLETED,0
3099,309.802,DEPLETED,0
3100,309.902,DEPLETED,0
3101,310.002,COMPLETE,7.02
3102,310.102,COMPLETE,4.04
3103,310.202,COMPLETE,1.06
3104,310.302,COMPLETE,0
3105,310.402,DEPLETED,0
3106,310.502,DEPLETED,0
3107,310.602,DEPLETED,0
3108,310.702,DEPLETED,0
3109,310.802,DEPLETED,0
3110,310.902,DEPLETED,0
3111,311.002,COMPLETE,7.02
3112,311.102,COMPLETE,4.04
3113,311.202,COMPLETE,1.06
3114,311.302,COMPLETE,0
3115,311.402,DEPLETED,0
3116,311.502,DEPLETED,0
3117,311.602,DEPLETED,0
3118,311.702,DEPLETED,0
3119,311.802,DEPLETED,0
3120,311.902,DEPLETED,0
3121,312.002,COMPLETE,7.02
3122,312.102,COMPLETE,4.04
3123,312.202,COMPLETE,1.06
3124,312.302,COMPLETE,0
3125,312.402,DEPLETED,0
3126,312.502,DEPLETED,0
3127,312.602,DEPLETED,0
3128,312.702,DEPLETED,0
3129,312.802,DEPLETED,0
3130,312.902,DEPLETED,0
3131,313.002,COMPLETE,7.02
3132,313.102,COMPLETE,4.04
3133,313.202,COMPLETE,1.06
3134,313.302,COMPLETE,0
3135,313.402,DEPLETED,0
3136,313.502,DEPLETED,0
3137,313.602,DEPLETED,0
3138,313.702,DEPLETED,0
3139,313.802,DEPLETED,0
3140,313.902,DEPLETED,0
3141,314.002,COMPLETE,7.02
3142,314.102,COMPLETE,4.04
3143,314.202,COMPLETE,1.06
3144,314.302,COMPLETE,0
3145,314.402,DEPLETED,0
3146,314.502,DEPLETED,0
3147,314.602,DEPLETED,0
3148,314.702,DEPLETED,0
3149,314.802,DEPLETED,0
3150,314.902,DEPLETED,0
3151,315.002,COMPLETE,7.02
3152,315.102,COMPLETE,4.04
3153,315.202,COMPLETE,1.06
3154,315.302,COMPLETE,0
3155,315.402,DEPLETED,0
3156,315.502,DEPLETED,0
3157,315.602,DEPLETED,0
3158,315.702,DEPLETED,0
3159,315.802,DEPLETED,0
3160,315.902,DEPLETED,0
3161,316.002,COMPLETE,7.02
3162,316.102,COMPLETE,4.04
3163,316.202,COMPLETE,1.06
3164,316.302,COMPLETE,0
3165,316.402,DEPLETED,0
3166,316.502,DEPLETED,0
3167,316.602,DEPLETED,0
3168,316.702,DEPLETED,0
3169,316.802,DEPLETED,0
3170,316.902,DEPLETED,0
3171,317.002,COMPLETE,7.02
3172,317.102,COMPLETE,4.04
3173,317.202,COMPLETE,1.06
3174,317.302,COMPLETE,0
3175,317.402,DEPLETED,0
3176,317.502,DEPLETED,0
3177,317.602,DEPLETED,0
3178,317.702,DEPLETED,0
3179,317.802,DEPLETED,0
3180,317.902,DEPLETED,0
3181,318.002,COMPLETE,7.02
3182,318.102,COMPLETE,4.04
3183,318.202,COMPLETE,1.06
3184,318.302,COMPLETE,0
3185,318.402,DEPLETED,0
3186,318.502,DEPLETED,0
3187,318.602,DEPLETED,0
3188,318.702,DEPLETED,0
3189,318.802,DEPLETED,0
3190,318.902,DEPLETED,0
3191,319.002,COMPLETE,7.02
3192,319.102,COMPLETE,4.04
3193,319.202,COMPLETE,1.06
3194,319.302,COMPLETE,0
3195,319.402,DEPLETED,0
3196,319.502,DEPLETED,0
3197,319.602,DEPLETED,0
3198,319.702,DEPLETED,0
3199,319.802,DEPLETED,0
3200,319.902,DEPLETED,0
3201,320.002,COMPLETE,7.02
3202,320.102,COMPLETE,4.04
3203,320.202,COMPLETE,1.06
3204,320.302,COMPLETE,0
3205,320.402,DEPLETED,0
3206,320.502,DEPLETED,0
3207,320.602,DEPLETED,0
3208,320.702,DEPLETED,0
3209,320.802,DEPLETED,0
3210,320.902,DEPLETED,0
3211,321.002,COMPLETE,7.02
3212,321.102,COMPLETE,4.04
3213,321.202,COMPLETE,1.06
3214,321.302,COMPLETE,0
3215,321.402,DEPLETED,0
3216,321.502,DEPLETED,0
3217,321.602,DEPLETED,0
3218,321.702,DEPLETED,0
3219,321.802,DEPLETED,0
3220,321.902,DEPLETED,0
3221,322.002,COMPLETE,7.02
3222,322.102,COMPLETE,4.04
3223,322.202,COMPLETE,1.06
3224,322.302,COMPLETE,0
3225,322.402,DEPLETED,0
3226,322.502,DEPLETED,0
3227,322.602,DEPLETED,0
3228,322.702,DEPLETED,0
3229,322.802,DEPLETED,0
3230,322.902,DEPLETED,0
3231,323.002,COMPLETE,7.02
3232,323.102,COMPLETE,4.04
3233,323.202,COMPLETE,1.06
3234,323.302,COMPLETE,0
3235,323.402,DEPLETED,0
3236,323.502,DEPLETED,0
3237,323.602,DEPLETED,0
3238,323.702,DEPLETED,0
3239,323.802,DEPLETED,0
3240,323.902,DEPLETED,0
3241,324.002,COMPLETE,7.02
3242,324.102,COMPLETE,4.04
3243,324.202,COMPLETE,1.06
3244,324.302,COMPLETE,0
3245,324.402,DEPLETED,0
3246,324.502,DEPLETED,0
3247,324.602,DEPLETED,0
3248,324.702,DEPLETED,0
3249,324.802,DEPLETED,0
3250,324.902,DEPLETED,0
3251,325.002,COMPLETE,7.02
3252,325.102,COMPLETE,4.04
3253,325.202,COMPLETE,1.06
3254,325.302,COMPLETE,0
3255,325.402,DEPLETED,0
3256,325.502,DEPLETED,0
3257,325.602,DEPLETED,0
3258,325.702,DEPLETED,0
3259,325.802,DEPLETED,0
3260,325.902,DEPLETED,0
3261,326.002,COMPLETE,7.02
3262,326.102,COMPLETE,4.04
3263,326.202,COMPLETE,1.06
3264,326.302,COMPLETE,0
3265,326.402,DEPLETED,0
3266,326.502,DEPLETED,0
3267,326.602,DEPLETED,0
3268,326.702,DEPLETED,0
3269,326.802,DEPLETED,0
3270,326.902,DEPLETED,0
3271,327.002,COMPLETE,7.02
3272,327.102,COMPLETE,4.04
3273,327.202,COMPLETE,1.06
3274,327.302,COMPLETE,0
3275,327.402,DEPLETED,0
3276,327.502,DEPLETED,0
3277,327.602,DEPLETED,0
3278,327.702,DEPLETED,0
3279,327.802,DEPLETED,0
3280,327.902,DEPLETED,0
3281,328.002,COMPLETE,7.02
3282,328.102,COMPLETE,4.04
3283,328.202,COMPLETE,1.06
3284,328.302,COMPLETE,0
3285,328.402,DEPLETED,0
3286,328.502,DEPLETED,0
3287,328.602,DEPLETED,0
3288,328.702,DEPLETED,0
3289,328.802,DEPLETED,0
3290,328.902,DEPLETED,0
3291,329.002,COMPLETE,7.02
3292,329.102,COMPLETE,4.04
3293,329.202,COMPLETE,1.06
3294,329.302,COMPLETE,0
3295,329.402,DEPLETED,0
3296,329.502,DEPLETED,0
3297,329.602,DEPLETED,0
3298,329.702,DEPLETED,0
3299,329.802,DEPLETED,0
3300,329.902,DEPLETED,0
3301,330.002,COMPLETE,7.02
3302,330.102,COMPLETE,4.04
3303,330.202,COMPLETE,1.06
3304,330.302,COMPLETE,0
3305,330.402,DEPLETED,0
3306,330.502,DEPLETED,0
3307,330.602,DEPLETED,0
3308,330.702,DEPLETED,0
3309,330.802,DEPLETED,0
3310,330.902,DEPLETED,0
3311,331.002,COMPLETE,7.02
3312,331.102,COMPLETE,4.04
3313,331.202,COMPLETE,1.06
3314,331.302,COMPLETE,0
3315,331.402,DEPLETED,0
3316,331.502,DEPLETED,0
3317,331.602,DEPLETED,0
3318,331.702,DEPLETED,0
3319,331.802,DEPLETED,0
3320,331.902,DEPLETED,0
3321,332.002,COMPLETE,7.02
3322,332.102,COMPLETE,4.04
3323,332.202,COMPLETE,1.06
3324,332.302,COMPLETE,0
3325,332.402,DEPLETED,0
3326,332.502,DEPLETED,0
3327,332.602,DEPLETED,0
3328,332.702,DEPLETED,0
3329,332.802,DEPLETED,0
3330,332.902,DEPLETED,0
3331,333.002,COMPLETE,7.02
3332,333.102,COMPLETE,4.04
3333,333.202,COMPLETE,1.06
3334,333.302,COMPLETE,0
3335,333.402,DEPLETED,0
3336,333.502,DEPLETED,0
3337,333.602,DEPLETED,0
3338,333.702,DEPLETED,0
3339,333.802,DEPLETED,0
3340,333.902,DEPLETED,0
3341,334.002,COMPLETE,7.02
3342,334.102,COMPLETE,4.04
3343,334.202,COMPLETE,1.06
3344,334.302,COMPLETE,0
3345,334.402,DEPLETED,0
3346,334.502,DEPLETED,0
3347,334.602,DEPLETED,0
3348,334.702,DEPLETED,0
3349,334.802,DEPLETED,0
3350,334.902,DEPLETED,0
3351,335.002,COMPLETE,7.02
3352,335.102,COMPLETE,4.04
3353,335.202,COMPLETE,1.06
3354,335.302,COMPLETE,0
3355,335.402,DEPLETED,0
3356,335.502,DEPLETED,0
3357,335.602,DEPLETED,0
3358,335.702,DEPLETED,0
3359,335.802,DEPLETED,0
3360,335.902,DEPLETED,0
3361,336.002,COMPLETE,7.02
3362,336.102,COMPLETE,4.04
3363,336.202,COMPLETE,1.06
3364,336.302,COMPLETE,0
3365,336.402,DEPLETED,0
3366,336.502,DEPLETED,0
3367,336.602,DEPLETED,0
3368,336.702,DEPLETED,0
3369,336.802,DEPLETED,0
3370,336.902,DEPLETED,0
3371,337.002,COMPLETE,7.02
3372,337.102,COMPLETE,4.04
3373,337.202,COMPLETE,1.06
3374,337.302,COMPLETE,0
3375,337.402,DEPLETED,0
3376,337.502,DEPLETED,0
3377,337.602,DEPLETED,0
3378,337.702,DEPLETED,0
3379,337.802,DEPLETED,0
3380,337.902,DEPLETED,0
3381,338.002,COMPLETE,7.02
3382,338.102,COMPLETE,4.04
3383,338.202,COMPLETE,1.06
3384,338.302,COMPLETE,0
3385,338.402,DEPLETED,0
3386,338.502,DEPLETED,0
3387,338.602,DEPLETED,0
3388,338.702,DEPLETED,0
3389,338.802,DEPLETED,0
3390,338.902,DEPLETED,0
3391,339.002,COMPLETE,7.02
3392,339.102,COMPLETE,4.04
3393,339.202,COMPLETE,1.06
3394,339.302,COMPLETE,0
3395,339.402,DEPLETED,0
3396,339.502,DEPLETED,0
3397,339.602,DEPLETED,0
3398,339.702,DEPLETED,0
3399,339.802,DEPLETED,0
3400,339.902,DEPLETED,0
3401,340.002,COMPLETE,7.02
3402,340.102,COMPLETE,4.04
3403,340.202,COMPLETE,1.06
3404,340.302,COMPLETE,0
3405,340.402,DEPLETED,0
3406,340.502,DEPLETED,0
3407,340.602,DEPLETED,0
3408,340.702,DEPLETED,0
3409,340.802,DEPLETED,0
3410,340.902,DEPLETED,0
3411,341.002,COMPLETE,7.02
3412,341.102,COMPLETE,4.04
3413,341.202,COMPLETE,1.06
3414,341.302,COMPLETE,0
3415,341.402,DEPLETED,0
3416,341.502,DEPLETED,0
3417,341.602,DEPLETED,0
3418,341.702,DEPLETED,0
3419,341.802,DEPLETED,0
3420,341.902,DEPLETED,0
3421,342.002,COMPLETE,7.02
3422,342.102,COMPLETE,4.04
3423,342.202,COMPLETE,1.06
3424,342.302,COMPLETE,0
3425,342.402,DEPLETED,0
3426,342.502,DEPLETED,0
3427,342.602,DEPLETED,0
3428,342.702,DEPLETED,0
3429,342.802,DEPLETED,0
3430,342.902,DEPLETED,0
3431,343.002,COMPLETE,7.02
3432,343.102,COMPLETE,4.04
3433,343.202,COMPLETE,1.06
3434,343.302,COMPLETE,0
3435,343.402,DEPLETED,0
3436,343.502,DEPLETED,0
3437,343.602,DEPLETED,0
3438,343.702,DEPLETED,0
3439,343.802,DEPLETED,0
3440,343.902,DEPLETED,0
3441,344.002,COMPLETE,7.02
3442,344.102,COMPLETE,4.04
3443,344.202,COMPLETE,1.06
3444,344.302,COMPLETE,0
3445,344.402,DEPLETED,0
3446,344.502,DEPLETED,0
3447,344.602,DEPLETED,0
3448,344.702,DEPLETED,0
3449,344.802,DEPLETED,0
3450,344.902,DEPLETED,0
3451,345.002,COMPLETE,7.02
3452,345.102,COMPLETE,4.04
3453,345.202,COMPLETE,1.06
3454,345.302,COMPLETE,0
3455,345.402,DEPLETED,0
3456,345.502,DEPLETED,0
3457,345.602,DEPLETED,0
3458,345.702,DEPLETED,0
3459,345.802,DEPLETED,0
3460,345.902,DEPLETED,0
3461,346.002,COMPLETE,7.02
3462,346.102,COMPLETE,4.04
3463,346.202,COMPLETE,1.06
3464,346.302,COMPLETE,0
3465,346.402,DEPLETED,0
3466,346.502,DEPLETED,0
3467,346.602,DEPLETED,0
3468,346.702,DEPLETED,0
3469,346.802,DEPLETED,0
3470,346.902,DEPLETED,0
3471,347.002,COMPLETE,7.02
3472,347.102,COMPLETE,4.04
3473,347.202,COMPLETE,1.06
3474,347.302,COMPLETE,0
3475,347.402,DEPLETED,0
3476,347.502,DEPLETED,0
3477,347.602,DEPLETED,0
3478,347.702,DEPLETED,0
3479,347.802,DEPLETED,0
3480,347.902,DEPLETED,0
3481,348.002,COMPLETE,7.02
3482,348.102,COMPLETE,4.04
3483,348.202,COMPLETE,1.06
3484,348.302,COMPLETE,0
3485,348.402,DEPLETED,0
3486,348.502,DEPLETED,0
3487,348.602,DEPLETED,0
3488,348.702,DEPLETED,0
3489,348.802,DEPLETED,0
3490,348.902,DEPLETED,0
3491,349.002,COMPLETE,7.02
3492,349.102,COMPLETE,4.04
3493,349.202,COMPLETE,1.06
3494,349.302,COMPLETE,0
3495,349.402,DEPLETED,0
3496,349.502,DEPLETED,0
3497,349.602,DEPLETED,0
3498,349.702,DEPLETED,0
3499,349.802,DEPLETED,0
3500,349.902,DEPLETED,0
3501,350.002,COMPLETE,7.02
3502,350.102,COMPLETE,4.04
3503,350.202,COMPLETE,1.06
3504,350.302,COMPLETE,0
3505,350.402,DEPLETED,0
3506,350.502,DEPLETED,0
3507,350.602,DEPLETED,0
3508,350.702,DEPLETED,0
3509,350.802,DEPLETED,0
3510,350.902,DEPLETED,0
3511,351.002,COMPLETE,7.02
3512,351.102,COMPLETE,4.04
3513,351.202,COMPLETE,1.06
3514,351.302,COMPLETE,0
3515,351.402,DEPLETED,0
3516,351.502,DEPLETED,0
3517,351.602,DEPLETED,0
3518,351.702,DEPLETED,0
3519,351.802,DEPLETED,0
3520,351.902,DEPLETED,0
3521,352.002,COMPLETE,7.02
3522,352.102,COMPLETE,4.04
3523,352.202,COMPLETE,1.06
3524,352.302,COMPLETE,0
3525,352.402,DEPLETED,0
3526,352.502,DEPLETED,0
3527,352.602,DEPLETED,0
3528,352.702,DEPLETED,0
3529,352.802,DEPLETED,0
3530,352.902,DEPLETED,0
3531,353.002,COMPLETE,7.02
3532,353.102,COMPLETE,4.04
3533,353.202,COMPLETE,1.06
3534,353.302,COMPLETE,0
3535,353.402,DEPLETED,0
3536,353.502,DEPLETED,0
3537,353.602,DEPLETED,0
3538,353.702,DEPLETED,0
3539,353.802,DEPLETED,0
3540,353.902,DEPLETED,0
3541,354.002,COMPLETE,7.02
3542,354.102,COMPLETE,4.04
3543,354.202,COMPLETE,1.06
3544,354.302,COMPLETE,0
3545,354.402,DEPLETED,0
3546,354.502,DEPLETED,0
3547,354.602,DEPLETED,0
3548,354.702,DEPLETED,0
3549,354.802,DEPLETED,0
3550,354.902,DEPLETED,0
3551,355.002,COMPLETE,7.02
3552,355.102,COMPLETE,4.04
3553,355.202,COMPLETE,1.06
3554,355.302,COMPLETE,0
3555,355.402,DEPLETED,0
3556,355.502,DEPLETED,0
3557,355.602,DEPLETED,0
3558,355.702,DEPLETED,0
3559,355.802,DEPLETED,0
3560,355.902,DEPLETED,0
3561,356.002,COMPLETE,7.02
3562,356.102,COMPLETE,4.04
3563,356.202,COMPLETE,1.06
3564,356.302,COMPLETE,0
3565,356.402,DEPLETED,0
3566,356.502,DEPLETED,0
3567,356.602,DEPLETED,0
3568,356.702,DEPLETED,0
3569,356.802,DEPLETED,0
3570,356.902,DEPLETED,0
3571,357.002,COMPLETE,7.02
3572,357.102,COMPLETE,4.04
3573,357.202,COMPLETE,1.06
3574,357.302,COMPLETE,0
3575,357.402,DEPLETED,0
3576,357.502,DEPLETED,0
3577,357.602,DEPLETED,0
3578,357.702,DEPLETED,0
3579,357.802,DEPLETED,0
3580,357.902,DEPLETED,0
3581,358.002,COMPLETE,7.02
3582,358.102,COMPLETE,4.04
3583,358.202,COMPLETE,1.06
3584,358.302,COMPLETE,0
3585,358.402,DEPLETED,0
3586,358.502,DEPLETED,0
3587,358.602,DEPLETED,0
3588,358.702,DEPLETED,0
3589,358.802,DEPLETED,0
3590,358.902,DEPLETED,0
3591,359.002,COMPLETE,7.02
3592,359.102,COMPLETE,4.04
3593,359.202,COMPLETE,1.06
3594,359.302,COMPLETE,0
3595,359.402,DEPLETED,0
3596,359.502,DEPLETED,0
3597,359.602,DEPLETED,0
3598,359.702,DEPLETED,0
3599,359.802,DEPLETED,0
3600,359.902,DEPLETED,0
3601,360.002,COMPLETE,7.02
3602,360.102,COMPLETE,4.04
3603,360.202,COMPLETE,1.06
3604,360.302,COMPLETE,0
3605,360.402,DEPLETED,0
3606,360.502,DEPLETED,0
3607,360.602,DEPLETED,0
3608,360.702,DEPLETED,0
3609,360.802,DEPLETED,0
3610,360.902,DEPLETED,0
3611,361.002,COMPLETE,7.02
3612,361.102,COMPLETE,4.04
3613,361.202,COMPLETE,1.06
3614,361.302,COMPLETE,0
3615,361.402,DEPLETED,0
3616,361.502,DEPLETED,0
3617,361.602,DEPLETED,0
3618,361.702,DEPLETED,0
3619,361.802,DEPLETED,0
3620,361.902,DEPLETED,0
3621,362.002,COMPLETE,7.02
3622,362.102,COMPLETE,4.04
3623,362.202,COMPLETE,1.06
3624,362.302,COMPLETE,0
3625,362.402,DEPLETED,0
3626,362.502,DEPLETED,0
3627,362.602,DEPLETED,0
3628,362.702,DEPLETED,0
3629,362.802,DEPLETED,0
3630,362.902,DEPLETED,0
3631,363.002,COMPLETE,7.02
3632,363.102,COMPLETE,4.04
3633,363.202,COMPLETE,1.06
3634,363.302,COMPLETE,0
3635,363.402,DEPLETED,0
3636,363.502,DEPLETED,0
3637,363.602,DEPLETED,0
3638,363.702,DEPLETED,0
3639,363.802,DEPLETED,0
3640,363.902,DEPLETED,0
3641,364.002,COMPLETE,7.02
3642,364.102,COMPLETE,4.04
3643,364.202,COMPLETE,1.06
3644,364.302,COMPLETE,0
3645,364.402,DEPLETED,0
3646,364.502,DEPLETED,0
3647,364.602,DEPLETED,0
3648,364.702,DEPLETED,0
3649,364.802,DEPLETED,0
3650,364.902,DEPLETED,0
3651,365.002,COMPLETE,7.02
3652,365.102,COMPLETE,4.04
3653,365.202,COMPLETE,1.06
3654,365.302,COMPLETE,0
3655,365.402,DEPLETED,0
3656,365.502,DEPLETED,0
3657,365.602,DEPLETED,0
3658,365.702,DEPLETED,0
3659,365.802,DEPLETED,0
3660,365.902,DEPLETED,0
3661,366.002,COMPLETE,7.02
3662,366.102,COMPLETE,4.04
3663,366.202,COMPLETE,1.06
3664,366.302,COMPLETE,0
3665,366.402,DEPLETED,0
3666,366.502,DEPLETED,0
3667,366.602,DEPLETED,0
3668,366.702,DEPLETED,0
3669,366.802,DEPLETED,0
3670,366.902,DEPLETED,0
3671,367.002,COMPLETE,7.02
3672,367.102,COMPLETE,4.04
3673,367.202,COMPLETE,1.06
3674,367.302,COMPLETE,0
3675,367.402,DEPLETED,0
3676,367.502,DEPLETED,0
3677,367.602,DEPLETED,0
3678,367.702,DEPLETED,0
3679,367.802,DEPLETED,0
3680,367.902,DEPLETED,0
3681,368.002,COMPLETE,7.02
3682,368.102,COMPLETE,4.04
3683,368.202,COMPLETE,1.06
3684,368.302,COMPLETE,0
3685,368.402,DEPLETED,0
3686,368.502,DEPLETED,0
3687,368.602,DEPLETED,0
3688,368.702,DEPLETED,0
3689,368.802,DEPLETED,0
3690,368.902,DEPLETED,0
3691,369.002,COMPLETE,7.02
3692,369.102,COMPLETE,4.04
3693,369.202,COMPLETE,1.06
3694,369.302,COMPLETE,0
3695,369.402,DEPLETED,0
3696,369.502,DEPLETED,0
3697,369.602,DEPLETED,0
3698,369.702,DEPLETED,0
3699,369.802,DEPLETED,0
3700,369.902,DEPLETED,0
3701,370.002,COMPLETE,7.02
3702,370.102,COMPLETE,4.04
3703,370.202,COMPLETE,1.06
3704,370.302,COMPLETE,0
3705,370.402,DEPLETED,0
3706,370.502,DEPLETED,0
3707,370.602,DEPLETED,0
3708,370.702,DEPLETED,0
3709,370.802,DEPLETED,0
3710,370.902,DEPLETED,0
3711,371.002,COMPLETE,7.02
3712,371.102,COMPLETE,4.04
3713,371.202,COMPLETE,1.06
3714,371.302,COMPLETE,0
3715,371.402,DEPLETED,0
3716,371.502,DEPLETED,0
3717,371.602,DEPLETED,0
3718,371.702,DEPLETED,0
3719,371.802,DEPLETED,0
3720,371.902,DEPLETED,0
3721,372.002,COMPLETE,7.02
3722,372.102,COMPLETE,4.04
3723,372.202,COMPLETE,1.06
3724,372.302,COMPLETE,0
3725,372.402,DEPLETED,0
3726,372.502,DEPLETED,0
3727,372.602,DEPLETED,0
3728,372.702,DEPLETED,0
3729,372.802,DEPLETED,0
3730,372.902,DEPLETED,0
3731,373.002,COMPLETE,7.02
3732,373.102,COMPLETE,4.04
3733,373.202,COMPLETE,1.06
3734,373.302,COMPLETE,0
3735,373.402,DEPLETED,0
3736,373.502,DEPLETED,0
3737,373.602,DEPLETED,0
3738,373.702,DEPLETED,0
3739,373.802,DEPLETED,0
3740,373.902,DEPLETED,0
3741,374.002,COMPLETE,7.02
3742,374.102,COMPLETE,4.04
3743,374.202,COMPLETE,1.06
3744,374.302,COMPLETE,0
3745,374.402,DEPLETED,0
3746,374.502,DEPLETED,0
3747,374.602,DEPLETED,0
3748,374.702,DEPLETED,0
3749,374.802,DEPLETED,0
3750,374.902,DEPLETED,0
3751,375.002,COMPLETE,7.02
3752,375.102,COMPLETE,4.04
3753,375.202,COMPLETE,1.06
3754,375.302,COMPLETE,0
3755,375.402,DEPLETED,0
3756,375.502,DEPLETED,0
3757,375.602,DEPLETED,0
3758,375.702,DEPLETED,0
3759,375.802,DEPLETED,0
3760,375.902,DEPLETED,0
3761,376.002,COMPLETE,7.02
3762,376.102,COMPLETE,4.04
3763,376.202,COMPLETE,1.06
3764,376.302,COMPLETE,0
3765,376.402,DEPLETED,0
3766,376.502,DEPLETED,0
3767,376.602,DEPLETED,0
3768,376.702,DEPLETED,0
3769,376.802,DEPLETED,0
3770,376.902,DEPLETED,0
3771,377.002,COMPLETE,7.02
3772,377.102,COMPLETE,4.04
3773,377.202,COMPLETE,1.06
3774,377.302,COMPLETE,0
3775,377.402,DEPLETED,0
3776,377.502,DEPLETED,0
3777,377.602,DEPLETED,0
3778,377.702,DEPLETED,0
3779,377.802,DEPLETED,0
3780,377.902,DEPLETED,0
3781,378.002,COMPLETE,7.02
3782,378.102,COMPLETE,4.04
3783,378.202,COMPLETE,1.06
3784,378.302,COMPLETE,0
3785,378.402,DEPLETED,0
3786,378.502,DEPLETED,0
3787,378.602,DEPLETED,0
3788,378.702,DEPLETED,0
3789,378.802,DEPLETED,0
3790,378.902,DEPLETED,0
3791,379.002,COMPLETE,7.02
3792,379.102,COMPLETE,4.04
3793,379.202,COMPLETE,1.06
3794,379.302,COMPLETE,0
3795,379.402,DEPLETED,0
3796,379.502,DEPLETED,0
3797,379.602,DEPLETED,0
3798,379.702,DEPLETED,0
3799,379.802,DEPLETED,0
3800,379.902,DEPLETED,0
3801,380.002,COMPLETE,7.02
3802,380.102,COMPLETE,4.04
3803,380.202,COMPLETE,1.06
3804,380.302,COMPLETE,0
3805,380.402,DEPLETED,0
3806,380.502,DEPLETED,0
3807,380.602,DEPLETED,0
3808,380.702,DEPLETED,0
3809,380.802,DEPLETED,0
3810,380.902,DEPLETED,0
3811,381.002,COMPLETE,7.02
3812,381.102,COMPLETE,4.04
3813,381.202,COMPLETE,1.06
3814,381.302,COMPLETE,0
3815,381.402,DEPLETED,0
3816,381.502,DEPLETED,0
3817,381.602,DEPLETED,0
3818,381.702,DEPLETED,0
3819,381.802,DEPLETED,0
3820,381.902,DEPLETED,0
3821,382.002,COMPLETE,7.02
3822,382.102,COMPLETE,4.04
3823,382.202,COMPLETE,1.06
3824,382.302,COMPLETE,0
3825,382.402,DEPLETED,0
3826,382.502,DEPLETED,0
3827,382.602,DEPLETED,0
3828,382.702,DEPLETED,0
3829,382.802,DEPLETED,0
3830,382.902,DEPLETED,0
3831,383.002,COMPLETE,7.02
3832,383.102,COMPLETE,4.04
3833,383.202,COMPLETE,1.06
3834,383.302,COMPLETE,0
3835,383.402,DEPLETED,0
3836,383.502,DEPLETED,0
3837,383.602,DEPLETED,0
3838,383.702,DEPLETED,0
3839,383.802,DEPLETED,0
3840,383.902,DEPLETED,0
3841,384.002,COMPLETE,7.02
3842,384.102,COMPLETE,4.04
3843,384.202,COMPLETE,1.06
3844,384.302,COMPLETE,0
3845,384.402,DEPLETED,0
3846,384.502,DEPLETED,0
3847,384.602,DEPLETED,0
3848,384.702,DEPLETED,0
3849,384.802,DEPLETED,0
3850,384.902,DEPLETED,0
3851,385.002,COMPLETE,7.02
3852,385.102,COMPLETE,4.04
3853,385.202,COMPLETE,1.06
3854,385.302,COMPLETE,0
3855,385.402,DEPLETED,0
3856,385.502,DEPLETED,0
3857,385.602,DEPLETED,0
3858,385.702,DEPLETED,0
3859,385.802,DEPLETED,0
3860,385.902,DEPLETED,0
3861,386.002,COMPLETE,7.02
3862,386.102,COMPLETE,4.04
3863,386.202,COMPLETE,1.06
3864,386.302,COMPLETE,0
3865,386.402,DEPLETED,0
3866,386.502,DEPLETED,0
3867,386.602,DEPLETED,0
3868,386.702,DEPLETED,0
3869,386.802,DEPLETED,0
3870,386.902,DEPLETED,0
3871,387.002,COMPLETE,7.02
3872,387.102,COMPLETE,4.04
3873,387.202,COMPLETE,1.06
3874,387.302,COMPLETE,0
3875,387.402,DEPLETED,0
3876,387.502,DEPLETED,0
3877,387.602,DEPLETED,0
3878,387.702,DEPLETED,0
3879,387.802,DEPLETED,0
3880,387.902,DEPLETED,0
3881,388.002,COMPLETE,7.02
3882,388.102,COMPLETE,4.04
3883,388.202,COMPLETE,1.06
3884,388.302,COMPLETE,0
3885,388.402,DEPLETED,0
3886,388.502,DEPLETED,0
3887,388.602,DEPLETED,0
3888,388.702,DEPLETED,0
3889,388.802,DEPLETED,0
3890,388.902,DEPLETED,0
3891,389.002,COMPLETE,7.02
3892,389.102,COMPLETE,4.04
3893,389.202,COMPLETE,1.06
3894,389.302,COMPLETE,0
3895,389.402,DEPLETED,0
3896,389.502,DEPLETED,0
3897,389.602,DEPLETED,0
3898,389.702,DEPLETED,0
3899,389.802,DEPLETED,0
3900,389.902,DEPLETED,0
3901,390.002,COMPLETE,7.02
3902,390.102,COMPLETE,4.04
3903,390.202,COMPLETE,1.06
3904,390.302,COMPLETE,0
3905,390.402,DEPLETED,0
3906,390.502,DEPLETED,0
3907,390.602,DEPLETED,0
3908,390.702,DEPLETED,0
3909,390.802,DEPLETED,0
3910,390.902,DEPLETED,0
3911,391.002,COMPLETE,7.02
3912,391.102,COMPLETE,4.04
3913,391.202,COMPLETE,1.06
3914,391.302,COMPLETE,0
3915,391.402,DEPLETED,0
3916,391.502,DEPLETED,0
3917,391.602,DEPLETED,0
3918,391.702,DEPLETED,0
3919,391.802,DEPLETED,0
3920,391.902,DEPLETED,0
3921,392.002,COMPLETE,7.02
3922,392.102,COMPLETE,4.04
3923,392.202,COMPLETE,1.06
3924,392.302,COMPLETE,0
3925,392.402,DEPLETED,0
3926,392.502,DEPLETED,0
3927,392.602,DEPLETED,0
3928,392.702,DEPLETED,0
3929,392.802,DEPLETED,0
3930,392.902,DEPLETED,0
3931,393.002,COMPLETE,7.02
3932,393.102,COMPLETE,4.04
3933,393.202,COMPLETE,1.06
3934,393.302,COMPLETE,0
3935,393.402,DEPLETED,0
3936,393.502,DEPLETED,0
3937,393.602,DEPLETED,0
3938,393.702,DEPLETED,0
3939,393.802,DEPLETED,0
3940,393.902,DEPLETED,0
3941,394.002,COMPLETE,7.02
3942,394.102,COMPLETE,4.04
3943,394.202,COMPLETE,1.06
3944,394.302,COMPLETE,0
3945,394.402,DEPLETED,0
3946,394.502,DEPLETED,0
3947,394.602,DEPLETED,0
3948,394.702,DEPLETED,0
3949,394.802,DEPLETED,0
3950,394.902,DEPLETED,0
3951,395.002,COMPLETE,7.02
3952,395.102,COMPLETE,4.04
3953,395.202,COMPLETE,1.06
3954,395.302,COMPLETE,0
3955,395.402,DEPLETED,0
3956,395.502,DEPLETED,0
3957,395.602,DEPLETED,0
3958,395.702,DEPLETED,0
3959,395.802,DEPLETED,0
3960,395.902,DEPLETED,0
3961,396.002,COMPLETE,7.02
3962,396.102,COMPLETE,4.04
3963,396.202,COMPLETE,1.06
3964,396.302,COMPLETE,0
3965,396.402,DEPLETED,0
3966,396.502,DEPLETED,0
3967,396.602,DEPLETED,0
3968,396.702,DEPLETED,0
3969,396.802,DEPLETED,0
3970,396.902,DEPLETED,0
3971,397.002,COMPLETE,7.02
3972,397.102,COMPLETE,4.04
3973,397.202,COMPLETE,1.06
3974,397.302,COMPLETE,0
3975,397.402,DEPLETED,0
3976,397.502,DEPLETED,0
3977,397.602,DEPLETED,0
3978,397.702,DEPLETED,0
3979,397.802,DEPLETED,0
3980,397.902,DEPLETED,0
3981,398.002,COMPLETE,7.02
3982,398.102,COMPLETE,4.04
3983,398.202,COMPLETE,1.06
3984,398.302,COMPLETE,0
3985,398.402,DEPLETED,0
3986,398.502,DEPLETED,0
3987,398.602,DEPLETED,0
3988,398.702,DEPLETED,0
3989,398.802,DEPLETED,0
3990,398.902,DEPLETED,0
3991,399.002,COMPLETE,7.02
3992,399.102,COMPLETE,4.04
3993,399.202,COMPLETE,1.06
3994,399.302,COMPLETE,0
3995,399.402,DEPLETED,0
3996,399.502,DEPLETED,0
3997,399.602,DEPLETED,0
3998,399.702,DEPLETED,0
3999,399.802,DEPLETED,0
4000,399.902,DEPLETED,0
4001,400.002,COMPLETE,7.02
4002,400.102,COMPLETE,4.04
4003,400.202,COMPLETE,1.06
4004,400.302,COMPLETE,0
4005,400.402,DEPLETED,0
4006,400.502,DEPLETED,0
4007,400.602,DEPLETED,0
4008,400.702,DEPLETED,0
4009,400.802,DEPLETED,0
4010,400.902,DEPLETED,0
4011,401.002,COMPLETE,7.02
4012,401.102,COMPLETE,4.04
4013,401.202,COMPLETE,1.06
4014,401.302,COMPLETE,0
4015,401.402,DEPLETED,0
4016,401.502,DEPLETED,0
4017,401.602,DEPLETED,0
4018,401.702,DEPLETED,0
4019,401.802,DEPLETED,0
4020,401.902,DEPLETED,0
4021,402.002,COMPLETE,7.02
4022,402.102,COMPLETE,4.04
4023,402.202,COMPLETE,1.06
4024,402.302,COMPLETE,0
4025,402.402,DEPLETED,0
4026,402.502,DEPLETED,0
4027,402.602,DEPLETED,0
4028,402.702,DEPLETED,0
4029,402.802,DEPLETED,0
4030,402.902,DEPLETED,0
4031,403.002,COMPLETE,7.02
4032,403.102,COMPLETE,4.04
4033,403.202,COMPLETE,1.06
4034,403.302,COMPLETE,0
4035,403.402,DEPLETED,0
4036,403.502,DEPLETED,0
4037,403.602,DEPLETED,0
4038,403.702,DEPLETED,0
4039,403.802,DEPLETED,0
4040,403.902,DEPLETED,0
4041,404.002,COMPLETE,7.02
4042,404.102,COMPLETE,4.04
4043,404.202,COMPLETE,1.06
4044,404.302,COMPLETE,0
4045,404.402,DEPLETED,0
4046,404.502,DEPLETED,0
4047,404.602,DEPLETED,0
4048,404.702,DEPLETED,0
4049,404.802,DEPLETED,0
4050,404.902,DEPLETED,0
4051,405.002,COMPLETE,7.02
4052,405.102,COMPLETE,4.04
4053,405.202,COMPLETE,1.06
4054,405.302,COMPLETE,0
4055,405.402,DEPLETED,0
4056,405.502,DEPLETED,0
4057,405.602,DEPLETED,0
4058,405.702,DEPLETED,0
4059,405.802,DEPLETED,0
4060,405.902,DEPLETED,0
4061,406.002,COMPLETE,7.02
4062,406.102,COMPLETE,4.04
4063,406.202,COMPLETE,1.06
4064,406.302,COMPLETE,0
4065,406.402,DEPLETED,0
4066,406.502,DEPLETED,0
4067,406.602,DEPLETED,0
4068,406.702,DEPLETED,0
4069,406.802,DEPLETED,0
4070,406.902,DEPLETED,0
4071,407.002,COMPLETE,7.02
4072,407.102,COMPLETE,4.04
4073,407.202,COMPLETE,1.06
4074,407.302,COMPLETE,0
4075,407.402,DEPLETED,0
4076,407.502,DEPLETED,0
4077,407.602,DEPLETED,0
4078,407.702,DEPLETED,0
4079,407.802,DEPLETED,0
4080,407.902,DEPLETED,0
4081,408.002,COMPLETE,7.02
4082,408.102,COMPLETE,4.04
4083,408.202,COMPLETE,1.06
4084,408.302,COMPLETE,0
4085,408.402,DEPLETED,0
4086,408.502,DEPLETED,0
4087,408.602,DEPLETED,0
4088,408.702,DEPLETED,0
4089,408.802,DEPLETED,0
4090,408.902,DEPLETED,0
4091,409.002,COMPLETE,7.02
4092,409.102,COMPLETE,4.04
4093,409.202,COMPLETE,1.06
4094,409.302,COMPLETE,0
4095,409.402,DEPLETED,0
4096,409.502,DEPLETED,0
4097,409.602,DEPLETED,0
4098,409.702,DEPLETED,0
4099,409.802,DEPLETED,0
4100,409.902,DEPLETED,0
4101,410.002,COMPLETE,7.02
4102,410.102,COMPLETE,4.04
4103,410.202,COMPLETE,1.06
4104,410.302,COMPLETE,0
4105,410.402,DEPLETED,0
4106,410.502,DEPLETED,0
4107,410.602,DEPLETED,0
4108,410.702,DEPLETED,0
4109,410.802,DEPLETED,0
4110,410.902,DEPLETED,0
4111,411.002,COMPLETE,7.02
4112,411.102,COMPLETE,4.04
4113,411.202,COMPLETE,1.06
4114,411.302,COMPLETE,0
4115,411.402,DEPLETED,0
4116,411.502,DEPLETED,0
4117,411.602,DEPLETED,0
4118,411.702,DEPLETED,0
4119,411.802,DEPLETED,0
4120,411.902,DEPLETED,0
4121,412.002,COMPLETE,7.02
4122,412.102,COMPLETE,4.04
4123,412.202,COMPLETE,1.06
4124,412.302,COMPLETE,0
4125,412.402,DEPLETED,0
4126,412.502,DEPLETED,0
4127,412.602,DEPLETED,0
4128,412.702,DEPLETED,0
4129,412.802,DEPLETED,0
4130,412.902,DEPLETED,0
4131,413.002,COMPLETE,7.02
4132,413.102,COMPLETE,4.04
4133,413.202,COMPLETE,1.06
4134,413.302,COMPLETE,0
4135,413.402,DEPLETED,0
4136,413.502,DEPLETED,0
4137,413.602,DEPLETED,0
4138,413.702,DEPLETED,0
4139,413.802,DEPLETED,0
4140,413.902,DEPLETED,0
4141,414.002,COMPLETE,7.02
4142,414.102,COMPLETE,4.04
4143,414.202,COMPLETE,1.06
4144,414.302,COMPLETE,0
4145,414.402,DEPLETED,0
4146,414.502,DEPLETED,0
4147,414.602,DEPLETED,0
4148,414.702,DEPLETED,0
4149,414.802,DEPLETED,0
4150,414.902,DEPLETED,0
4151,415.002,COMPLETE,7.02
4152,415.102,COMPLETE,4.04
4153,415.202,COMPLETE,1.06
4154,415.302,COMPLETE,0
4155,415.402,DEPLETED,0
4156,415.502,DEPLETED,0
4157,415.602,DEPLETED,0
4158,415.702,DEPLETED,0
4159,415.802,DEPLETED,0
4160,415.902,DEPLETED,0
4161,416.002,COMPLETE,7.02
4162,416.102,COMPLETE,4.04
4163,416.202,COMPLETE,1.06
4164,416.302,COMPLETE,0
4165,416.402,DEPLETED,0
4166,416.502,DEPLETED,0
4167,416.602,DEPLETED,0
4168,416.702,DEPLETED,0
4169,416.802,DEPLETED,0
4170,416.902,DEPLETED,0
4171,417.002,COMPLETE,7.02
4172,417.102,COMPLETE,4.04
4173,417.202,COMPLETE,1.06
4174,417.302,COMPLETE,0
4175,417.402,DEPLETED,0
4176,417.502,DEPLETED,0
4177,417.602,DEPLETED,0
4178,417.702,DEPLETED,0
4179,417.802,DEPLETED,0
4180,417.902,DEPLETED,0
4181,418.002,COMPLETE,7.02
4182,418.102,COMPLETE,4.04
4183,418.202,COMPLETE,1.06
4184,418.302,COMPLETE,0
4185,418.402,DEPLETED,0
4186,418.502,DEPLETED,0
4187,418.602,DEPLETED,0
4188,418.702,DEPLETED,0
4189,418.802,DEPLETED,0
4190,418.902,DEPLETED,0
4191,419.002,COMPLETE,7.02
4192,419.102,COMPLETE,4.04
4193,419.202,COMPLETE,1.06
4194,419.302,COMPLETE,0
4195,419.402,DEPLETED,0
4196,419.502,DEPLETED,0
4197,419.602,DEPLETED,0
4198,419.702,DEPLETED,0
4199,419.802,DEPLETED,0
4200,419.902,DEPLETED,0
4201,420.002,COMPLETE,7.02
4202,420.102,COMPLETE,4.04
4203,420.202,COMPLETE,1.06
4204,420.302,COMPLETE,0
4205,420.402,DEPLETED,0
4206,420.502,DEPLETED,0
4207,420.602,DEPLETED,0
4208,420.702,DEPLETED,0
4209,420.802,DEPLETED,0
4210,420.902,DEPLETED,0
4211,421.002,COMPLETE,7.02
4212,421.102,COMPLETE,4.04
4213,421.202,COMPLETE,1.06
4214,421.302,COMPLETE,0
4215,421.402,DEPLETED,0
4216,421.502,DEPLETED,0
4217,421.602,DEPLETED,0
4218,421.702,DEPLETED,0
4219,421.802,DEPLETED,0
4220,421.902,DEPLETED,0
4221,422.002,COMPLETE,7.02
4222,422.102,COMPLETE,4.04
4223,422.202,COMPLETE,1.06
4224,422.302,COMPLETE,0
4225,422.402,DEPLETED,0
4226,422.502,DEPLETED,0
4227,422.602,DEPLETED,0
4228,422.702,DEPLETED,0
4229,422.802,DEPLETED,0
4230,422.902,DEPLETED,0
4231,423.002,COMPLETE,7.02
4232,423.102,COMPLETE,4.04
4233,423.202,COMPLETE,1.06
4234,423.302,COMPLETE,0
4235,423.402,DEPLETED,0
4236,423.502,DEPLETED,0
4237,423.602,DEPLETED,0
4238,423.702,DEPLETED,0
4239,423.802,DEPLETED,0
4240,423.902,DEPLETED,0
4241,424.002,COMPLETE,7.02
4242,424.102,COMPLETE,4.04
4243,424.202,COMPLETE,1.06
4244,424.302,COMPLETE,0
4245,424.402,DEPLETED,0
4246,424.502,DEPLETED,0
4247,424.602,DEPLETED,0
4248,424.702,DEPLETED,0
4249,424.802,DEPLETED,0
4250,424.902,DEPLETED,0
4251,425.002,COMPLETE,7.02
4252,425.102,COMPLETE,4.04
4253,425.202,COMPLETE,1.06
4254,425.302,COMPLETE,0
4255,425.402,DEPLETED,0
4256,425.502,DEPLETED,0
4257,425.602,DEPLETED,0
4258,425.702,DEPLETED,0
4259,425.802,DEPLETED,0
4260,425.902,DEPLETED,0
4261,426.002,COMPLETE,7.02
4262,426.102,COMPLETE,4.04
4263,426.202,COMPLETE,1.06
4264,426.302,COMPLETE,0
4265,426.402,DEPLETED,0
4266,426.502,DEPLETED,0
4267,426.602,DEPLETED,0
4268,426.702,DEPLETED,0
4269,426.802,DEPLETED,0
4270,426.902,DEPLETED,0
4271,427.002,COMPLETE,7.02
4272,427.102,COMPLETE,4.04
4273,427.202,COMPLETE,1.06
4274,427.302,COMPLETE,0
4275,427.402,DEPLETED,0
4276,427.502,DEPLETED,0
4277,427.602,DEPLETED,0
4278,427.702,DEPLETED,0
4279,427.802,DEPLETED,0
4280,427.902,DEPLETED,0
4281,428.002,COMPLETE,7.02
4282,428.102,COMPLETE,4.04
4283,428.202,COMPLETE,1.06
4284,428.302,COMPLETE,0
4285,428.402,DEPLETED,0
4286,428.502,DEPLETED,0
4287,428.602,DEPLETED,0
4288,428.702,DEPLETED,0
4289,428.802,DEPLETED,0
4290,428.902,DEPLETED,0
4291,429.002,COMPLETE,7.02
4292,429.102,COMPLETE,4.04
4293,429.202,COMPLETE,1.06
4294,429.302,COMPLETE,0
4295,429.402,DEPLETED,0
4296,429.502,DEPLETED,0
4297,429.602,DEPLETED,0
4298,429.702,DEPLETED,0
4299,429.802,DEPLETED,0
4300,429.902,DEPLETED,0
4301,430.002,COMPLETE,7.02
4302,430.102,COMPLETE,4.04
4303,430.202,COMPLETE,1.06
4304,430.302,COMPLETE,0
4305,430.402,DEPLETED,0
4306,430.502,DEPLETED,0
4307,430.602,DEPLETED,0
4308,430.702,DEPLETED,0
4309,430.802,DEPLETED,0
4310,430.902,DEPLETED,0
4311,431.002,COMPLETE,7.02
4312,431.102,COMPLETE,4.04
4313,431.202,COMPLETE,1.06
4314,431.302,COMPLETE,0
4315,431.402,DEPLETED,0
4316,431.502,DEPLETED,0
4317,431.602,DEPLETED,0
4318,431.702,DEPLETED,0
4319,431.802,DEPLETED,0
4320,431.902,DEPLETED,0
4321,432.002,COMPLETE,7.02
4322,432.102,COMPLETE,4.04
4323,432.202,COMPLETE,1.06
4324,432.302,COMPLETE,0
4325,432.402,DEPLETED,0
4326,432.502,DEPLETED,0
4327,432.602,DEPLETED,0
4328,432.702,DEPLETED,0
4329,432.802,DEPLETED,0
4330,432.902,DEPLETED,0
4331,433.002,COMPLETE,7.02
4332,433.102,COMPLETE,4.04
4333,433.202,COMPLETE,1.06
4334,433.302,COMPLETE,0
4335,433.402,DEPLETED,0
4336,433.502,DEPLETED,0
4337,433.602,DEPLETED,0
4338,433.702,DEPLETED,0
4339,433.802,DEPLETED,0
4340,433.902,DEPLETED,0
4341,434.002,COMPLETE,7.02
4342,434.102,COMPLETE,4.04
4343,434.202,COMPLETE,1.06
4344,434.302,COMPLETE,0
4345,434.402,DEPLETED,0
4346,434.502,DEPLETED,0
4347,434.602,DEPLETED,0
4348,434.702,DEPLETED,0
4349,434.802,DEPLETED,0
4350,434.902,DEPLETED,0
4351,435.002,COMPLETE,7.02
4352,435.102,COMPLETE,4.04
4353,435.202,COMPLETE,1.06
4354,435.302,COMPLETE,0
4355,435.402,DEPLETED,0
4356,435.502,DEPLETED,0
4357,435.602,DEPLETED,0
4358,435.702,DEPLETED,0
4359,435.802,DEPLETED,0
4360,435.902,DEPLETED,0
4361,436.002,COMPLETE,7.02
4362,436.102,COMPLETE,4.04
4363,436.202,COMPLETE,1.06
4364,436.302,COMPLETE,0
4365,436.402,DEPLETED,0
4366,436.502,DEPLETED,0
4367,436.602,DEPLETED,0
4368,436.702,DEPLETED,0
4369,436.802,DEPLETED,0
4370,436.902,DEPLETED,0
4371,437.002,COMPLETE,7.02
4372,437.102,COMPLETE,4.04
4373,437.202,COMPLETE,1.06
4374,437.302,COMPLETE,0
4375,437.402,DEPLETED,0
4376,437.502,DEPLETED,0
4377,437.602,DEPLETED,0
4378,437.702,DEPLETED,0
4379,437.802,DEPLETED,0
4380,437.902,DEPLETED,0
4381,438.002,COMPLETE,7.02
4382,438.102,COMPLETE,4.04
4383,438.202,COMPLETE,1.06
4384,438.302,COMPLETE,0
4385,438.402,DEPLETED,0
4386,438.502,DEPLETED,0
4387,438.602,DEPLETED,0
4388,438.702,DEPLETED,0
4389,438.802,DEPLETED,0
4390,438.902,DEPLETED,0
4391,439.002,COMPLETE,7.02
4392,439.102,COMPLETE,4.04
4393,439.202,COMPLETE,1.06
4394,439.302,COMPLETE,0
4395,439.402,DEPLETED,0
4396,439.502,DEPLETED,0
4397,439.602,DEPLETED,0
4398,439.702,DEPLETED,0
4399,439.802,DEPLETED,0
4400,439.902,DEPLETED,0
4401,440.002,COMPLETE,7.02
4402,440.102,COMPLETE,4.04
4403,440.202,COMPLETE,1.06
4404,440.302,COMPLETE,0
4405,440.402,DEPLETED,0
4406,440.502,DEPLETED,0
4407,440.602,DEPLETED,0
4408,440.702,DEPLETED,0
4409,440.802,DEPLETED,0
4410,440.902,DEPLETED,0
4411,441.002,COMPLETE,7.02
4412,441.102,COMPLETE,4.04
4413,441.202,COMPLETE,1.06
4414,441.302,COMPLETE,0
4415,441.402,DEPLETED,0
4416,441.502,DEPLETED,0
4417,441.602,DEPLETED,0
4418,441.702,DEPLETED,0
4419,441.802,DEPLETED,0
4420,441.902,DEPLETED,0
4421,442.002,COMPLETE,7.02
4422,442.102,COMPLETE,4.04
4423,442.202,COMPLETE,1.06
4424,442.302,COMPLETE,0
4425,442.402,DEPLETED,0
4426,442.502,DEPLETED,0
4427,442.602,DEPLETED,0
4428,442.702,DEPLETED,0
4429,442.802,DEPLETED,0
4430,442.902,DEPLETED,0
4431,443.002,COMPLETE,7.02
4432,443.102,COMPLETE,4.04
4433,443.202,COMPLETE,1.06
4434,443.302,COMPLETE,0
4435,443.402,DEPLETED,0
4436,443.502,DEPLETED,0
4437,443.602,DEPLETED,0
4438,443.702,DEPLETED,0
4439,443.802,DEPLETED,0
4440,443.902,DEPLETED,0
4441,444.002,COMPLETE,7.02
4442,444.102,COMPLETE,4.04
4443,444.202,COMPLETE,1.06
4444,444.302,COMPLETE,0
4445,444.402,DEPLETED,0
4446,444.502,DEPLETED,0
4447,444.602,DEPLETED,0
4448,444.702,DEPLETED,0
4449,444.802,DEPLETED,0
4450,444.902,DEPLETED,0
4451,445.002,COMPLETE,7.02
4452,445.102,COMPLETE,4.04
4453,445.202,COMPLETE,1.06
4454,445.302,COMPLETE,0
4455,445.402,DEPLETED,0
4456,445.502,DEPLETED,0
4457,445.602,DEPLETED,0
4458,445.702,DEPLETED,0
4459,445.802,DEPLETED,0
4460,445.902,DEPLETED,0
4461,446.002,COMPLETE,7.02
4462,446.102,COMPLETE,4.04
4463,446.202,COMPLETE,1.06
4464,446.302,COMPLETE,0
4465,446.402,DEPLETED,0
4466,446.502,DEPLETED,0
4467,446.602,DEPLETED,0
4468,446.702,DEPLETED,0
4469,446.802,DEPLETED,0
4470,446.902,DEPLETED,0
4471,447.002,COMPLETE,7.02
4472,447.102,COMPLETE,4.04
4473,447.202,COMPLETE,1.06
4474,447.302,COMPLETE,0
4475,447.402,DEPLETED,0
4476,447.502,DEPLETED,0
4477,447.602,DEPLETED,0
4478,447.702,DEPLETED,0
4479,447.802,DEPLETED,0
4480,447.902,DEPLETED,0
4481,448.002,COMPLETE,7.02
4482,448.102,COMPLETE,4.04
4483,448.202,COMPLETE,1.06
4484,448.302,COMPLETE,0
4485,448.402,DEPLETED,0
4486,448.502,DEPLETED,0
4487,448.602,DEPLETED,0
4488,448.702,DEPLETED,0
4489,448.802,DEPLETED,0
4490,448.902,DEPLETED,0
4491,449.002,COMPLETE,7.02
4492,449.102,COMPLETE,4.04
4493,449.202,COMPLETE,1.06
4494,449.302,COMPLETE,0
4495,449.402,DEPLETED,0
4496,449.502,DEPLETED,0
4497,449.602,DEPLETED,0
4498,449.702,DEPLETED,0
4499,449.802,DEPLETED,0
4500,449.902,DEPLETED,0
4501,450.002,COMPLETE,7.02
4502,450.102,COMPLETE,4.04
4503,450.202,COMPLETE,1.06
4504,450.302,COMPLETE,0
4505,450.402,DEPLETED,0
4506,450.502,DEPLETED,0
4507,450.602,DEPLETED,0
4508,450.702,DEPLETED,0
4509,450.802,DEPLETED,0
4510,450.902,DEPLETED,0
4511,451.002,COMPLETE,7.02
4512,451.102,COMPLETE,4.04
4513,451.202,COMPLETE,1.06
4514,451.302,COMPLETE,0
4515,451.402,DEPLETED,0
4516,451.502,DEPLETED,0
4517,451.602,DEPLETED,0
4518,451.702,DEPLETED,0
4519,451.802,DEPLETED,0
4520,451.902,DEPLETED,0
4521,452.002,COMPLETE,7.02
4522,452.102,COMPLETE,4.04
4523,452.202,COMPLETE,1.06
4524,452.302,COMPLETE,0
4525,452.402,DEPLETED,0
4526,452.502,DEPLETED,0
4527,452.602,DEPLETED,0
4528,452.702,DEPLETED,0
4529,452.802,DEPLETED,0
4530,452.902,DEPLETED,0
4531,453.002,COMPLETE,7.02
4532,453.102,COMPLETE,4.04
4533,453.202,COMPLETE,1.06
4534,453.302,COMPLETE,0
4535,453.402,DEPLETED,0
4536,453.502,DEPLETED,0
4537,453.602,DEPLETED,0
4538,453.702,DEPLETED,0
4539,453.802,DEPLETED,0
4540,453.902,DEPLETED,0
4541,454.002,COMPLETE,7.02
4542,454.102,COMPLETE,4.04
4543,454.202,COMPLETE,1.06
4544,454.302,COMPLETE,0
4545,454.402,DEPLETED,0
4546,454.502,DEPLETED,0
4547,454.602,DEPLETED,0
4548,454.702,DEPLETED,0
4549,454.802,DEPLETED,0
4550,454.902,DEPLETED,0
4551,455.002,COMPLETE,7.02
4552,455.102,COMPLETE,4.04
4553,455.202,COMPLETE,1.06
4554,455.302,COMPLETE,0
4555,455.402,DEPLETED,0
4556,455.502,DEPLETED,0
4557,455.602,DEPLETED,0
4558,455.702,DEPLETED,0
4559,455.802,DEPLETED,0
4560,455.902,DEPLETED,0
4561,456.002,COMPLETE,7.02
4562,456.102,COMPLETE,4.04
4563,456.202,COMPLETE,1.06
4564,456.302,COMPLETE,0
4565,456.402,DEPLETED,0
4566,456.502,DEPLETED,0
4567,456.602,DEPLETED,0
4568,456.702,DEPLETED,0
4569,456.802,DEPLETED,0
4570,456.902,DEPLETED,0
4571,457.002,COMPLETE,7.02
4572,457.102,COMPLETE,4.04
4573,457.202,COMPLETE,1.06
4574,457.302,COMPLETE,0
4575,457.402,DEPLETED,0
4576,457.502,DEPLETED,0
4577,457.602,DEPLETED,0
4578,457.702,DEPLETED,0
4579,457.802,DEPLETED,0
4580,457.902,DEPLETED,0
4581,458.002,COMPLETE,7.02
4582,458.102,COMPLETE,4.04
4583,458.202,COMPLETE,1.06
4584,458.302,COMPLETE,0
4585,458.402,DEPLETED,0
4586,458.502,DEPLETED,0
4587,458.602,DEPLETED,0
4588,458.702,DEPLETED,0
4589,458.802,DEPLETED,0
4590,458.902,DEPLETED,0
4591,459.002,COMPLETE,7.02
4592,459.102,COMPLETE,4.04
4593,459.202,COMPLETE,1.06
4594,459.302,COMPLETE,0
4595,459.402,DEPLETED,0
4596,459.502,DEPLETED,0
4597,459.602,DEPLETED,0
4598,459.702,DEPLETED,0
4599,459.802,DEPLETED,0
4600,459.902,DEPLETED,0
4601,460.002,COMPLETE,7.02
4602,460.102,COMPLETE,4.04
4603,460.202,COMPLETE,1.06
4604,460.302,COMPLETE,0
4605,460.402,DEPLETED,0
4606,460.502,DEPLETED,0
4607,460.602,DEPLETED,0
4608,460.702,DEPLETED,0
4609,460.802,DEPLETED,0
4610,460.902,DEPLETED,0
4611,461.002,COMPLETE,7.02
4612,461.102,COMPLETE,4.04
4613,461.202,COMPLETE,1.06
4614,461.302,COMPLETE,0
4615,461.402,DEPLETED,0
4616,461.502,DEPLETED,0
4617,461.602,DEPLETED,0
4618,461.702,DEPLETED,0
4619,461.802,DEPLETED,0
4620,461.902,DEPLETED,0
4621,462.002,COMPLETE,7.02
4622,462.102,COMPLETE,4.04
4623,462.202,COMPLETE,1.06
4624,462.302,COMPLETE,0
4625,462.402,DEPLETED,0
4626,462.502,DEPLETED,0
4627,462.602,DEPLETED,0
4628,462.702,DEPLETED,0
4629,462.802,DEPLETED,0
4630,462.902,DEPLETED,0
4631,463.002,COMPLETE,7.02
4632,463.102,COMPLETE,4.04
4633,463.202,COMPLETE,1.06
4634,463.302,COMPLETE,0
4635,463.402,DEPLETED,0
4636,463.502,DEPLETED,0
4637,463.602,DEPLETED,0
4638,463.702,DEPLETED,0
4639,463.802,DEPLETED,0
4640,463.902,DEPLETED,0
4641,464.002,COMPLETE,7.02
4642,464.102,COMPLETE,4.04
4643,464.202,COMPLETE,1.06
4644,464.302,COMPLETE,0
4645,464.402,DEPLETED,0
4646,464.502,DEPLETED,0
4647,464.602,DEPLETED,0
4648,464.702,DEPLETED,0
4649,464.802,DEPLETED,0
4650,464.902,DEPLETED,0
4651,465.002,COMPLETE,7.02
4652,465.102,COMPLETE,4.04
4653,465.202,COMPLETE,1.06
4654,465.302,COMPLETE,0
4655,465.402,DEPLETED,0
4656,465.502,DEPLETED,0
4657,465.602,DEPLETED,0
4658,465.702,DEPLETED,0
4659,465.802,DEPLETED,0
4660,465.902,DEPLETED,0
4661,466.002,COMPLETE,7.02
4662,466.102,COMPLETE,4.04
4663,466.202,COMPLETE,1.06
4664,466.302,COMPLETE,0
4665,466.402,DEPLETED,0
4666,466.502,DEPLETED,0
4667,466.602,DEPLETED,0
4668,466.702,DEPLETED,0
4669,466.802,DEPLETED,0
4670,466.902,DEPLETED,0
4671,467.002,COMPLETE,7.02
4672,467.102,COMPLETE,4.04
4673,467.202,COMPLETE,1.06
4674,467.302,COMPLETE,0
4675,467.402,DEPLETED,0
4676,467.502,DEPLETED,0
4677,467.602,DEPLETED,0
4678,467.702,DEPLETED,0
4679,467.802,DEPLETED,0
4680,467.902,DEPLETED,0
4681,468.002,COMPLETE,7.02
4682,468.102,COMPLETE,4.04
4683,468.202,COMPLETE,1.06
4684,468.302,COMPLETE,0
4685,468.402,DEPLETED,0
4686,468.502,DEPLETED,0
4687,468.602,DEPLETED,0
4688,468.702,DEPLETED,0
4689,468.802,DEPLETED,0
4690,468.902,DEPLETED,0
4691,469.002,COMPLETE,7.02
4692,469.102,COMPLETE,4.04
4693,469.202,COMPLETE,1.06
4694,469.302,COMPLETE,0
4695,469.402,DEPLETED,0
4696,469.502,DEPLETED,0
4697,469.602,DEPLETED,0
4698,469.702,DEPLETED,0
4699,469.802,DEPLETED,0
4700,469.902,DEPLETED,0
4701,470.002,COMPLETE,7.02
4702,470.102,COMPLETE,4.04
4703,470.202,COMPLETE,1.06
4704,470.302,COMPLETE,0
4705,470.402,DEPLETED,0
4706,470.502,DEPLETED,0
4707,470.602,DEPLETED,0
4708,470.702,DEPLETED,0
4709,470.802,DEPLETED,0
4710,470.902,DEPLETED,0
4711,471.002,COMPLETE,7.02
4712,471.102,COMPLETE,4.04
4713,471.202,COMPLETE,1.06
4714,471.302,COMPLETE,0
4715,471.402,DEPLETED,0
4716,471.502,DEPLETED,0
4717,471.602,DEPLETED,0
4718,471.702,DEPLETED,0
4719,471.802,DEPLETED,0
4720,471.902,DEPLETED,0
4721,472.002,COMPLETE,7.02
4722,472.102,COMPLETE,4.04
4723,472.202,COMPLETE,1.06
4724,472.302,COMPLETE,0
4725,472.402,DEPLETED,0
4726,472.502,DEPLETED,0
4727,472.602,DEPLETED,0
4728,472.702,DEPLETED,0
4729,472.802,DEPLETED,0
4730,472.902,DEPLETED,0
4731,473.002,COMPLETE,7.02
4732,473.102,COMPLETE,4.04
4733,473.202,COMPLETE,1.06
4734,473.302,COMPLETE,0
4735,473.402,DEPLETED,0
4736,473.502,DEPLETED,0
4737,473.602,DEPLETED,0
4738,473.702,DEPLETED,0
4739,473.802,DEPLETED,0
4740,473.902,DEPLETED,0
4741,474.002,COMPLETE,7.02
4742,474.102,COMPLETE,4.04
4743,474.202,COMPLETE,1.06
4744,474.302,COMPLETE,0
4745,474.402,DEPLETED,0
4746,474.502,DEPLETED,0
4747,474.602,DEPLETED,0
4748,474.702,DEPLETED,0
4749,474.802,DEPLETED,0
4750,474.902,DEPLETED,0
4751,475.002,COMPLETE,7.02
4752,475.102,COMPLETE,4.04
4753,475.202,COMPLETE,1.06
4754,475.302,COMPLETE,0
4755,475.402,DEPLETED,0
4756,475.502,DEPLETED,0
4757,475.602,DEPLETED,0
4758,475.702,DEPLETED,0
4759,475.802,DEPLETED,0
4760,475.902,DEPLETED,0
4761,476.002,COMPLETE,7.02
4762,476.102,COMPLETE,4.04
4763,476.202,COMPLETE,1.06
4764,476.302,COMPLETE,0
4765,476.402,DEPLETED,0
4766,476.502,DEPLETED,0
4767,476.602,DEPLETED,0
4768,476.702,DEPLETED,0
4769,476.802,DEPLETED,0
4770,476.902,DEPLETED,0
4771,477.002,COMPLETE,7.02
4772,477.102,COMPLETE,4.04
4773,477.202,COMPLETE,1.06
4774,477.302,COMPLETE,0
4775,477.402,DEPLETED,0
4776,477.502,DEPLETED,0
4777,477.602,DEPLETED,0
4778,477.702,DEPLETED,0
4779,477.802,DEPLETED,0
4780,477.902,DEPLETED,0
4781,478.002,COMPLETE,7.02
4782,478.102,COMPLETE,4.04
4783,478.202,COMPLETE,1.06
4784,478.302,COMPLETE,0
4785,478.402,DEPLETED,0
4786,478.502,DEPLETED,0
4787,478.602,DEPLETED,0
4788,478.702,DEPLETED,0
4789,478.802,DEPLETED,0
4790,478.902,DEPLETED,0
4791,479.002,COMPLETE,7.02
4792,479.102,COMPLETE,4.04
4793,479.202,COMPLETE,1.06
4794,479.302,COMPLETE,0
4795,479.402,DEPLETED,0
4796,479.502,DEPLETED,0
4797,479.602,DEPLETED,0
4798,479.702,DEPLETED,0
4799,479.802,DEPLETED,0
4800,479.902,DEPLETED,0
4801,480.002,COMPLETE,7.02
4802,480.102,COMPLETE,4.04
4803,480.202,COMPLETE,1.06
4804,480.302,COMPLETE,0
4805,480.402,DEPLETED,0
4806,480.502,DEPLETED,0
4807,480.602,DEPLETED,0
4808,480.702,DEPLETED,0
4809,480.802,DEPLETED,0
4810,480.902,DEPLETED,0
4811,481.002,COMPLETE,7.02
4812,481.102,COMPLETE,4.04
4813,481.202,COMPLETE,1.06
4814,481.302,COMPLETE,0
4815,481.402,DEPLETED,0
4816,481.502,DEPLETED,0
4817,481.602,DEPLETED,0
4818,481.702,DEPLETED,0
4819,481.802,DEPLETED,0
4820,481.902,DEPLETED,0
4821,482.002,COMPLETE,7.02
4822,482.102,COMPLETE,4.04
4823,482.202,COMPLETE,1.06
4824,482.302,COMPLETE,0
4825,482.402,DEPLETED,0
4826,482.502,DEPLETED,0
4827,482.602,DEPLETED,0
4828,482.702,DEPLETED,0
4829,482.802,DEPLETED,0
4830,482.902,DEPLETED,0
4831,483.002,COMPLETE,7.02
4832,483.102,COMPLETE,4.04
4833,483.202,COMPLETE,1.06
4834,483.302,COMPLETE,0
4835,483.402,DEPLETED,0
4836,483.502,DEPLETED,0
4837,483.602,DEPLETED,0
4838,483.702,DEPLETED,0
4839,483.802,DEPLETED,0
4840,483.902,DEPLETED,0
4841,484.002,COMPLETE,7.02
4842,484.102,COMPLETE,4.04
4843,484.202,COMPLETE,1.06
4844,484.302,COMPLETE,0
4845,484.402,DEPLETED,0
4846,484.502,DEPLETED,0
4847,484.602,DEPLETED,0
4848,484.702,DEPLETED,0
4849,484.802,DEPLETED,0
4850,484.902,DEPLETED,0
4851,485.002,COMPLETE,7.02
4852,485.102,COMPLETE,4.04
4853,485.202,COMPLETE,1.06
4854,485.302,COMPLETE,0
4855,485.402,DEPLETED,0
4856,485.502,DEPLETED,0
4857,485.602,DEPLETED,0
4858,485.702,DEPLETED,0
4859,485.802,DEPLETED,0
4860,485.902,DEPLETED,0
4861,486.002,COMPLETE,7.02
4862,486.102,COMPLETE,4.04
4863,486.202,COMPLETE,1.06
4864,486.302,COMPLETE,0
4865,486.402,DEPLETED,0
4866,486.502,DEPLETED,0
4867,486.602,DEPLETED,0
4868,486.702,DEPLETED,0
4869,486.802,DEPLETED,0
4870,486.902,DEPLETED,0
4871,487.002,COMPLETE,7.02
4872,487.102,COMPLETE,4.04
4873,487.202,COMPLETE,1.06
4874,487.302,COMPLETE,0
4875,487.402,DEPLETED,0
4876,487.502,DEPLETED,0
4877,487.602,DEPLETED,0
4878,487.702,DEPLETED,0
4879,487.802,DEPLETED,0
4880,487.902,DEPLETED,0
4881,488.002,COMPLETE,7.02
4882,488.102,COMPLETE,4.04
4883,488.202,COMPLETE,1.06
4884,488.302,COMPLETE,0
4885,488.402,DEPLETED,0
4886,488.502,DEPLETED,0
4887,488.602,DEPLETED,0
4888,488.702,DEPLETED,0
4889,488.802,DEPLETED,0
4890,488.902,DEPLETED,0
4891,489.002,COMPLETE,7.02
4892,489.102,COMPLETE,4.04
4893,489.202,COMPLETE,1.06
4894,489.302,COMPLETE,0
4895,489.402,DEPLETED,0
4896,489.502,DEPLETED,0
4897,489.602,DEPLETED,0
4898,489.702,DEPLETED,0
4899,489.802,DEPLETED,0
4900,489.902,DEPLETED,0
4901,490.002,COMPLETE,7.02
4902,490.102,COMPLETE,4.04
4903,490.202,COMPLETE,1.06
4904,490.302,COMPLETE,0
4905,490.402,DEPLETED,0
4906,490.502,DEPLETED,0
4907,490.602,DEPLETED,0
4908,490.702,DEPLETED,0
4909,490.802,DEPLETED,0
4910,490.902,DEPLETED,0
4911,491.002,COMPLETE,7.02
4912,491.102,COMPLETE,4.04
4913,491.202,COMPLETE,1.06
4914,491.302,COMPLETE,0
4915,491.402,DEPLETED,0
4916,491.502,DEPLETED,0
4917,491.602,DEPLETED,0
4918,491.702,DEPLETED,0
4919,491.802,DEPLETED,0
4920,491.902,DEPLETED,0
4921,492.002,COMPLETE,7.02
4922,492.102,COMPLETE,4.04
4923,492.202,COMPLETE,1.06
4924,492.302,COMPLETE,0
4925,492.402,DEPLETED,0
4926,492.502,DEPLETED,0
4927,492.602,DEPLETED,0
4928,492.702,DEPLETED,0
4929,492.802,DEPLETED,0
4930,492.902,DEPLETED,0
4931,493.002,COMPLETE,7.02
4932,493.102,COMPLETE,4.04
4933,493.202,COMPLETE,1.06
4934,493.302,COMPLETE,0
4935,493.402,DEPLETED,0
4936,493.502,DEPLETED,0
4937,493.602,DEPLETED,0
4938,493.702,DEPLETED,0
4939,493.802,DEPLETED,0
4940,493.902,DEPLETED,0
4941,494.002,COMPLETE,7.02
4942,494.102,COMPLETE,4.04
4943,494.202,COMPLETE,1.06
4944,494.302,COMPLETE,0
4945,494.402,DEPLETED,0
4946,494.502,DEPLETED,0
4947,494.602,DEPLETED,0
4948,494.702,DEPLETED,0
4949,494.802,DEPLETED,0
4950,494.902,DEPLETED,0
4951,495.002,COMPLETE,7.02
4952,495.102,COMPLETE,4.04
4953,495.202,COMPLETE,1.06
4954,495.302,COMPLETE,0
4955,495.402,DEPLETED,0
4956,495.502,DEPLETED,0
4957,495.602,DEPLETED,0
4958,495.702,DEPLETED,0
4959,495.802,DEPLETED,0
4960,495.902,DEPLETED,0
4961,496.002,COMPLETE,7.02
4962,496.102,COMPLETE,4.04
4963,496.202,COMPLETE,1.06
4964,496.302,COMPLETE,0
4965,496.402,DEPLETED,0
4966,496.502,DEPLETED,0
4967,496.602,DEPLETED,0
4968,496.702,DEPLETED,0
4969,496.802,DEPLETED,0
4970,496.902,DEPLETED,0
4971,497.002,COMPLETE,7.02
4972,497.102,COMPLETE,4.04
4973,497.202,COMPLETE,1.06
4974,497.302,COMPLETE,0
4975,497.402,DEPLETED,0
4976,497.502,DEPLETED,0
4977,497.602,DEPLETED,0
4978,497.702,DEPLETED,0
4979,497.802,DEPLETED,0
4980,497.902,DEPLETED,0
4981,498.002,COMPLETE,7.02
4982,498.102,COMPLETE,4.04
4983,498.202,COMPLETE,1.06
4984,498.302,COMPLETE,0
4985,498.402,DEPLETED,0
4986,498.502,DEPLETED,0
4987,498.602,DEPLETED,0
4988,498.702,DEPLETED,0
4989,498.802,DEPLETED,0
4990,498.902,DEPLETED,0
4991,499.002,COMPLETE,7.02
4992,499.102,COMPLETE,4.04
4993,499.202,COMPLETE,1.06
4994,499.302,COMPLETE,0
4995,499.402,DEPLETED,0
4996,499.502,DEPLETED,0
4997,499.602,DEPLETED,0
4998,499.702,DEPLETED,0
4999,499.802,DEPLETED,0
5000,499.902,DEPLETED,0
5001,500.002,COMPLETE,7.02
5002,500.102,COMPLETE,4.04
5003,500.202,COMPLETE,1.06
5004,500.302,COMPLETE,0
5005,500.402,DEPLETED,0
5006,500.502,DEPLETED,0
5007,500.602,DEPLETED,0
5008,500.702,DEPLETED,0
5009,500.802,DEPLETED,0
5010,500.902,DEPLETED,0
5011,501.002,COMPLETE,7.02
5012,501.102,COMPLETE,4.04
5013,501.202,COMPLETE,1.06
5014,501.302,COMPLETE,0
5015,501.402,DEPLETED,0
5016,501.502,DEPLETED,0
5017,501.602,DEPLETED,0
5018,501.702,DEPLETED,0
5019,501.802,DEPLETED,0
5020,501.902,DEPLETED,0
5021,502.002,COMPLETE,7.02
5022,502.102,COMPLETE,4.04
5023,502.202,COMPLETE,1.06
5024,502.302,COMPLETE,0
5025,502.402,DEPLETED,0
5026,502.502,DEPLETED,0
5027,502.602,DEPLETED,0
5028,502.702,DEPLETED,0
5029,502.802,DEPLETED,0
5030,502.902,DEPLETED,0
5031,503.002,COMPLETE,7.02
5032,503.102,COMPLETE,4.04
5033,503.202,COMPLETE,1.06
5034,503.302,COMPLETE,0
5035,503.402,DEPLETED,0
5036,503.502,DEPLETED,0
5037,503.602,DEPLETED,0
5038,503.702,DEPLETED,0
5039,503.802,DEPLETED,0
5040,503.902,DEPLETED,0
5041,504.002,COMPLETE,7.02
5042,504.102,COMPLETE,4.04
5043,504.202,COMPLETE,1.06
5044,504.302,COMPLETE,0
5045,504.402,DEPLETED,0
5046,504.502,DEPLETED,0
5047,504.602,DEPLETED,0
5048,504.702,DEPLETED,0
5049,504.802,DEPLETED,0
5050,504.902,DEPLETED,0
5051,505.002,COMPLETE,7.02
5052,505.102,COMPLETE,4.04
5053,505.202,COMPLETE,1.06
5054,505.302,COMPLETE,0
5055,505.402,DEPLETED,0
5056,505.502,DEPLETED,0
5057,505.602,DEPLETED,0
5058,505.702,DEPLETED,0
5059,505.802,DEPLETED,0
5060,505.902,DEPLETED,0
5061,506.002,COMPLETE,7.02
5062,506.102,COMPLETE,4.04
5063,506.202,COMPLETE,1.06
5064,506.302,COMPLETE,0
5065,506.402,DEPLETED,0
5066,506.502,DEPLETED,0
5067,506.602,DEPLETED,0
5068,506.702,DEPLETED,0
5069,506.802,DEPLETED,0
5070,506.902,DEPLETED,0
5071,507.002,COMPLETE,7.02
5072,507.102,COMPLETE,4.04
5073,507.202,COMPLETE,1.06
5074,507.302,COMPLETE,0
5075,507.402,DEPLETED,0
5076,507.502,DEPLETED,0
5077,507.602,DEPLETED,0
5078,507.702,DEPLETED,0
5079,507.802,DEPLETED,0
5080,507.902,DEPLETED,0
5081,508.002,COMPLETE,7.02
5082,508.102,COMPLETE,4.04
5083,508.202,COMPLETE,1.06
5084,508.302,COMPLETE,0
5085,508.402,DEPLETED,0
5086,508.502,DEPLETED,0
5087,508.602,DEPLETED,0
5088,508.702,DEPLETED,0
5089,508.802,DEPLETED,0
5090,508.902,DEPLETED,0
5091,509.002,COMPLETE,7.02
5092,509.102,COMPLETE,4.04
5093,509.202,COMPLETE,1.06
5094,509.302,COMPLETE,0
5095,509.402,DEPLETED,0
5096,509.502,DEPLETED,0
5097,509.602,DEPLETED,0
5098,509.702,DEPLETED,0
5099,509.802,DEPLETED,0
5100,509.902,DEPLETED,0
5101,510.002,COMPLETE,7.02
5102,510.102,COMPLETE,4.04
5103,510.202,COMPLETE,1.06
5104,510.302,COMPLETE,0
5105,510.402,DEPLETED,0
5106,510.502,DEPLETED,0
5107,510.602,DEPLETED,0
5108,510.702,DEPLETED,0
5109,510.802,DEPLETED,0
5110,510.902,DEPLETED,0
5111,511.002,COMPLETE,7.02
5112,511.102,COMPLETE,4.04
5113,511.202,COMPLETE,1.06
5114,511.302,COMPLETE,0
5115,511.402,DEPLETED,0
5116,511.502,DEPLETED,0
5117,511.602,DEPLETED,0
5118,511.702,DEPLETED,0
5119,511.802,DEPLETED,0
5120,511.902,DEPLETED,0
5121,512.002,COMPLETE,7.02
5122,512.102,COMPLETE,4.04
5123,512.202,COMPLETE,1.06
5124,512.302,COMPLETE,0
5125,512.402,DEPLETED,0
5126,512.502,DEPLETED,0
5127,512.602,DEPLETED,0
5128,512.702,DEPLETED,0
5129,512.802,DEPLETED,0
5130,512.902,DEPLETED,0
5131,513.002,COMPLETE,7.02
5132,513.102,COMPLETE,4.04
5133,513.202,COMPLETE,1.06
5134,513.302,COMPLETE,0
5135,513.402,DEPLETED,0
5136,513.502,DEPLETED,0
5137,513.602,DEPLETED,0
5138,513.702,DEPLETED,0
5139,513.802,DEPLETED,0
5140,513.902,DEPLETED,0
5141,514.002,COMPLETE,7.02
5142,514.102,COMPLETE,4.04
5143,514.202,COMPLETE,1.06
5144,514.302,COMPLETE,0
5145,514.402,DEPLETED,0
5146,514.502,DEPLETED,0
5147,514.602,DEPLETED,0
5148,514.702,DEPLETED,0
5149,514.802,DEPLETED,0
5150,514.902,DEPLETED,0
5151,515.002,COMPLETE,7.02
5152,515.102,COMPLETE,4.04
5153,515.202,COMPLETE,1.06
5154,515.302,COMPLETE,0
5155,515.402,DEPLETED,0
5156,515.502,DEPLETED,0
5157,515.602,DEPLETED,0
5158,515.702,DEPLETED,0
5159,515.802,DEPLETED,0
5160,515.902,DEPLETED,0
5161,516.002,COMPLETE,7.02
5162,516.102,COMPLETE,4.04
5163,516.202,COMPLETE,1.06
5164,516.302,COMPLETE,0
5165,516.402,DEPLETED,0
5166,516.502,DEPLETED,0
5167,516.602,DEPLETED,0
5168,516.702,DEPLETED,0
5169,516.802,DEPLETED,0
5170,516.902,DEPLETED,0
5171,517.002,COMPLETE,7.02
5172,517.102,COMPLETE,4.04
5173,517.202,COMPLETE,1.06
5174,517.302,COMPLETE,0
5175,517.402,DEPLETED,0
5176,517.502,DEPLETED,0
5177,517.602,DEPLETED,0
5178,517.702,DEPLETED,0
5179,517.802,DEPLETED,0
5180,517.902,DEPLETED,0
5181,518.002,COMPLETE,7.02
5182,518.102,COMPLETE,4.04
5183,518.202,COMPLETE,1.06
5184,518.302,COMPLETE,0
5185,518.402,DEPLETED,0
5186,518.502,DEPLETED,0
5187,518.602,DEPLETED,0
5188,518.702,DEPLETED,0
5189,518.802,DEPLETED,0
5190,518.902,DEPLETED,0
5191,519.002,COMPLETE,7.02
5192,519.102,COMPLETE,4.04
5193,519.202,COMPLETE,1.06
5194,519.302,COMPLETE,0
5195,519.402,DEPLETED,0
5196,519.502,DEPLETED,0
5197,519.602,DEPLETED,0
5198,519.702,DEPLETED,0
5199,519.802,DEPLETED,0
5200,519.902,DEPLETED,0
5201,520.002,COMPLETE,7.02
5202,520.102,COMPLETE,4.04
5203,520.202,COMPLETE,1.06
5204,520.302,COMPLETE,0
5205,520.402,DEPLETED,0
5206,520.502,DEPLETED,0
5207,520.602,DEPLETED,0
5208,520.702,DEPLETED,0
5209,520.802,DEPLETED,0
5210,520.902,DEPLETED,0
5211,521.002,COMPLETE,7.02
5212,521.102,COMPLETE,4.04
5213,521.202,COMPLETE,1.06
5214,521.302,COMPLETE,0
5215,521.402,DEPLETED,0
5216,521.502,DEPLETED,0
5217,521.602,DEPLETED,0
5218,521.702,DEPLETED,0
5219,521.802,DEPLETED,0
5220,521.902,DEPLETED,0
5221,522.002,COMPLETE,7.02
5222,522.102,COMPLETE,4.04
5223,522.202,COMPLETE,1.06
5224,522.302,COMPLETE,0
5225,522.402,DEPLETED,0
5226,522.502,DEPLETED,0
5227,522.602,DEPLETED,0
5228,522.702,DEPLETED,0
5229,522.802,DEPLETED,0
5230,522.902,DEPLETED,0
5231,523.002,COMPLETE,7.02
5232,523.102,COMPLETE,4.04
5233,523.202,COMPLETE,1.06
5234,523.302,COMPLETE,0
5235,523.402,DEPLETED,0
5236,523.502,DEPLETED,0
5237,523.602,DEPLETED,0
5238,523.702,DEPLETED,0
5239,523.802,DEPLETED,0
5240,523.902,DEPLETED,0
5241,524.002,COMPLETE,7.02
5242,524.102,COMPLETE,4.04
5243,524.202,COMPLETE,1.06
5244,524.302,COMPLETE,0
5245,524.402,DEPLETED,0
5246,524.502,DEPLETED,0
5247,524.602,DEPLETED,0
5248,524.702,DEPLETED,0
5249,524.802,DEPLETED,0
5250,524.902,DEPLETED,0
5251,525.002,COMPLETE,7.02
5252,525.102,COMPLETE,4.04
5253,525.202,COMPLETE,1.06
5254,525.302,COMPLETE,0
5255,525.402,DEPLETED,0
5256,525.502,DEPLETED,0
5257,525.602,DEPLETED,0
5258,525.702,DEPLETED,0
5259,525.802,DEPLETED,0
5260,525.902,DEPLETED,0
5261,526.002,COMPLETE,7.02
5262,526.102,COMPLETE,4.04
5263,526.202,COMPLETE,1.06
5264,526.302,COMPLETE,0
5265,526.402,DEPLETED,0
5266,526.502,DEPLETED,0
5267,526.602,DEPLETED,0
5268,526.702,DEPLETED,0
5269,526.802,DEPLETED,0
5270,526.902,DEPLETED,0
5271,527.002,COMPLETE,7.02
5272,527.102,COMPLETE,4.04
5273,527.202,COMPLETE,1.06
5274,527.302,COMPLETE,0
5275,527.402,DEPLETED,0
5276,527.502,DEPLETED,0
5277,527.602,DEPLETED,0
5278,527.702,DEPLETED,0
5279,527.802,DEPLETED,0
5280,527.902,DEPLETED,0
5281,528.002,COMPLETE,7.02
5282,528.102,COMPLETE,4.04
5283,528.202,COMPLETE,1.06
5284,528.302,COMPLETE,0
5285,528.402,DEPLETED,0
5286,528.502,DEPLETED,0
5287,528.602,DEPLETED,0
5288,528.702,DEPLETED,0
5289,528.802,DEPLETED,0
5290,528.902,DEPLETED,0
5291,529.002,COMPLETE,7.02
5292,529.102,COMPLETE,4.04
5293,529.202,COMPLETE,1.06
5294,529.302,COMPLETE,0
5295,529.402,DEPLETED,0
5296,529.502,DEPLETED,0
5297,529.602,DEPLETED,0
5298,529.702,DEPLETED,0
5299,529.802,DEPLETED,0
5300,529.902,DEPLETED,0
5301,530.002,COMPLETE,7.02
5302,530.102,COMPLETE,4.04
5303,530.202,COMPLETE,1.06
5304,530.302,COMPLETE,0
5305,530.402,DEPLETED,0
5306,530.502,DEPLETED,0
5307,530.602,DEPLETED,0
5308,530.702,DEPLETED,0
5309,530.802,DEPLETED,0
5310,530.902,DEPLETED,0
5311,531.002,COMPLETE,7.02
5312,531.102,COMPLETE,4.04
5313,531.202,COMPLETE,1.06
5314,531.302,COMPLETE,0
5315,531.402,DEPLETED,0
5316,531.502,DEPLETED,0
5317,531.602,DEPLETED,0
5318,531.702,DEPLETED,0
5319,531.802,DEPLETED,0
5320,531.902,DEPLETED,0
5321,532.002,COMPLETE,7.02
5322,532.102,COMPLETE,4.04
5323,532.202,COMPLETE,1.06
5324,532.302,COMPLETE,0
5325,532.402,DEPLETED,0
5326,532.502,DEPLETED,0
5327,532.602,DEPLETED,0
5328,532.702,DEPLETED,0
5329,532.802,DEPLETED,0
5330,532.902,DEPLETED,0
5331,533.002,COMPLETE,7.02
5332,533.102,COMPLETE,4.04
5333,533.202,COMPLETE,1.06
5334,533.302,COMPLETE,0
5335,533.402,DEPLETED,0
5336,533.502,DEPLETED,0
5337,533.602,DEPLETED,0
5338,533.702,DEPLETED,0
5339,533.802,DEPLETED,0
5340,533.902,DEPLETED,0
5341,534.002,COMPLETE,7.02
5342,534.102,COMPLETE,4.04
5343,534.202,COMPLETE,1.06
5344,534.302,COMPLETE,0
5345,534.402,DEPLETED,0
5346,534.502,DEPLETED,0
5347,534.602,DEPLETED,0
5348,534.702,DEPLETED,0
5349,534.802,DEPLETED,0
5350,534.902,DEPLETED,0
5351,535.002,COMPLETE,7.02
5352,535.102,COMPLETE,4.04
5353,535.202,COMPLETE,1.06
5354,535.302,COMPLETE,0
5355,535.402,DEPLETED,0
5356,535.502,DEPLETED,0
5357,535.602,DEPLETED,0
5358,535.702,DEPLETED,0
5359,535.802,DEPLETED,0
5360,535.902,DEPLETED,0
5361,536.002,COMPLETE,7.02
5362,536.102,COMPLETE,4.04
5363,536.202,COMPLETE,1.06
5364,536.302,COMPLETE,0
5365,536.402,DEPLETED,0
5366,536.502,DEPLETED,0
5367,536.602,DEPLETED,0
5368,536.702,DEPLETED,0
5369,536.802,DEPLETED,0
5370,536.902,DEPLETED,0
5371,537.002,COMPLETE,7.02
5372,537.102,COMPLETE,4.04
5373,537.202,COMPLETE,1.06
5374,537.302,COMPLETE,0
5375,537.402,DEPLETED,0
5376,537.502,DEPLETED,0
5377,537.602,DEPLETED,0
5378,537.702,DEPLETED,0
5379,537.802,DEPLETED,0
5380,537.902,DEPLETED,0
5381,538.002,COMPLETE,7.02
5382,538.102,COMPLETE,4.04
5383,538.202,COMPLETE,1.06
5384,538.302,COMPLETE,0
5385,538.402,DEPLETED,0
5386,538.502,DEPLETED,0
5387,538.602,DEPLETED,0
5388,538.702,DEPLETED,0
5389,538.802,DEPLETED,0
5390,538.902,DEPLETED,0
5391,539.002,COMPLETE,7.02
5392,539.102,COMPLETE,4.04
5393,539.202,COMPLETE,1.06
5394,539.302,COMPLETE,0
5395,539.402,DEPLETED,0
5396,539.502,DEPLETED,0
5397,539.602,DEPLETED,0
5398,539.702,DEPLETED,0
5399,539.802,DEPLETED,0
5400,539.902,DEPLETED,0
5401,540.002,COMPLETE,7.02
5402,540.102,COMPLETE,4.04
5403,540.202,COMPLETE,1.06
5404,540.302,COMPLETE,0
5405,540.402,DEPLETED,0
5406,540.502,DEPLETED,0
5407,540.602,DEPLETED,0
5408,540.702,DEPLETED,0
5409,540.802,DEPLETED,0
5410,540.902,DEPLETED,0
5411,541.002,COMPLETE,7.02
5412,541.102,COMPLETE,4.04
5413,541.202,COMPLETE,1.06
5414,541.302,COMPLETE,0
5415,541.402,DEPLETED,0
5416,541.502,DEPLETED,0
5417,541.602,DEPLETED,0
5418,541.702,DEPLETED,0
5419,541.802,DEPLETED,0
5420,541.902,DEPLETED,0
5421,542.002,COMPLETE,7.02
5422,542.102,COMPLETE,4.04
5423,542.202,COMPLETE,1.06
5424,542.302,COMPLETE,0
5425,542.402,DEPLETED,0
5426,542.502,DEPLETED,0
5427,542.602,DEPLETED,0
5428,542.702,DEPLETED,0
5429,542.802,DEPLETED,0
5430,542.902,DEPLETED,0
5431,543.002,COMPLETE,7.02
5432,543.102,COMPLETE,4.04
5433,543.202,COMPLETE,1.06
5434,543.302,COMPLETE,0
5435,543.402,DEPLETED,0
5436,543.502,DEPLETED,0
5437,543.602,DEPLETED,0
5438,543.702,DEPLETED,0
5439,543.802,DEPLETED,0
5440,543.902,DEPLETED,0
5441,544.002,COMPLETE,7.02
5442,544.102,COMPLETE,4.04
5443,544.202,COMPLETE,1.06
5444,544.302,COMPLETE,0
5445,544.402,DEPLETED,0
5446,544.502,DEPLETED,0
5447,544.602,DEPLETED,0
5448,544.702,DEPLETED,0
5449,544.802,DEPLETED,0
5450,544.902,DEPLETED,0
5451,545.002,COMPLETE,7.02
5452,545.102,COMPLETE,4.04
5453,545.202,COMPLETE,1.06
5454,545.302,COMPLETE,0
5455,545.402,DEPLETED,0
5456,545.502,DEPLETED,0
5457,545.602,DEPLETED,0
5458,545.702,DEPLETED,0
5459,545.802,DEPLETED,0
5460,545.902,DEPLETED,0
5461,546.002,COMPLETE,7.02
5462,546.102,COMPLETE,4.04
5463,546.202,COMPLETE,1.06
5464,546.302,COMPLETE,0
5465,546.402,DEPLETED,0
5466,546.502,DEPLETED,0
5467,546.602,DEPLETED,0
5468,546.702,DEPLETED,0
5469,546.802,DEPLETED,0
5470,546.902,DEPLETED,0
5471,547.002,COMPLETE,7.02
5472,547.102,COMPLETE,4.04
5473,547.202,COMPLETE,1.06
5474,547.302,COMPLETE,0
5475,547.402,DEPLETED,0
5476,547.502,DEPLETED,0
5477,547.602,DEPLETED,0
5478,547.702,DEPLETED,0
5479,547.802,DEPLETED,0
5480,547.902,DEPLETED,0
5481,548.002,COMPLETE,7.02
5482,548.102,COMPLETE,4.04
5483,548.202,COMPLETE,1.06
5484,548.302,COMPLETE,0
5485,548.402,DEPLETED,0
5486,548.502,DEPLETED,0
5487,548.602,DEPLETED,0
5488,548.702,DEPLETED,0
5489,548.802,DEPLETED,0
5490,548.902,DEPLETED,0
5491,549.002,COMPLETE,7.02
5492,549.102,COMPLETE,4.04
5493,549.202,COMPLETE,1.06
5494,549.302,COMPLETE,0
5495,549.402,DEPLETED,0
5496,549.502,DEPLETED,0
5497,549.602,DEPLETED,0
5498,549.702,DEPLETED,0
5499,549.802,DEPLETED,0
5500,549.902,DEPLETED,0
5501,550.002,COMPLETE,7.02
5502,550.102,COMPLETE,4.04
5503,550.202,COMPLETE,1.06
5504,550.302,COMPLETE,0
5505,550.402,DEPLETED,0
5506,550.502,DEPLETED,0
5507,550.602,DEPLETED,0
5508,550.702,DEPLETED,0
5509,550.802,DEPLETED,0
5510,550.902,DEPLETED,0
5511,551.002,COMPLETE,7.02
5512,551.102,COMPLETE,4.04
5513,551.202,COMPLETE,1.06
5514,551.302,COMPLETE,0
5515,551.402,DEPLETED,0
5516,551.502,DEPLETED,0
5517,551.602,DEPLETED,0
5518,551.702,DEPLETED,0
5519,551.802,DEPLETED,0
5520,551.902,DEPLETED,0
5521,552.002,COMPLETE,7.02
5522,552.102,COMPLETE,4.04
5523,552.202,COMPLETE,1.06
5524,552.302,COMPLETE,0
5525,552.402,DEPLETED,0
5526,552.502,DEPLETED,0
5527,552.602,DEPLETED,0
5528,552.702,DEPLETED,0
5529,552.802,DEPLETED,0
5530,552.902,DEPLETED,0
5531,553.002,COMPLETE,7.02
5532,553.102,COMPLETE,4.04
5533,553.202,COMPLETE,1.06
5534,553.302,COMPLETE,0
5535,553.402,DEPLETED,0
5536,553.502,DEPLETED,0
5537,553.602,DEPLETED,0
5538,553.702,DEPLETED,0
5539,553.802,DEPLETED,0
5540,553.902,DEPLETED,0
5541,554.002,COMPLETE,7.02
5542,554.102,COMPLETE,4.04
5543,554.202,COMPLETE,1.06
5544,554.302,COMPLETE,0
5545,554.402,DEPLETED,0
5546,554.502,DEPLETED,0
5547,554.602,DEPLETED,0
5548,554.702,DEPLETED,0
5549,554.802,DEPLETED,0
5550,554.902,DEPLETED,0
5551,555.002,COMPLETE,7.02
5552,555.102,COMPLETE,4.04
5553,555.202,COMPLETE,1.06
5554,555.302,COMPLETE,0
5555,555.402,DEPLETED,0
5556,555.502,DEPLETED,0
5557,555.602,DEPLETED,0
5558,555.702,DEPLETED,0
5559,555.802,DEPLETED,0
5560,555.902,DEPLETED,0
5561,556.002,COMPLETE,7.02
5562,556.102,COMPLETE,4.04
5563,556.202,COMPLETE,1.06
5564,556.302,COMPLETE,0
5565,556.402,DEPLETED,0
5566,556.502,DEPLETED,0
5567,556.602,DEPLETED,0
5568,556.702,DEPLETED,0
5569,556.802,DEPLETED,0
5570,556.902,DEPLETED,0
5571,557.002,COMPLETE,7.02
5572,557.102,COMPLETE,4.04
5573,557.202,COMPLETE,1.06
5574,557.302,COMPLETE,0
5575,557.402,DEPLETED,0
5576,557.502,DEPLETED,0
5577,557.602,DEPLETED,0
5578,557.702,DEPLETED,0
5579,557.802,DEPLETED,0
5580,557.902,DEPLETED,0
5581,558.002,COMPLETE,7.02
5582,558.102,COMPLETE,4.04
5583,558.202,COMPLETE,1.06
5584,558.302,COMPLETE,0
5585,558.402,DEPLETED,0
5586,558.502,DEPLETED,0
5587,558.602,DEPLETED,0
5588,558.702,DEPLETED,0
5589,558.802,DEPLETED,0
5590,558.902,DEPLETED,0
5591,559.002,COMPLETE,7.02
5592,559.102,COMPLETE,4.04
5593,559.202,COMPLETE,1.06
5594,559.302,COMPLETE,0
5595,559.402,DEPLETED,0
5596,559.502,DEPLETED,0
5597,559.602,DEPLETED,0
5598,559.702,DEPLETED,0
5599,559.802,DEPLETED,0
5600,559.902,DEPLETED,0
5601,560.002,COMPLETE,7.02
5602,560.102,COMPLETE,4.04
5603,560.202,COMPLETE,1.06
5604,560.302,COMPLETE,0
5605,560.402,DEPLETED,0
5606,560.502,DEPLETED,0
5607,560.602,DEPLETED,0
5608,560.702,DEPLETED,0
5609,560.802,DEPLETED,0
5610,560.902,DEPLETED,0
5611,561.002,COMPLETE,7.02
5612,561.102,COMPLETE,4.04
5613,561.202,COMPLETE,1.06
5614,561.302,COMPLETE,0
5615,561.402,DEPLETED,0
5616,561.502,DEPLETED,0
5617,561.602,DEPLETED,0
5618,561.702,DEPLETED,0
5619,561.802,DEPLETED,0
5620,561.902,DEPLETED,0
5621,562.002,COMPLETE,7.02
5622,562.102,COMPLETE,4.04
5623,562.202,COMPLETE,1.06
5624,562.302,COMPLETE,0
5625,562.402,DEPLETED,0
5626,562.502,DEPLETED,0
5627,562.602,DEPLETED,0
5628,562.702,DEPLETED,0
5629,562.802,DEPLETED,0
5630,562.902,DEPLETED,0
5631,563.002,COMPLETE,7.02
5632,563.102,COMPLETE,4.04
5633,563.202,COMPLETE,1.06
5634,563.302,COMPLETE,0
5635,563.402,DEPLETED,0
5636,563.502,DEPLETED,0
5637,563.602,DEPLETED,0
5638,563.702,DEPLETED,0
5639,563.802,DEPLETED,0
5640,563.902,DEPLETED,0
5641,564.002,COMPLETE,7.02
5642,564.102,COMPLETE,4.04
5643,564.202,COMPLETE,1.06
5644,564.302,COMPLETE,0
5645,564.402,DEPLETED,0
5646,564.502,DEPLETED,0
5647,564.602,DEPLETED,0
5648,564.702,DEPLETED,0
5649,564.802,DEPLETED,0
5650,564.902,DEPLETED,0
5651,565.002,COMPLETE,7.02
5652,565.102,COMPLETE,4.04
5653,565.202,COMPLETE,1.06
5654,565.302,COMPLETE,0
5655,565.402,DEPLETED,0
5656,565.502,DEPLETED,0
5657,565.602,DEPLETED,0
5658,565.702,DEPLETED,0
5659,565.802,DEPLETED,0
5660,565.902,DEPLETED,0
5661,566.002,COMPLETE,7.02
5662,566.102,COMPLETE,4.04
5663,566.202,COMPLETE,1.06
5664,566.302,COMPLETE,0
5665,566.402,DEPLETED,0
5666,566.502,DEPLETED,0
5667,566.602,DEPLETED,0
5668,566.702,DEPLETED,0
5669,566.802,DEPLETED,0
5670,566.902,DEPLETED,0
5671,567.002,COMPLETE,7.02
5672,567.102,COMPLETE,4.04
5673,567.202,COMPLETE,1.06
5674,567.302,COMPLETE,0
5675,567.402,DEPLETED,0
5676,567.502,DEPLETED,0
5677,567.602,DEPLETED,0
5678,567.702,DEPLETED,0
5679,567.802,DEPLETED,0
5680,567.902,DEPLETED,0
5681,568.002,COMPLETE,7.02
5682,568.102,COMPLETE,4.04
5683,568.202,COMPLETE,1.06
5684,568.302,COMPLETE,0
5685,568.402,DEPLETED,0
5686,568.502,DEPLETED,0
5687,568.602,DEPLETED,0
5688,568.702,DEPLETED,0
5689,568.802,DEPLETED,0
5690,568.902,DEPLETED,0
5691,569.002,COMPLETE,7.02
5692,569.102,COMPLETE,4.04
5693,569.202,COMPLETE,1.06
5694,569.302,COMPLETE,0
5695,569.402,DEPLETED,0
5696,569.502,DEPLETED,0
5697,569.602,DEPLETED,0
5698,569.702,DEPLETED,0
5699,569.802,DEPLETED,0
5700,569.902,DEPLETED,0
5701,570.002,COMPLETE,7.02
5702,570.102,COMPLETE,4.04
5703,570.202,COMPLETE,1.06
5704,570.302,COMPLETE,0
5705,570.402,DEPLETED,0
5706,570.502,DEPLETED,0
5707,570.602,DEPLETED,0
5708,570.702,DEPLETED,0
5709,570.802,DEPLETED,0
5710,570.902,DEPLETED,0
5711,571.002,COMPLETE,7.02
5712,571.102,COMPLETE,4.04
5713,571.202,COMPLETE,1.06
5714,571.302,COMPLETE,0
5715,571.402,DEPLETED,0
5716,571.502,DEPLETED,0
5717,571.602,DEPLETED,0
5718,571.702,DEPLETED,0
5719,571.802,DEPLETED,0
5720,571.902,DEPLETED,0
5721,572.002,COMPLETE,7.02
5722,572.102,COMPLETE,4.04
5723,572.202,COMPLETE,1.06
5724,572.302,COMPLETE,0
5725,572.402,DEPLETED,0
5726,572.502,DEPLETED,0
5727,572.602,DEPLETED,0
5728,572.702,DEPLETED,0
5729,572.802,DEPLETED,0
5730,572.902,DEPLETED,0
5731,573.002,COMPLETE,7.02
5732,573.102,COMPLETE,4.04
5733,573.202,COMPLETE,1.06
5734,573.302,COMPLETE,0
5735,573.402,DEPLETED,0
5736,573.502,DEPLETED,0
5737,573.602,DEPLETED,0
5738,573.702,DEPLETED,0
5739,573.802,DEPLETED,0
5740,573.902,DEPLETED,0
5741,574.002,COMPLETE,7.02
5742,574.102,COMPLETE,4.04
5743,574.202,COMPLETE,1.06
5744,574.302,COMPLETE,0
5745,574.402,DEPLETED,0
5746,574.502,DEPLETED,0
5747,574.602,DEPLETED,0
5748,574.702,DEPLETED,0
5749,574.802,DEPLETED,0
5750,574.902,DEPLETED,0
5751,575.002,COMPLETE,7.02
5752,575.102,COMPLETE,4.04
5753,575.202,COMPLETE,1.06
5754,575.302,COMPLETE,0
5755,575.402,DEPLETED,0
5756,575.502,DEPLETED,0
5757,575.602,DEPLETED,0
5758,575.702,DEPLETED,0
5759,575.802,DEPLETED,0
5760,575.902,DEPLETED,0
5761,576.002,COMPLETE,7.02
5762,576.102,COMPLETE,4.04
5763,576.202,COMPLETE,1.06
5764,576.302,COMPLETE,0
5765,576.402,DEPLETED,0
5766,576.502,DEPLETED,0
5767,576.602,DEPLETED,0
5768,576.702,DEPLETED,0
5769,576.802,DEPLETED,0
5770,576.902,DEPLETED,0
5771,577.002,COMPLETE,7.02
5772,577.102,COMPLETE,4.04
5773,577.202,COMPLETE,1.06
5774,577.302,COMPLETE,0
5775,577.402,DEPLETED,0
5776,577.502,DEPLETED,0
5777,577.602,DEPLETED,0
5778,577.702,DEPLETED,0
5779,577.802,DEPLETED,0
5780,577.902,DEPLETED,0
5781,578.002,COMPLETE,7.02
5782,578.102,COMPLETE,4.04
5783,578.202,COMPLETE,1.06
5784,578.302,COMPLETE,0
5785,578.402,DEPLETED,0
5786,578.502,DEPLETED,0
5787,578.602,DEPLETED,0
5788,578.702,DEPLETED,0
5789,578.802,DEPLETED,0
5790,578.902,DEPLETED,0
5791,579.002,COMPLETE,7.02
5792,579.102,COMPLETE,4.04
5793,579.202,COMPLETE,1.06
5794,579.302,COMPLETE,0
5795,579.402,DEPLETED,0
5796,579.502,DEPLETED,0
5797,579.602,DEPLETED,0
5798,579.702,DEPLETED,0
5799,579.802,DEPLETED,0
5800,579.902,DEPLETED,0
5801,580.002,COMPLETE,7.02
5802,580.102,COMPLETE,4.04
5803,580.202,COMPLETE,1.06
5804,580.302,COMPLETE,0
5805,580.402,DEPLETED,0
5806,580.502,DEPLETED,0
5807,580.602,DEPLETED,0
5808,580.702,DEPLETED,0
5809,580.802,DEPLETED,0
5810,580.902,DEPLETED,0
5811,581.002,COMPLETE,7.02
5812,581.102,COMPLETE,4.04
5813,581.202,COMPLETE,1.06
5814,581.302,COMPLETE,0
5815,581.402,DEPLETED,0
5816,581.502,DEPLETED,0
5817,581.602,DEPLETED,0
5818,581.702,DEPLETED,0
5819,581.802,DEPLETED,0
5820,581.902,DEPLETED,0
5821,582.002,COMPLETE,7.02
5822,582.102,COMPLETE,4.04
5823,582.202,COMPLETE,1.06
5824,582.302,COMPLETE,0
5825,582.402,DEPLETED,0
5826,582.502,DEPLETED,0
5827,582.602,DEPLETED,0
5828,582.702,DEPLETED,0
5829,582.802,DEPLETED,0
5830,582.902,DEPLETED,0
5831,583.002,COMPLETE,7.02
5832,583.102,COMPLETE,4.04
5833,583.202,COMPLETE,1.06
5834,583.302,COMPLETE,0
5835,583.402,DEPLETED,0
5836,583.502,DEPLETED,0
5837,583.602,DEPLETED,0
5838,583.702,DEPLETED,0
5839,583.802,DEPLETED,0
5840,583.902,DEPLETED,0
5841,584.002,COMPLETE,7.02
5842,584.102,COMPLETE,4.04
5843,584.202,COMPLETE,1.06
5844,584.302,COMPLETE,0
5845,584.402,DEPLETED,0
5846,584.502,DEPLETED,0
5847,584.602,DEPLETED,0
5848,584.702,DEPLETED,0
5849,584.802,DEPLETED,0
5850,584.902,DEPLETED,0
5851,585.002,COMPLETE,7.02
5852,585.102,COMPLETE,4.04
5853,585.202,COMPLETE,1.06
5854,585.302,COMPLETE,0
5855,585.402,DEPLETED,0
5856,585.502,DEPLETED,0
5857,585.602,DEPLETED,0
5858,585.702,DEPLETED,0
5859,585.802,DEPLETED,0
5860,585.902,DEPLETED,0
5861,586.002,COMPLETE,7.02
5862,586.102,COMPLETE,4.04
5863,586.202,COMPLETE,1.06
5864,586.302,COMPLETE,0
5865,586.402,DEPLETED,0
5866,586.502,DEPLETED,0
5867,586.602,DEPLETED,0
5868,586.702,DEPLETED,0
5869,586.802,DEPLETED,0
5870,586.902,DEPLETED,0
5871,587.002,COMPLETE,7.02
5872,587.102,COMPLETE,4.04
5873,587.202,COMPLETE,1.06
5874,587.302,COMPLETE,0
5875,587.402,DEPLETED,0
5876,587.502,DEPLETED,0
5877,587.602,DEPLETED,0
5878,587.702,DEPLETED,0
5879,587.802,DEPLETED,0
5880,587.902,DEPLETED,0
5881,588.002,COMPLETE,7.02
5882,588.102,COMPLETE,4.04
5883,588.202,COMPLETE,1.06
5884,588.302,COMPLETE,0
5885,588.402,DEPLETED,0
5886,588.502,DEPLETED,0
5887,588.602,DEPLETED,0
5888,588.702,DEPLETED,0
5889,588.802,DEPLETED,0
5890,588.902,DEPLETED,0
5891,589.002,COMPLETE,7.02
5892,589.102,COMPLETE,4.04
5893,589.202,COMPLETE,1.06
5894,589.302,COMPLETE,0
5895,589.402,DEPLETED,0
5896,589.502,DEPLETED,0
5897,589.602,DEPLETED,0
5898,589.702,DEPLETED,0
5899,589.802,DEPLETED,0
5900,589.902,DEPLETED,0
5901,590.002,COMPLETE,7.02
5902,590.102,COMPLETE,4.04
5903,590.202,COMPLETE,1.06
5904,590.302,COMPLETE,0
5905,590.402,DEPLETED,0
5906,590.502,DEPLETED,0
5907,590.602,DEPLETED,0
5908,590.702,DEPLETED,0
5909,590.802,DEPLETED,0
5910,590.902,DEPLETED,0
5911,591.002,COMPLETE,7.02
5912,591.102,COMPLETE,4.04
5913,591.202,COMPLETE,1.06
5914,591.302,COMPLETE,0
5915,591.402,DEPLETED,0
5916,591.502,DEPLETED,0
5917,591.602,DEPLETED,0
5918,591.702,DEPLETED,0
5919,591.802,DEPLETED,0
5920,591.902,DEPLETED,0
5921,592.002,COMPLETE,7.02
5922,592.102,COMPLETE,4.04
5923,592.202,COMPLETE,1.06
5924,592.302,COMPLETE,0
5925,592.402,DEPLETED,0
5926,592.502,DEPLETED,0
5927,592.602,DEPLETED,0
5928,592.702,DEPLETED,0
5929,592.802,DEPLETED,0
5930,592.902,DEPLETED,0
5931,593.002,COMPLETE,7.02
5932,593.102,COMPLETE,4.04
5933,593.202,COMPLETE,1.06
5934,593.302,COMPLETE,0
5935,593.402,DEPLETED,0
5936,593.502,DEPLETED,0
5937,593.602,DEPLETED,0
5938,593.702,DEPLETED,0
5939,593.802,DEPLETED,0
5940,593.902,DEPLETED,0
5941,594.002,COMPLETE,7.02
5942,594.102,COMPLETE,4.04
5943,594.202,COMPLETE,1.06
5944,594.302,COMPLETE,0
5945,594.402,DEPLETED,0
5946,594.502,DEPLETED,0
5947,594.602,DEPLETED,0
5948,594.702,DEPLETED,0
5949,594.802,DEPLETED,0
5950,594.902,DEPLETED,0
5951,595.002,COMPLETE,7.02
5952,595.102,COMPLETE,4.04
5953,595.202,COMPLETE,1.06
5954,595.302,COMPLETE,0
5955,595.402,DEPLETED,0
5956,595.502,DEPLETED,0
5957,595.602,DEPLETED,0
5958,595.702,DEPLETED,0
5959,595.802,DEPLETED,0
5960,595.902,DEPLETED,0
5961,596.002,COMPLETE,7.02
5962,596.102,COMPLETE,4.04
5963,596.202,COMPLETE,1.06
5964,596.302,COMPLETE,0
5965,596.402,DEPLETED,0
5966,596.502,DEPLETED,0
5967,596.602,DEPLETED,0
5968,596.702,DEPLETED,0
5969,596.802,DEPLETED,0
5970,596.902,DEPLETED,0
5971,597.002,COMPLETE,7.02
5972,597.102,COMPLETE,4.04
5973,597.202,COMPLETE,1.06
5974,597.302,COMPLETE,0
5975,597.402,DEPLETED,0
5976,597.502,DEPLETED,0
5977,597.602,DEPLETED,0
5978,597.702,DEPLETED,0
5979,597.802,DEPLETED,0
5980,597.902,DEPLETED,0
5981,598.002,COMPLETE,7.02
5982,598.102,COMPLETE,4.04
5983,598.202,COMPLETE,1.06
5984,598.302,COMPLETE,0
5985,598.402,DEPLETED,0
5986,598.502,DEPLETED,0
5987,598.602,DEPLETED,0
5988,598.702,DEPLETED,0
5989,598.802,DEPLETED,0
5990,598.902,DEPLETED,0
5991,599.002,COMPLETE,7.02
5992,599.102,COMPLETE,4.04
5993,599.202,COMPLETE,1.06
5994,599.302,COMPLETE,0
5995,599.402,DEPLETED,0
5996,599.502,DEPLETED,0
5997,599.602,DEPLETED,0
5998,599.702,DEPLETED,0
5999,599.802,DEPLETED,0
6000,599.902,DEPLETED,0
