req_numer,time,result,energy_avaliable
1,0.00287407,COMPLETE,97.02
2,0.102354,COMPLETE,94.04
3,0.202354,COMPLETE,91.06
4,0.302354,COMPLETE,88.08
5,0.402354,COMPLETE,85.1
6,0.502354,COMPLETE,82.12
7,0.602354,COMPLETE,79.14
8,0.702354,COMPLETE,76.16
9,0.802354,COMPLETE,73.18
10,0.902354,COMPLETE,70.2
11,1.00235,COMPLETE,77.22
12,1.10235,COMPLETE,74.24
13,1.20235,COMPLETE,71.26
14,1.30235,COMPLETE,68.28
15,1.40235,COMPLETE,65.3
16,1.50235,COMPLETE,62.32
17,1.60235,COMPLETE,59.34
18,1.70235,COMPLETE,56.36
19,1.80235,COMPLETE,53.38
20,1.90235,COMPLETE,50.4
21,2.00235,COMPLETE,57.42
22,2.10235,COMPLETE,54.44
23,2.20235,COMPLETE,51.46
24,2.30235,COMPLETE,48.48
25,2.40235,COMPLETE,45.5
26,2.50235,COMPLETE,42.52
27,2.60235,COMPLETE,39.54
28,2.70235,COMPLETE,36.56
29,2.80235,THROTTLED,36.53
30,2.90235,THROTTLED,36.5
31,3.00235,COMPLETE,43.52
32,3.10235,COMPLETE,40.54
33,3.20235,COMPLETE,37.56
34,3.30235,COMPLETE,34.58
35,3.40235,COMPLETE,31.6
36,3.50235,COMPLETE,28.62
37,3.60235,COMPLETE,25.64
38,3.70235,COMPLETE,22.66
39,3.80235,COMPLETE,19.68
40,3.90235,COMPLETE,16.7
41,4.00235,COMPLETE,23.72
42,4.10235,COMPLETE,20.74
43,4.20235,COMPLETE,17.76
44,4.30235,COMPLETE,14.78
45,4.40235,COMPLETE,11.8
46,4.50235,THROTTLED,11.77
47,4.60235,THROTTLED,11.74
48,4.70235,THROTTLED,11.71
49,4.80235,THROTTLED,11.68
50,4.90235,THROTTLED,11.65
51,5.00235,COMPLETE,18.67
52,5.10235,COMPLETE,15.69
53,5.20235,COMPLETE,12.71
54,5.30235,COMPLETE,9.73
55,5.40235,THROTTLED,9.7
56,5.50235,THROTTLED,9.67
57,5.60235,THROTTLED,9.64
58,5.70235,THROTTLED,9.61
59,5.80235,THROTTLED,9.58
60,5.90235,THROTTLED,9.55
61,6.00235,COMPLETE,16.57
62,6.10235,COMPLETE,13.59
63,6.20235,COMPLETE,10.61
64,6.30235,COMPLETE,7.63
65,6.40235,THROTTLED,7.6
66,6.50235,THROTTLED,7.57
67,6.60235,THROTTLED,7.54
68,6.70235,THROTTLED,7.51
69,6.80235,THROTTLED,7.48
70,6.90235,THROTTLED,7.45
71,7.00235,COMPLETE,14.47
72,7.10235,COMPLETE,11.49
73,7.20235,COMPLETE,8.51
74,7.30235,THROTTLED,8.48
75,7.40235,THROTTLED,8.45
76,7.50235,THROTTLED,8.42
77,7.60235,THROTTLED,8.39
78,7.70235,THROTTLED,8.36
79,7.80235,THROTTLED,8.33
80,7.90235,THROTTLED,8.3
81,8.00235,COMPLETE,15.32
82,8.10235,COMPLETE,12.34
83,8.20235,COMPLETE,9.36
84,8.30235,THROTTLED,9.33
85,8.40235,THROTTLED,9.3
86,8.50235,THROTTLED,9.27
87,8.60235,THROTTLED,9.24
88,8.70235,THROTTLED,9.21
89,8.80235,THROTTLED,9.18
90,8.90235,THROTTLED,9.15
91,9.00235,COMPLETE,16.17
92,9.10235,COMPLETE,13.19
93,9.20235,COMPLETE,10.21
94,9.30235,COMPLETE,7.23
95,9.40235,THROTTLED,7.2
96,9.50235,THROTTLED,7.17
97,9.60235,THROTTLED,7.14
98,9.70235,THROTTLED,7.11
99,9.80235,THROTTLED,7.08
100,9.90235,THROTTLED,7.05
101,10.0024,COMPLETE,14.07
102,10.1024,COMPLETE,11.09
103,10.2024,COMPLETE,8.11
104,10.3024,THROTTLED,8.08
105,10.4024,THROTTLED,8.05
106,10.5024,THROTTLED,8.02
107,10.6024,THROTTLED,7.99
108,10.7024,THROTTLED,7.96
109,10.8024,THROTTLED,7.93
110,10.9024,THROTTLED,7.9
111,11.0024,COMPLETE,14.92
112,11.1024,COMPLETE,11.94
113,11.2024,COMPLETE,8.96
114,11.3024,THROTTLED,8.93
115,11.4024,THROTTLED,8.9
116,11.5024,THROTTLED,8.87
117,11.6024,THROTTLED,8.84
118,11.7024,THROTTLED,8.81
119,11.8024,THROTTLED,8.78
120,11.9024,THROTTLED,8.75
121,12.0024,COMPLETE,15.77
122,12.1024,COMPLETE,12.79
123,12.2024,COMPLETE,9.81
124,12.3024,THROTTLED,9.78
125,12.4024,THROTTLED,9.75
126,12.5024,THROTTLED,9.72
127,12.6024,THROTTLED,9.69
128,12.7024,THROTTLED,9.66
129,12.8024,THROTTLED,9.63
130,12.9024,THROTTLED,9.6
131,13.0024,COMPLETE,16.62
132,13.1024,COMPLETE,13.64
133,13.2024,COMPLETE,10.66
134,13.3024,COMPLETE,7.68
135,13.4024,THROTTLED,7.65
136,13.5024,THROTTLED,7.62
137,13.6024,THROTTLED,7.59
138,13.7024,THROTTLED,7.56
139,13.8024,THROTTLED,7.53
140,13.9024,THROTTLED,7.5
141,14.0024,COMPLETE,14.52
142,14.1024,COMPLETE,11.54
143,14.2024,COMPLETE,8.56
144,14.3024,THROTTLED,8.53
145,14.4024,THROTTLED,8.5
146,14.5024,THROTTLED,8.47
147,14.6024,THROTTLED,8.44
148,14.7024,THROTTLED,8.41
149,14.8024,THROTTLED,8.38
150,14.9024,THROTTLED,8.35
151,15.0024,COMPLETE,15.37
152,15.1024,COMPLETE,12.39
153,15.2024,COMPLETE,9.41
154,15.3024,THROTTLED,9.38
155,15.4024,THROTTLED,9.35
156,15.5024,THROTTLED,9.32
157,15.6024,THROTTLED,9.29
158,15.7024,THROTTLED,9.26
159,15.8024,THROTTLED,9.23
160,15.9024,THROTTLED,9.2
161,16.0024,COMPLETE,16.22
162,16.1024,COMPLETE,13.24
163,16.2024,COMPLETE,10.26
164,16.3024,COMPLETE,7.28
165,16.4024,THROTTLED,7.25
166,16.5024,THROTTLED,7.22
167,16.6024,THROTTLED,7.19
168,16.7024,THROTTLED,7.16
169,16.8024,THROTTLED,7.13
170,16.9024,THROTTLED,7.1
171,17.0024,COMPLETE,14.12
172,17.1024,COMPLETE,11.14
173,17.2024,COMPLETE,8.16
174,17.3024,THROTTLED,8.13
175,17.4024,THROTTLED,8.1
176,17.5024,THROTTLED,8.07
177,17.6024,THROTTLED,8.04
178,17.7024,THROTTLED,8.01
179,17.8024,THROTTLED,7.98
180,17.9024,THROTTLED,7.95
181,18.0024,COMPLETE,14.97
182,18.1024,COMPLETE,11.99
183,18.2024,COMPLETE,9.01
184,18.3024,THROTTLED,8.98
185,18.4024,THROTTLED,8.95
186,18.5024,THROTTLED,8.92
187,18.6024,THROTTLED,8.89
188,18.7024,THROTTLED,8.86
189,18.8024,THROTTLED,8.83
190,18.9024,THROTTLED,8.8
191,19.0024,COMPLETE,15.82
192,19.1024,COMPLETE,12.84
193,19.2024,COMPLETE,9.86
194,19.3024,THROTTLED,9.83
195,19.4024,THROTTLED,9.8
196,19.5024,THROTTLED,9.77
197,19.6024,THROTTLED,9.74
198,19.7024,THROTTLED,9.71
199,19.8024,THROTTLED,9.68
200,19.9024,THROTTLED,9.65
201,20.0024,COMPLETE,16.67
202,20.1024,COMPLETE,13.69
203,20.2024,COMPLETE,10.71
204,20.3024,COMPLETE,7.73
205,20.4024,THROTTLED,7.7
206,20.5024,THROTTLED,7.67
207,20.6024,THROTTLED,7.64
208,20.7024,THROTTLED,7.61
209,20.8024,THROTTLED,7.58
210,20.9024,THROTTLED,7.55
211,21.0024,COMPLETE,14.57
212,21.1024,COMPLETE,11.59
213,21.2024,COMPLETE,8.61
214,21.3024,THROTTLED,8.58
215,21.4024,THROTTLED,8.55
216,21.5024,THROTTLED,8.52
217,21.6024,THROTTLED,8.49
218,21.7024,THROTTLED,8.46
219,21.8024,THROTTLED,8.43
220,21.9024,THROTTLED,8.4
221,22.0024,COMPLETE,15.42
222,22.1024,COMPLETE,12.44
223,22.2024,COMPLETE,9.46
224,22.3024,THROTTLED,9.43
225,22.4024,THROTTLED,9.4
226,22.5024,THROTTLED,9.37
227,22.6024,THROTTLED,9.34
228,22.7024,THROTTLED,9.31
229,22.8024,THROTTLED,9.28
230,22.9024,THROTTLED,9.25
231,23.0024,COMPLETE,16.27
232,23.1024,COMPLETE,13.29
233,23.2024,COMPLETE,10.31
234,23.3024,COMPLETE,7.33
235,23.4024,THROTTLED,7.3
236,23.5024,THROTTLED,7.27
237,23.6024,THROTTLED,7.24
238,23.7024,THROTTLED,7.21
239,23.8024,THROTTLED,7.18
240,23.9024,THROTTLED,7.15
241,24.0024,COMPLETE,14.17
242,24.1024,COMPLETE,11.19
243,24.2024,COMPLETE,8.21
244,24.3024,THROTTLED,8.18
245,24.4024,THROTTLED,8.15
246,24.5024,THROTTLED,8.12
247,24.6024,THROTTLED,8.09
248,24.7024,THROTTLED,8.06
249,24.8024,THROTTLED,8.03
250,24.9024,THROTTLED,8
251,25.0024,COMPLETE,15.02
252,25.1024,COMPLETE,12.04
253,25.2024,COMPLETE,9.06
254,25.3024,THROTTLED,9.03
255,25.4024,THROTTLED,9
256,25.5024,THROTTLED,8.97
257,25.6024,THROTTLED,8.94
258,25.7024,THROTTLED,8.91
259,25.8024,THROTTLED,8.88
260,25.9024,THROTTLED,8.85
261,26.0024,COMPLETE,15.87
262,26.1024,COMPLETE,12.89
263,26.2024,COMPLETE,9.91
264,26.3024,THROTTLED,9.88
265,26.4024,THROTTLED,9.85
266,26.5024,THROTTLED,9.82
267,26.6024,THROTTLED,9.79
268,26.7024,THROTTLED,9.76
269,26.8024,THROTTLED,9.73
270,26.9024,THROTTLED,9.7
271,27.0024,COMPLETE,16.72
272,27.1024,COMPLETE,13.74
273,27.2024,COMPLETE,10.76
274,27.3024,COMPLETE,7.78
275,27.4024,THROTTLED,7.75
276,27.5024,THROTTLED,7.72
277,27.6024,THROTTLED,7.69
278,27.7024,THROTTLED,7.66
279,27.8024,THROTTLED,7.63
280,27.9024,THROTTLED,7.6
281,28.0024,COMPLETE,14.62
282,28.1024,COMPLETE,11.64
283,28.2024,COMPLETE,8.66
284,28.3024,THROTTLED,8.63
285,28.4024,THROTTLED,8.6
286,28.5024,THROTTLED,8.57
287,28.6024,THROTTLED,8.54
288,28.7024,THROTTLED,8.51
289,28.8024,THROTTLED,8.48
290,28.9024,THROTTLED,8.45
291,29.0024,COMPLETE,15.47
292,29.1024,COMPLETE,12.49
293,29.2024,COMPLETE,9.51
294,29.3024,THROTTLED,9.48
295,29.4024,THROTTLED,9.45
296,29.5024,THROTTLED,9.42
297,29.6024,THROTTLED,9.39
298,29.7024,THROTTLED,9.36
299,29.8024,THROTTLED,9.33
300,29.9024,THROTTLED,9.3
301,30.0024,COMPLETE,16.32
302,30.1024,COMPLETE,13.34
303,30.2024,COMPLETE,10.36
304,30.3024,COMPLETE,7.38
305,30.4024,THROTTLED,7.35
306,30.5024,THROTTLED,7.32
307,30.6024,THROTTLED,7.29
308,30.7024,THROTTLED,7.26
309,30.8024,THROTTLED,7.23
310,30.9024,THROTTLED,7.2
311,31.0024,COMPLETE,14.22
312,31.1024,COMPLETE,11.24
313,31.2024,COMPLETE,8.26
314,31.3024,THROTTLED,8.23
315,31.4024,THROTTLED,8.2
316,31.5024,THROTTLED,8.17
317,31.6024,THROTTLED,8.14
318,31.7024,THROTTLED,8.11
319,31.8024,THROTTLED,8.08
320,31.9024,THROTTLED,8.05
321,32.0024,COMPLETE,15.07
322,32.1024,COMPLETE,12.09
323,32.2024,COMPLETE,9.11
324,32.3024,THROTTLED,9.08
325,32.4024,THROTTLED,9.05
326,32.5024,THROTTLED,9.02
327,32.6024,THROTTLED,8.99
328,32.7024,THROTTLED,8.96
329,32.8024,THROTTLED,8.93
330,32.9024,THROTTLED,8.9
331,33.0024,COMPLETE,15.92
332,33.1024,COMPLETE,12.94
333,33.2024,COMPLETE,9.96
334,33.3024,THROTTLED,9.93
335,33.4024,THROTTLED,9.9
336,33.5024,THROTTLED,9.87
337,33.6024,THROTTLED,9.84
338,33.7024,THROTTLED,9.81
339,33.8024,THROTTLED,9.78
340,33.9024,THROTTLED,9.75
341,34.0024,COMPLETE,16.77
342,34.1024,COMPLETE,13.79
343,34.2024,COMPLETE,10.81
344,34.3024,COMPLETE,7.83
345,34.4024,THROTTLED,7.8
346,34.5024,THROTTLED,7.77
347,34.6024,THROTTLED,7.74
348,34.7024,THROTTLED,7.71
349,34.8024,THROTTLED,7.68
350,34.9024,THROTTLED,7.65
351,35.0024,COMPLETE,14.67
352,35.1024,COMPLETE,11.69
353,35.2024,COMPLETE,8.71
354,35.3024,THROTTLED,8.68
355,35.4024,THROTTLED,8.65
356,35.5024,THROTTLED,8.62
357,35.6024,THROTTLED,8.59
358,35.7024,THROTTLED,8.56
359,35.8024,THROTTLED,8.53
360,35.9024,THROTTLED,8.5
361,36.0024,COMPLETE,15.52
362,36.1024,COMPLETE,12.54
363,36.2024,COMPLETE,9.56
364,36.3024,THROTTLED,9.53
365,36.4024,THROTTLED,9.5
366,36.5024,THROTTLED,9.47
367,36.6024,THROTTLED,9.44
368,36.7024,THROTTLED,9.41
369,36.8024,THROTTLED,9.38
370,36.9024,THROTTLED,9.35
371,37.0024,COMPLETE,16.37
372,37.1024,COMPLETE,13.39
373,37.2024,COMPLETE,10.41
374,37.3024,COMPLETE,7.43
375,37.4024,THROTTLED,7.4
376,37.5024,THROTTLED,7.37
377,37.6024,THROTTLED,7.34
378,37.7024,THROTTLED,7.31
379,37.8024,THROTTLED,7.28
380,37.9024,THROTTLED,7.25
381,38.0024,COMPLETE,14.27
382,38.1024,COMPLETE,11.29
383,38.2024,COMPLETE,8.31
384,38.3024,THROTTLED,8.28
385,38.4024,THROTTLED,8.25
386,38.5024,THROTTLED,8.22
387,38.6024,THROTTLED,8.19
388,38.7024,THROTTLED,8.16
389,38.8024,THROTTLED,8.13
390,38.9024,THROTTLED,8.1
391,39.0024,COMPLETE,15.12
392,39.1024,COMPLETE,12.14
393,39.2024,COMPLETE,9.16
394,39.3024,THROTTLED,9.13
395,39.4024,THROTTLED,9.1
396,39.5024,THROTTLED,9.07
397,39.6024,THROTTLED,9.04
398,39.7024,THROTTLED,9.01
399,39.8024,THROTTLED,8.98
400,39.9024,THROTTLED,8.95
401,40.0024,COMPLETE,15.97
402,40.1024,COMPLETE,12.99
403,40.2024,COMPLETE,10.01
404,40.3024,COMPLETE,7.03
405,40.4024,THROTTLED,7
406,40.5024,THROTTLED,6.97
407,40.6024,THROTTLED,6.94
408,40.7024,THROTTLED,6.91
409,40.8024,THROTTLED,6.88
410,40.9024,THROTTLED,6.85
411,41.0024,COMPLETE,13.87
412,41.1024,COMPLETE,10.89
413,41.2024,COMPLETE,7.91
414,41.3024,THROTTLED,7.88
415,41.4024,THROTTLED,7.85
416,41.5024,THROTTLED,7.82
417,41.6024,THROTTLED,7.79
418,41.7024,THROTTLED,7.76
419,41.8024,THROTTLED,7.73
420,41.9024,THROTTLED,7.7
421,42.0024,COMPLETE,14.72
422,42.1024,COMPLETE,11.74
423,42.2024,COMPLETE,8.76
424,42.3024,THROTTLED,8.73
425,42.4024,THROTTLED,8.7
426,42.5024,THROTTLED,8.67
427,42.6024,THROTTLED,8.64
428,42.7024,THROTTLED,8.61
429,42.8024,THROTTLED,8.58
430,42.9024,THROTTLED,8.55
431,43.0024,COMPLETE,15.57
432,43.1024,COMPLETE,12.59
433,43.2024,COMPLETE,9.61
434,43.3024,THROTTLED,9.58
435,43.4024,THROTTLED,9.55
436,43.5024,THROTTLED,9.52
437,43.6024,THROTTLED,9.49
438,43.7024,THROTTLED,9.46
439,43.8024,THROTTLED,9.43
440,43.9024,THROTTLED,9.4
441,44.0024,COMPLETE,16.42
442,44.1024,COMPLETE,13.44
443,44.2024,COMPLETE,10.46
444,44.3024,COMPLETE,7.48
445,44.4024,THROTTLED,7.45
446,44.5024,THROTTLED,7.42
447,44.6024,THROTTLED,7.39
448,44.7024,THROTTLED,7.36
449,44.8024,THROTTLED,7.33
450,44.9024,THROTTLED,7.3
451,45.0024,COMPLETE,14.32
452,45.1024,COMPLETE,11.34
453,45.2024,COMPLETE,8.36
454,45.3024,THROTTLED,8.33
455,45.4024,THROTTLED,8.3
456,45.5024,THROTTLED,8.27
457,45.6024,THROTTLED,8.24
458,45.7024,THROTTLED,8.21
459,45.8024,THROTTLED,8.18
460,45.9024,THROTTLED,8.15
461,46.0024,COMPLETE,15.17
462,46.1024,COMPLETE,12.19
463,46.2024,COMPLETE,9.21
464,46.3024,THROTTLED,9.18
465,46.4024,THROTTLED,9.15
466,46.5024,THROTTLED,9.12
467,46.6024,THROTTLED,9.09
468,46.7024,THROTTLED,9.06
469,46.8024,THROTTLED,9.03
470,46.9024,THROTTLED,9
471,47.0024,COMPLETE,16.02
472,47.1024,COMPLETE,13.04
473,47.2024,COMPLETE,10.06
474,47.3024,COMPLETE,7.08
475,47.4024,THROTTLED,7.05
476,47.5024,THROTTLED,7.02
477,47.6024,THROTTLED,6.99
478,47.7024,THROTTLED,6.96
479,47.8024,THROTTLED,6.93
480,47.9024,THROTTLED,6.9
481,48.0024,COMPLETE,13.92
482,48.1024,COMPLETE,10.94
483,48.2024,COMPLETE,7.96
484,48.3024,THROTTLED,7.93
485,48.4024,THROTTLED,7.9
486,48.5024,THROTTLED,7.87
487,48.6024,THROTTLED,7.84
488,48.7024,THROTTLED,7.81
489,48.8024,THROTTLED,7.78
490,48.9024,THROTTLED,7.75
491,49.0024,COMPLETE,14.77
492,49.1024,COMPLETE,11.79
493,49.2024,COMPLETE,8.81
494,49.3024,THROTTLED,8.78
495,49.4024,THROTTLED,8.75
496,49.5024,THROTTLED,8.72
497,49.6024,THROTTLED,8.69
498,49.7024,THROTTLED,8.66
499,49.8024,THROTTLED,8.63
500,49.9024,THROTTLED,8.6
501,50.0024,COMPLETE,15.62
502,50.1024,COMPLETE,12.64
503,50.2024,COMPLETE,9.66
504,50.3024,THROTTLED,9.63
505,50.4024,THROTTLED,9.6
506,50.5024,THROTTLED,9.57
507,50.6024,THROTTLED,9.54
508,50.7024,THROTTLED,9.51
509,50.8024,THROTTLED,9.48
510,50.9024,THROTTLED,9.45
511,51.0024,COMPLETE,16.47
512,51.1024,COMPLETE,13.49
513,51.2024,COMPLETE,10.51
514,51.3024,COMPLETE,7.53
515,51.4024,THROTTLED,7.5
516,51.5024,THROTTLED,7.47
517,51.6024,THROTTLED,7.44
518,51.7024,THROTTLED,7.41
519,51.8024,THROTTLED,7.38
520,51.9024,THROTTLED,7.35
521,52.0024,COMPLETE,14.37
522,52.1024,COMPLETE,11.39
523,52.2024,COMPLETE,8.41
524,52.3024,THROTTLED,8.38
525,52.4024,THROTTLED,8.35
526,52.5024,THROTTLED,8.32
527,52.6024,THROTTLED,8.29
528,52.7024,THROTTLED,8.26
529,52.8024,THROTTLED,8.23
530,52.9024,THROTTLED,8.2
531,53.0024,COMPLETE,15.22
532,53.1024,COMPLETE,12.24
533,53.2024,COMPLETE,9.26
534,53.3024,THROTTLED,9.23
535,53.4024,THROTTLED,9.2
536,53.5024,THROTTLED,9.17
537,53.6024,THROTTLED,9.14
538,53.7024,THROTTLED,9.11
539,53.8024,THROTTLED,9.08
540,53.9024,THROTTLED,9.05
541,54.0024,COMPLETE,16.07
542,54.1024,COMPLETE,13.09
543,54.2024,COMPLETE,10.11
544,54.3024,COMPLETE,7.13
545,54.4024,THROTTLED,7.1
546,54.5024,THROTTLED,7.07
547,54.6024,THROTTLED,7.04
548,54.7024,THROTTLED,7.01
549,54.8024,THROTTLED,6.98
550,54.9024,THROTTLED,6.95
551,55.0024,COMPLETE,13.97
552,55.1024,COMPLETE,10.99
553,55.2024,COMPLETE,8.01
554,55.3024,THROTTLED,7.98
555,55.4024,THROTTLED,7.95
556,55.5024,THROTTLED,7.92
557,55.6024,THROTTLED,7.89
558,55.7024,THROTTLED,7.86
559,55.8024,THROTTLED,7.83
560,55.9024,THROTTLED,7.8
561,56.0024,COMPLETE,14.82
562,56.1024,COMPLETE,11.84
563,56.2024,COMPLETE,8.86
564,56.3024,THROTTLED,8.83
565,56.4024,THROTTLED,8.8
566,56.5024,THROTTLED,8.77
567,56.6024,THROTTLED,8.74
568,56.7024,THROTTLED,8.71
569,56.8024,THROTTLED,8.68
570,56.9024,THROTTLED,8.65
571,57.0024,COMPLETE,15.67
572,57.1024,COMPLETE,12.69
573,57.2024,COMPLETE,9.71
574,57.3024,THROTTLED,9.68
575,57.4024,THROTTLED,9.65
576,57.5024,THROTTLED,9.62
577,57.6024,THROTTLED,9.59
578,57.7024,THROTTLED,9.56
579,57.8024,THROTTLED,9.53
580,57.9024,THROTTLED,9.5
581,58.0024,COMPLETE,16.52
582,58.1024,COMPLETE,13.54
583,58.2024,COMPLETE,10.56
584,58.3024,COMPLETE,7.58
585,58.4024,THROTTLED,7.55
586,58.5024,THROTTLED,7.52
587,58.6024,THROTTLED,7.49
588,58.7024,THROTTLED,7.46
589,58.8024,THROTTLED,7.43
590,58.9024,THROTTLED,7.4
591,59.0024,COMPLETE,14.42
592,59.1024,COMPLETE,11.44
593,59.2024,COMPLETE,8.46
594,59.3024,THROTTLED,8.43
595,59.4024,THROTTLED,8.4
596,59.5024,THROTTLED,8.37
597,59.6024,THROTTLED,8.34
598,59.7024,THROTTLED,8.31
599,59.8024,THROTTLED,8.28
600,59.9024,THROTTLED,8.25
601,60.0024,COMPLETE,15.27
602,60.1024,COMPLETE,12.29
603,60.2024,COMPLETE,9.31
604,60.3024,THROTTLED,9.28
605,60.4024,THROTTLED,9.25
606,60.5024,THROTTLED,9.22
607,60.6024,THROTTLED,9.19
608,60.7024,THROTTLED,9.16
609,60.8024,THROTTLED,9.13
610,60.9024,THROTTLED,9.1
611,61.0024,COMPLETE,16.12
612,61.1024,COMPLETE,13.14
613,61.2024,COMPLETE,10.16
614,61.3024,COMPLETE,7.18
615,61.4024,THROTTLED,7.15
616,61.5024,THROTTLED,7.12
617,61.6024,THROTTLED,7.09
618,61.7024,THROTTLED,7.06
619,61.8024,THROTTLED,7.03
620,61.9024,THROTTLED,7
621,62.0024,COMPLETE,14.02
622,62.1024,COMPLETE,11.04
623,62.2024,COMPLETE,8.06
624,62.3024,THROTTLED,8.03
625,62.4024,THROTTLED,8
626,62.5024,THROTTLED,7.97
627,62.6024,THROTTLED,7.94
628,62.7024,THROTTLED,7.91
629,62.8024,THROTTLED,7.88
630,62.9024,THROTTLED,7.85
631,63.0024,COMPLETE,14.87
632,63.1024,COMPLETE,11.89
633,63.2024,COMPLETE,8.91
634,63.3024,THROTTLED,8.88
635,63.4024,THROTTLED,8.85
636,63.5024,THROTTLED,8.82
637,63.6024,THROTTLED,8.79
638,63.7024,THROTTLED,8.76
639,63.8024,THROTTLED,8.73
640,63.9024,THROTTLED,8.7
641,64.0024,COMPLETE,15.72
642,64.1024,COMPLETE,12.74
643,64.2024,COMPLETE,9.76
644,64.3024,THROTTLED,9.73
645,64.4024,THROTTLED,9.7
646,64.5024,THROTTLED,9.67
647,64.6024,THROTTLED,9.64
648,64.7024,THROTTLED,9.61
649,64.8024,THROTTLED,9.58
650,64.9024,THROTTLED,9.55
651,65.0024,COMPLETE,16.57
652,65.1024,COMPLETE,13.59
653,65.2024,COMPLETE,10.61
654,65.3024,COMPLETE,7.63
655,65.4024,THROTTLED,7.6
656,65.5024,THROTTLED,7.57
657,65.6024,THROTTLED,7.54
658,65.7024,THROTTLED,7.51
659,65.8024,THROTTLED,7.48
660,65.9024,THROTTLED,7.45
661,66.0024,COMPLETE,14.47
662,66.1024,COMPLETE,11.49
663,66.2024,COMPLETE,8.51
664,66.3024,THROTTLED,8.48
665,66.4024,THROTTLED,8.45
666,66.5024,THROTTLED,8.42
667,66.6024,THROTTLED,8.39
668,66.7024,THROTTLED,8.36
669,66.8024,THROTTLED,8.33
670,66.9024,THROTTLED,8.3
671,67.0024,COMPLETE,15.32
672,67.1024,COMPLETE,12.34
673,67.2024,COMPLETE,9.36
674,67.3024,THROTTLED,9.33
675,67.4024,THROTTLED,9.3
676,67.5024,THROTTLED,9.27
677,67.6024,THROTTLED,9.24
678,67.7024,THROTTLED,9.21
679,67.8024,THROTTLED,9.18
680,67.9024,THROTTLED,9.15
681,68.0024,COMPLETE,16.17
682,68.1024,COMPLETE,13.19
683,68.2024,COMPLETE,10.21
684,68.3024,COMPLETE,7.23
685,68.4024,THROTTLED,7.2
686,68.5024,THROTTLED,7.17
687,68.6024,THROTTLED,7.14
688,68.7024,THROTTLED,7.11
689,68.8024,THROTTLED,7.08
690,68.9024,THROTTLED,7.05
691,69.0024,COMPLETE,14.07
692,69.1024,COMPLETE,11.09
693,69.2024,COMPLETE,8.11
694,69.3024,THROTTLED,8.08
695,69.4024,THROTTLED,8.05
696,69.5024,THROTTLED,8.02
697,69.6024,THROTTLED,7.99
698,69.7024,THROTTLED,7.96
699,69.8024,THROTTLED,7.93
700,69.9024,THROTTLED,7.9
701,70.0024,COMPLETE,14.92
702,70.1024,COMPLETE,11.94
703,70.2024,COMPLETE,8.96
704,70.3024,THROTTLED,8.93
705,70.4024,THROTTLED,8.9
706,70.5024,THROTTLED,8.87
707,70.6024,THROTTLED,8.84
708,70.7024,THROTTLED,8.81
709,70.8024,THROTTLED,8.78
710,70.9024,THROTTLED,8.75
711,71.0024,COMPLETE,15.77
712,71.1024,COMPLETE,12.79
713,71.2024,COMPLETE,9.81
714,71.3024,THROTTLED,9.78
715,71.4024,THROTTLED,9.75
716,71.5024,THROTTLED,9.72
717,71.6024,THROTTLED,9.69
718,71.7024,THROTTLED,9.66
719,71.8024,THROTTLED,9.63
720,71.9024,THROTTLED,9.6
721,72.0024,COMPLETE,16.62
722,72.1024,COMPLETE,13.64
723,72.2024,COMPLETE,10.66
724,72.3024,COMPLETE,7.68
725,72.4024,THROTTLED,7.65
726,72.5024,THROTTLED,7.62
727,72.6024,THROTTLED,7.59
728,72.7024,THROTTLED,7.56
729,72.8024,THROTTLED,7.53
730,72.9024,THROTTLED,7.5
731,73.0024,COMPLETE,14.52
732,73.1024,COMPLETE,11.54
733,73.2024,COMPLETE,8.56
734,73.3024,THROTTLED,8.53
735,73.4024,THROTTLED,8.5
736,73.5024,THROTTLED,8.47
737,73.6024,THROTTLED,8.44
738,73.7024,THROTTLED,8.41
739,73.8024,THROTTLED,8.38
740,73.9024,THROTTLED,8.35
741,74.0024,COMPLETE,15.37
742,74.1024,COMPLETE,12.39
743,74.2024,COMPLETE,9.41
744,74.3024,THROTTLED,9.38
745,74.4024,THROTTLED,9.35
746,74.5024,THROTTLED,9.32
747,74.6024,THROTTLED,9.29
748,74.7024,THROTTLED,9.26
749,74.8024,THROTTLED,9.23
750,74.9024,THROTTLED,9.2
751,75.0024,COMPLETE,16.22
752,75.1024,COMPLETE,13.24
753,75.2024,COMPLETE,10.26
754,75.3024,COMPLETE,7.28
755,75.4024,THROTTLED,7.25
756,75.5024,THROTTLED,7.22
757,75.6024,THROTTLED,7.19
758,75.7024,THROTTLED,7.16
759,75.8024,THROTTLED,7.13
760,75.9024,THROTTLED,7.1
761,76.0024,COMPLETE,14.12
762,76.1024,COMPLETE,11.14
763,76.2024,COMPLETE,8.16
764,76.3024,THROTTLED,8.13
765,76.4024,THROTTLED,8.1
766,76.5024,THROTTLED,8.07
767,76.6024,THROTTLED,8.04
768,76.7024,THROTTLED,8.01
769,76.8024,THROTTLED,7.98
770,76.9024,THROTTLED,7.95
771,77.0024,COMPLETE,14.97
772,77.1024,COMPLETE,11.99
773,77.2024,COMPLETE,9.01
774,77.3024,THROTTLED,8.98
775,77.4024,THROTTLED,8.95
776,77.5024,THROTTLED,8.92
777,77.6024,THROTTLED,8.89
778,77.7024,THROTTLED,8.86
779,77.8024,THROTTLED,8.83
780,77.9024,THROTTLED,8.8
781,78.0024,COMPLETE,15.82
782,78.1024,COMPLETE,12.84
783,78.2024,COMPLETE,9.86
784,78.3024,THROTTLED,9.83
785,78.4024,THROTTLED,9.8
786,78.5024,THROTTLED,9.77
787,78.6024,THROTTLED,9.74
788,78.7024,THROTTLED,9.71
789,78.8024,THROTTLED,9.68
790,78.9024,THROTTLED,9.65
791,79.0024,COMPLETE,16.67
792,79.1024,COMPLETE,13.69
793,79.2024,COMPLETE,10.71
794,79.3024,COMPLETE,7.73
795,79.4024,THROTTLED,7.7
796,79.5024,THROTTLED,7.67
797,79.6024,THROTTLED,7.64
798,79.7024,THROTTLED,7.61
799,79.8024,THROTTLED,7.58
800,79.9024,THROTTLED,7.55
801,80.0024,COMPLETE,14.57
802,80.1024,COMPLETE,11.59
803,80.2024,COMPLETE,8.61
804,80.3024,THROTTLED,8.58
805,80.4024,THROTTLED,8.55
806,80.5024,THROTTLED,8.52
807,80.6024,THROTTLED,8.49
808,80.7024,THROTTLED,8.46
809,80.8024,THROTTLED,8.43
810,80.9024,THROTTLED,8.4
811,81.0024,COMPLETE,15.42
812,81.1024,COMPLETE,12.44
813,81.2024,COMPLETE,9.46
814,81.3024,THROTTLED,9.43
815,81.4024,THROTTLED,9.4
816,81.5024,THROTTLED,9.37
817,81.6024,THROTTLED,9.34
818,81.7024,THROTTLED,9.31
819,81.8024,THROTTLED,9.28
820,81.9024,THROTTLED,9.25
821,82.0024,COMPLETE,16.27
822,82.1024,COMPLETE,13.29
823,82.2024,COMPLETE,10.31
824,82.3024,COMPLETE,7.33
825,82.4024,THROTTLED,7.3
826,82.5024,THROTTLED,7.27
827,82.6024,THROTTLED,7.24
828,82.7024,THROTTLED,7.21
829,82.8024,THROTTLED,7.18
830,82.9024,THROTTLED,7.15
831,83.0024,COMPLETE,14.17
832,83.1024,COMPLETE,11.19
833,83.2024,COMPLETE,8.21
834,83.3024,THROTTLED,8.18
835,83.4024,THROTTLED,8.15
836,83.5024,THROTTLED,8.12
837,83.6024,THROTTLED,8.09
838,83.7024,THROTTLED,8.06
839,83.8024,THROTTLED,8.03
840,83.9024,THROTTLED,8
841,84.0024,COMPLETE,15.02
842,84.1024,COMPLETE,12.04
843,84.2024,COMPLETE,9.06
844,84.3024,THROTTLED,9.03
845,84.4024,THROTTLED,9
846,84.5024,THROTTLED,8.97
847,84.6024,THROTTLED,8.94
848,84.7024,THROTTLED,8.91
849,84.8024,THROTTLED,8.88
850,84.9024,THROTTLED,8.85
851,85.0024,COMPLETE,15.87
852,85.1024,COMPLETE,12.89
853,85.2024,COMPLETE,9.91
854,85.3024,THROTTLED,9.88
855,85.4024,THROTTLED,9.85
856,85.5024,THROTTLED,9.82
857,85.6024,THROTTLED,9.79
858,85.7024,THROTTLED,9.76
859,85.8024,THROTTLED,9.73
860,85.9024,THROTTLED,9.7
861,86.0024,COMPLETE,16.72
862,86.1024,COMPLETE,13.74
863,86.2024,COMPLETE,10.76
864,86.3024,COMPLETE,7.78
865,86.4024,THROTTLED,7.75
866,86.5024,THROTTLED,7.72
867,86.6024,THROTTLED,7.69
868,86.7024,THROTTLED,7.66
869,86.8024,THROTTLED,7.63
870,86.9024,THROTTLED,7.6
871,87.0024,COMPLETE,14.62
872,87.1024,COMPLETE,11.64
873,87.2024,COMPLETE,8.66
874,87.3024,THROTTLED,8.63
875,87.4024,THROTTLED,8.6
876,87.5024,THROTTLED,8.57
877,87.6024,THROTTLED,8.54
878,87.7024,THROTTLED,8.51
879,87.8024,THROTTLED,8.48
880,87.9024,THROTTLED,8.45
881,88.0024,COMPLETE,15.47
882,88.1024,COMPLETE,12.49
883,88.2024,COMPLETE,9.51
884,88.3024,THROTTLED,9.48
885,88.4024,THROTTLED,9.45
886,88.5024,THROTTLED,9.42
887,88.6024,THROTTLED,9.39
888,88.7024,THROTTLED,9.36
889,88.8024,THROTTLED,9.33
890,88.9024,THROTTLED,9.3
891,89.0024,COMPLETE,16.32
892,89.1024,COMPLETE,13.34
893,89.2024,COMPLETE,10.36
894,89.3024,COMPLETE,7.38
895,89.4024,THROTTLED,7.35
896,89.5024,THROTTLED,7.32
897,89.6024,THROTTLED,7.29
898,89.7024,THROTTLED,7.26
899,89.8024,THROTTLED,7.23
900,89.9024,THROTTLED,7.2
901,90.0024,COMPLETE,14.22
902,90.1024,COMPLETE,11.24
903,90.2024,COMPLETE,8.26
904,90.3024,THROTTLED,8.23
905,90.4024,THROTTLED,8.2
906,90.5024,THROTTLED,8.17
907,90.6024,THROTTLED,8.14
908,90.7024,THROTTLED,8.11
909,90.8024,THROTTLED,8.08
910,90.9024,THROTTLED,8.05
911,91.0024,COMPLETE,15.07
912,91.1024,COMPLETE,12.09
913,91.2024,COMPLETE,9.11
914,91.3024,THROTTLED,9.08
915,91.4024,THROTTLED,9.05
916,91.5024,THROTTLED,9.02
917,91.6024,THROTTLED,8.99
918,91.7024,THROTTLED,8.96
919,91.8024,THROTTLED,8.93
920,91.9024,THROTTLED,8.9
921,92.0024,COMPLETE,15.92
922,92.1024,COMPLETE,12.94
923,92.2024,COMPLETE,9.96
924,92.3024,THROTTLED,9.93
925,92.4024,THROTTLED,9.9
926,92.5024,THROTTLED,9.87
927,92.6024,THROTTLED,9.84
928,92.7024,THROTTLED,9.81
929,92.8024,THROTTLED,9.78
930,92.9024,THROTTLED,9.75
931,93.0024,COMPLETE,16.77
932,93.1024,COMPLETE,13.79
933,93.2024,COMPLETE,10.81
934,93.3024,COMPLETE,7.83
935,93.4024,THROTTLED,7.8
936,93.5024,THROTTLED,7.77
937,93.6024,THROTTLED,7.74
938,93.7024,THROTTLED,7.71
939,93.8024,THROTTLED,7.68
940,93.9024,THROTTLED,7.65
941,94.0024,COMPLETE,14.67
942,94.1024,COMPLETE,11.69
943,94.2024,COMPLETE,8.71
944,94.3024,THROTTLED,8.68
945,94.4024,THROTTLED,8.65
946,94.5024,THROTTLED,8.62
947,94.6024,THROTTLED,8.59
948,94.7024,THROTTLED,8.56
949,94.8024,THROTTLED,8.53
950,94.9024,THROTTLED,8.5
951,95.0024,COMPLETE,15.52
952,95.1024,COMPLETE,12.54
953,95.2024,COMPLETE,9.56
954,95.3024,THROTTLED,9.53
955,95.4024,THROTTLED,9.5
956,95.5024,THROTTLED,9.47
957,95.6024,THROTTLED,9.44
958,95.7024,THROTTLED,9.41
959,95.8024,THROTTLED,9.38
960,95.9024,THROTTLED,9.35
961,96.0024,COMPLETE,16.37
962,96.1024,COMPLETE,13.39
963,96.2024,COMPLETE,10.41
964,96.3024,COMPLETE,7.43
965,96.4024,THROTTLED,7.4
966,96.5024,THROTTLED,7.37
967,96.6024,THROTTLED,7.34
968,96.7024,THROTTLED,7.31
969,96.8024,THROTTLED,7.28
970,96.9024,THROTTLED,7.25
971,97.0024,COMPLETE,14.27
972,97.1024,COMPLETE,11.29
973,97.2024,COMPLETE,8.31
974,97.3024,THROTTLED,8.28
975,97.4024,THROTTLED,8.25
976,97.5024,THROTTLED,8.22
977,97.6024,THROTTLED,8.19
978,97.7024,THROTTLED,8.16
979,97.8024,THROTTLED,8.13
980,97.9024,THROTTLED,8.1
981,98.0024,COMPLETE,15.12
982,98.1024,COMPLETE,12.14
983,98.2024,COMPLETE,9.16
984,98.3024,THROTTLED,9.13
985,98.4024,THROTTLED,9.1
986,98.5024,THROTTLED,9.07
987,98.6024,THROTTLED,9.04
988,98.7024,THROTTLED,9.01
989,98.8024,THROTTLED,8.98
990,98.9024,THROTTLED,8.95
991,99.0024,COMPLETE,15.97
992,99.1024,COMPLETE,12.99
993,99.2024,COMPLETE,10.01
994,99.3024,COMPLETE,7.03
995,99.4024,THROTTLED,7
996,99.5024,THROTTLED,6.97
997,99.6024,THROTTLED,6.94
998,99.7024,THROTTLED,6.91
999,99.8024,THROTTLED,6.88
1000,99.9024,THROTTLED,6.85
1001,100.002,COMPLETE,13.87
1002,100.102,COMPLETE,10.89
1003,100.202,COMPLETE,7.91
1004,100.302,THROTTLED,7.88
1005,100.402,THROTTLED,7.85
1006,100.502,THROTTLED,7.82
1007,100.602,THROTTLED,7.79
1008,100.702,THROTTLED,7.76
1009,100.802,THROTTLED,7.73
1010,100.902,THROTTLED,7.7
1011,101.002,COMPLETE,14.72
1012,101.102,COMPLETE,11.74
1013,101.202,COMPLETE,8.76
1014,101.302,THROTTLED,8.73
1015,101.402,THROTTLED,8.7
1016,101.502,THROTTLED,8.67
1017,101.602,THROTTLED,8.64
1018,101.702,THROTTLED,8.61
1019,101.802,THROTTLED,8.58
1020,101.902,THROTTLED,8.55
1021,102.002,COMPLETE,15.57
1022,102.102,COMPLETE,12.59
1023,102.202,COMPLETE,9.61
1024,102.302,THROTTLED,9.58
1025,102.402,THROTTLED,9.55
1026,102.502,THROTTLED,9.52
1027,102.602,THROTTLED,9.49
1028,102.702,THROTTLED,9.46
1029,102.802,THROTTLED,9.43
1030,102.902,THROTTLED,9.4
1031,103.002,COMPLETE,16.42
1032,103.102,COMPLETE,13.44
1033,103.202,COMPLETE,10.46
1034,103.302,COMPLETE,7.48
1035,103.402,THROTTLED,7.45
1036,103.502,THROTTLED,7.42
1037,103.602,THROTTLED,7.39
1038,103.702,THROTTLED,7.36
1039,103.802,THROTTLED,7.33
1040,103.902,THROTTLED,7.3
1041,104.002,COMPLETE,14.32
1042,104.102,COMPLETE,11.34
1043,104.202,COMPLETE,8.36
1044,104.302,THROTTLED,8.33
1045,104.402,THROTTLED,8.3
1046,104.502,THROTTLED,8.27
1047,104.602,THROTTLED,8.24
1048,104.702,THROTTLED,8.21
1049,104.802,THROTTLED,8.18
1050,104.902,THROTTLED,8.15
1051,105.002,COMPLETE,15.17
1052,105.102,COMPLETE,12.19
1053,105.202,COMPLETE,9.21
1054,105.302,THROTTLED,9.18
1055,105.402,THROTTLED,9.15
1056,105.502,THROTTLED,9.12
1057,105.602,THROTTLED,9.09
1058,105.702,THROTTLED,9.06
1059,105.802,THROTTLED,9.03
1060,105.902,THROTTLED,9
1061,106.002,COMPLETE,16.02
1062,106.102,COMPLETE,13.04
1063,106.202,COMPLETE,10.06
1064,106.302,COMPLETE,7.08
1065,106.402,THROTTLED,7.05
1066,106.502,THROTTLED,7.02
1067,106.602,THROTTLED,6.99
1068,106.702,THROTTLED,6.96
1069,106.802,THROTTLED,6.93
1070,106.902,THROTTLED,6.9
1071,107.002,COMPLETE,13.92
1072,107.102,COMPLETE,10.94
1073,107.202,COMPLETE,7.96
1074,107.302,THROTTLED,7.93
1075,107.402,THROTTLED,7.9
1076,107.502,THROTTLED,7.87
1077,107.602,THROTTLED,7.84
1078,107.702,THROTTLED,7.81
1079,107.802,THROTTLED,7.78
1080,107.902,THROTTLED,7.75
1081,108.002,COMPLETE,14.77
1082,108.102,COMPLETE,11.79
1083,108.202,COMPLETE,8.81
1084,108.302,THROTTLED,8.78
1085,108.402,THROTTLED,8.75
1086,108.502,THROTTLED,8.72
1087,108.602,THROTTLED,8.69
1088,108.702,THROTTLED,8.66
1089,108.802,THROTTLED,8.63
1090,108.902,THROTTLED,8.6
1091,109.002,COMPLETE,15.62
1092,109.102,COMPLETE,12.64
1093,109.202,COMPLETE,9.66
1094,109.302,THROTTLED,9.63
1095,109.402,THROTTLED,9.6
1096,109.502,THROTTLED,9.57
1097,109.602,THROTTLED,9.54
1098,109.702,THROTTLED,9.51
1099,109.802,THROTTLED,9.48
1100,109.902,THROTTLED,9.45
1101,110.002,COMPLETE,16.47
1102,110.102,COMPLETE,13.49
1103,110.202,COMPLETE,10.51
1104,110.302,COMPLETE,7.53
1105,110.402,THROTTLED,7.5
1106,110.502,THROTTLED,7.47
1107,110.602,THROTTLED,7.44
1108,110.702,THROTTLED,7.41
1109,110.802,THROTTLED,7.38
1110,110.902,THROTTLED,7.35
1111,111.002,COMPLETE,14.37
1112,111.102,COMPLETE,11.39
1113,111.202,COMPLETE,8.41
1114,111.302,THROTTLED,8.38
1115,111.402,THROTTLED,8.35
1116,111.502,THROTTLED,8.32
1117,111.602,THROTTLED,8.29
1118,111.702,THROTTLED,8.26
1119,111.802,THROTTLED,8.23
1120,111.902,THROTTLED,8.2
1121,112.002,COMPLETE,15.22
1122,112.102,COMPLETE,12.24
1123,112.202,COMPLETE,9.26
1124,112.302,THROTTLED,9.23
1125,112.402,THROTTLED,9.2
1126,112.502,THROTTLED,9.17
1127,112.602,THROTTLED,9.14
1128,112.702,THROTTLED,9.11
1129,112.802,THROTTLED,9.08
1130,112.902,THROTTLED,9.05
1131,113.002,COMPLETE,16.07
1132,113.102,COMPLETE,13.09
1133,113.202,COMPLETE,10.11
1134,113.302,COMPLETE,7.13
1135,113.402,THROTTLED,7.1
1136,113.502,THROTTLED,7.07
1137,113.602,THROTTLED,7.04
1138,113.702,THROTTLED,7.01
1139,113.802,THROTTLED,6.98
1140,113.902,THROTTLED,6.95
1141,114.002,COMPLETE,13.97
1142,114.102,COMPLETE,10.99
1143,114.202,COMPLETE,8.01
1144,114.302,THROTTLED,7.98
1145,114.402,THROTTLED,7.95
1146,114.502,THROTTLED,7.92
1147,114.602,THROTTLED,7.89
1148,114.702,THROTTLED,7.86
1149,114.802,THROTTLED,7.83
1150,114.902,THROTTLED,7.8
1151,115.002,COMPLETE,14.82
1152,115.102,COMPLETE,11.84
1153,115.202,COMPLETE,8.86
1154,115.302,THROTTLED,8.83
1155,115.402,THROTTLED,8.8
1156,115.502,THROTTLED,8.77
1157,115.602,THROTTLED,8.74
1158,115.702,THROTTLED,8.71
1159,115.802,THROTTLED,8.68
1160,115.902,THROTTLED,8.65
1161,116.002,COMPLETE,15.67
1162,116.102,COMPLETE,12.69
1163,116.202,COMPLETE,9.71
1164,116.302,THROTTLED,9.68
1165,116.402,THROTTLED,9.65
1166,116.502,THROTTLED,9.62
1167,116.602,THROTTLED,9.59
1168,116.702,THROTTLED,9.56
1169,116.802,THROTTLED,9.53
1170,116.902,THROTTLED,9.5
1171,117.002,COMPLETE,16.52
1172,117.102,COMPLETE,13.54
1173,117.202,COMPLETE,10.56
1174,117.302,COMPLETE,7.58
1175,117.402,THROTTLED,7.55
1176,117.502,THROTTLED,7.52
1177,117.602,THROTTLED,7.49
1178,117.702,THROTTLED,7.46
1179,117.802,THROTTLED,7.43
1180,117.902,THROTTLED,7.4
1181,118.002,COMPLETE,14.42
1182,118.102,COMPLETE,11.44
1183,118.202,COMPLETE,8.46
1184,118.302,THROTTLED,8.43
1185,118.402,THROTTLED,8.4
1186,118.502,THROTTLED,8.37
1187,118.602,THROTTLED,8.34
1188,118.702,THROTTLED,8.31
1189,118.802,THROTTLED,8.28
1190,118.902,THROTTLED,8.25
1191,119.002,COMPLETE,15.27
1192,119.102,COMPLETE,12.29
1193,119.202,COMPLETE,9.31
1194,119.302,THROTTLED,9.28
1195,119.402,THROTTLED,9.25
1196,119.502,THROTTLED,9.22
1197,119.602,THROTTLED,9.19
1198,119.702,THROTTLED,9.16
1199,119.802,THROTTLED,9.13
1200,119.902,THROTTLED,9.1
1201,120.002,COMPLETE,16.12
1202,120.102,COMPLETE,13.14
1203,120.202,COMPLETE,10.16
1204,120.302,COMPLETE,7.18
1205,120.402,THROTTLED,7.15
1206,120.502,THROTTLED,7.12
1207,120.602,THROTTLED,7.09
1208,120.702,THROTTLED,7.06
1209,120.802,THROTTLED,7.03
1210,120.902,THROTTLED,7
1211,121.002,COMPLETE,14.02
1212,121.102,COMPLETE,11.04
1213,121.202,COMPLETE,8.06
1214,121.302,THROTTLED,8.03
1215,121.402,THROTTLED,8
1216,121.502,THROTTLED,7.97
1217,121.602,THROTTLED,7.94
1218,121.702,THROTTLED,7.91
1219,121.802,THROTTLED,7.88
1220,121.902,THROTTLED,7.85
1221,122.002,COMPLETE,14.87
1222,122.102,COMPLETE,11.89
1223,122.202,COMPLETE,8.91
1224,122.302,THROTTLED,8.88
1225,122.402,THROTTLED,8.85
1226,122.502,THROTTLED,8.82
1227,122.602,THROTTLED,8.79
1228,122.702,THROTTLED,8.76
1229,122.802,THROTTLED,8.73
1230,122.902,THROTTLED,8.7
1231,123.002,COMPLETE,15.72
1232,123.102,COMPLETE,12.74
1233,123.202,COMPLETE,9.76
1234,123.302,THROTTLED,9.73
1235,123.402,THROTTLED,9.7
1236,123.502,THROTTLED,9.67
1237,123.602,THROTTLED,9.64
1238,123.702,THROTTLED,9.61
1239,123.802,THROTTLED,9.58
1240,123.902,THROTTLED,9.55
1241,124.002,COMPLETE,16.57
1242,124.102,COMPLETE,13.59
1243,124.202,COMPLETE,10.61
1244,124.302,COMPLETE,7.63
1245,124.402,THROTTLED,7.6
1246,124.502,THROTTLED,7.57
1247,124.602,THROTTLED,7.54
1248,124.702,THROTTLED,7.51
1249,124.802,THROTTLED,7.48
1250,124.902,THROTTLED,7.45
1251,125.002,COMPLETE,14.47
1252,125.102,COMPLETE,11.49
1253,125.202,COMPLETE,8.51
1254,125.302,THROTTLED,8.48
1255,125.402,THROTTLED,8.45
1256,125.502,THROTTLED,8.42
1257,125.602,THROTTLED,8.39
1258,125.702,THROTTLED,8.36
1259,125.802,THROTTLED,8.33
1260,125.902,THROTTLED,8.3
1261,126.002,COMPLETE,15.32
1262,126.102,COMPLETE,12.34
1263,126.202,COMPLETE,9.36
1264,126.302,THROTTLED,9.33
1265,126.402,THROTTLED,9.3
1266,126.502,THROTTLED,9.27
1267,126.602,THROTTLED,9.24
1268,126.702,THROTTLED,9.21
1269,126.802,THROTTLED,9.18
1270,126.902,THROTTLED,9.15
1271,127.002,COMPLETE,16.17
1272,127.102,COMPLETE,13.19
1273,127.202,COMPLETE,10.21
1274,127.302,COMPLETE,7.23
1275,127.402,THROTTLED,7.2
1276,127.502,THROTTLED,7.17
1277,127.602,THROTTLED,7.14
1278,127.702,THROTTLED,7.11
1279,127.802,THROTTLED,7.08
1280,127.902,THROTTLED,7.05
1281,128.002,COMPLETE,14.07
1282,128.102,COMPLETE,11.09
1283,128.202,COMPLETE,8.11
1284,128.302,THROTTLED,8.08
1285,128.402,THROTTLED,8.05
1286,128.502,THROTTLED,8.02
1287,128.602,THROTTLED,7.99
1288,128.702,THROTTLED,7.96
1289,128.802,THROTTLED,7.93
1290,128.902,THROTTLED,7.9
1291,129.002,COMPLETE,14.92
1292,129.102,COMPLETE,11.94
1293,129.202,COMPLETE,8.96
1294,129.302,THROTTLED,8.93
1295,129.402,THROTTLED,8.9
1296,129.502,THROTTLED,8.87
1297,129.602,THROTTLED,8.84
1298,129.702,THROTTLED,8.81
1299,129.802,THROTTLED,8.78
1300,129.902,THROTTLED,8.75
1301,130.002,COMPLETE,15.77
1302,130.102,COMPLETE,12.79
1303,130.202,COMPLETE,9.81
1304,130.302,THROTTLED,9.78
1305,130.402,THROTTLED,9.75
1306,130.502,THROTTLED,9.72
1307,130.602,THROTTLED,9.69
1308,130.702,THROTTLED,9.66
1309,130.802,THROTTLED,9.63
1310,130.902,THROTTLED,9.6
1311,131.002,COMPLETE,16.62
1312,131.102,COMPLETE,13.64
1313,131.202,COMPLETE,10.66
1314,131.302,COMPLETE,7.68
1315,131.402,THROTTLED,7.65
1316,131.502,THROTTLED,7.62
1317,131.602,THROTTLED,7.59
1318,131.702,THROTTLED,7.56
1319,131.802,THROTTLED,7.53
1320,131.902,THROTTLED,7.5
1321,132.002,COMPLETE,14.52
1322,132.102,COMPLETE,11.54
1323,132.202,COMPLETE,8.56
1324,132.302,THROTTLED,8.53
1325,132.402,THROTTLED,8.5
1326,132.502,THROTTLED,8.47
1327,132.602,THROTTLED,8.44
1328,132.702,THROTTLED,8.41
1329,132.802,THROTTLED,8.38
1330,132.902,THROTTLED,8.35
1331,133.002,COMPLETE,15.37
1332,133.102,COMPLETE,12.39
1333,133.202,COMPLETE,9.41
1334,133.302,THROTTLED,9.38
1335,133.402,THROTTLED,9.35
1336,133.502,THROTTLED,9.32
1337,133.602,THROTTLED,9.29
1338,133.702,THROTTLED,9.26
1339,133.802,THROTTLED,9.23
1340,133.902,THROTTLED,9.2
1341,134.002,COMPLETE,16.22
1342,134.102,COMPLETE,13.24
1343,134.202,COMPLETE,10.26
1344,134.302,COMPLETE,7.28
1345,134.402,THROTTLED,7.25
1346,134.502,THROTTLED,7.22
1347,134.602,THROTTLED,7.19
1348,134.702,THROTTLED,7.16
1349,134.802,THROTTLED,7.13
1350,134.902,THROTTLED,7.1
1351,135.002,COMPLETE,14.12
1352,135.102,COMPLETE,11.14
1353,135.202,COMPLETE,8.16
1354,135.302,THROTTLED,8.13
1355,135.402,THROTTLED,8.1
1356,135.502,THROTTLED,8.07
1357,135.602,THROTTLED,8.04
1358,135.702,THROTTLED,8.01
1359,135.802,THROTTLED,7.98
1360,135.902,THROTTLED,7.95
1361,136.002,COMPLETE,14.97
1362,136.102,COMPLETE,11.99
1363,136.202,COMPLETE,9.01
1364,136.302,THROTTLED,8.98
1365,136.402,THROTTLED,8.95
1366,136.502,THROTTLED,8.92
1367,136.602,THROTTLED,8.89
1368,136.702,THROTTLED,8.86
1369,136.802,THROTTLED,8.83
1370,136.902,THROTTLED,8.8
1371,137.002,COMPLETE,15.82
1372,137.102,COMPLETE,12.84
1373,137.202,COMPLETE,9.86
1374,137.302,THROTTLED,9.83
1375,137.402,THROTTLED,9.8
1376,137.502,THROTTLED,9.77
1377,137.602,THROTTLED,9.74
1378,137.702,THROTTLED,9.71
1379,137.802,THROTTLED,9.68
1380,137.902,THROTTLED,9.65
1381,138.002,COMPLETE,16.67
1382,138.102,COMPLETE,13.69
1383,138.202,COMPLETE,10.71
1384,138.302,COMPLETE,7.73
1385,138.402,THROTTLED,7.7
1386,138.502,THROTTLED,7.67
1387,138.602,THROTTLED,7.64
1388,138.702,THROTTLED,7.61
1389,138.802,THROTTLED,7.58
1390,138.902,THROTTLED,7.55
1391,139.002,COMPLETE,14.57
1392,139.102,COMPLETE,11.59
1393,139.202,COMPLETE,8.61
1394,139.302,THROTTLED,8.58
1395,139.402,THROTTLED,8.55
1396,139.502,THROTTLED,8.52
1397,139.602,THROTTLED,8.49
1398,139.702,THROTTLED,8.46
1399,139.802,THROTTLED,8.43
1400,139.902,THROTTLED,8.4
1401,140.002,COMPLETE,15.42
1402,140.102,COMPLETE,12.44
1403,140.202,COMPLETE,9.46
1404,140.302,THROTTLED,9.43
1405,140.402,THROTTLED,9.4
1406,140.502,THROTTLED,9.37
1407,140.602,THROTTLED,9.34
1408,140.702,THROTTLED,9.31
1409,140.802,THROTTLED,9.28
1410,140.902,THROTTLED,9.25
1411,141.002,COMPLETE,16.27
1412,141.102,COMPLETE,13.29
1413,141.202,COMPLETE,10.31
1414,141.302,COMPLETE,7.33
1415,141.402,THROTTLED,7.3
1416,141.502,THROTTLED,7.27
1417,141.602,THROTTLED,7.24
1418,141.702,THROTTLED,7.21
1419,141.802,THROTTLED,7.18
1420,141.902,THROTTLED,7.15
1421,142.002,COMPLETE,14.17
1422,142.102,COMPLETE,11.19
1423,142.202,COMPLETE,8.21
1424,142.302,THROTTLED,8.18
1425,142.402,THROTTLED,8.15
1426,142.502,THROTTLED,8.12
1427,142.602,THROTTLED,8.09
1428,142.702,THROTTLED,8.06
1429,142.802,THROTTLED,8.03
1430,142.902,THROTTLED,8
1431,143.002,COMPLETE,15.02
1432,143.102,COMPLETE,12.04
1433,143.202,COMPLETE,9.06
1434,143.302,THROTTLED,9.03
1435,143.402,THROTTLED,9
1436,143.502,THROTTLED,8.97
1437,143.602,THROTTLED,8.94
1438,143.702,THROTTLED,8.91
1439,143.802,THROTTLED,8.88
1440,143.902,THROTTLED,8.85
1441,144.002,COMPLETE,15.87
1442,144.102,COMPLETE,12.89
1443,144.202,COMPLETE,9.91
1444,144.302,THROTTLED,9.88
1445,144.402,THROTTLED,9.85
1446,144.502,THROTTLED,9.82
1447,144.602,THROTTLED,9.79
1448,144.702,THROTTLED,9.76
1449,144.802,THROTTLED,9.73
1450,144.902,THROTTLED,9.7
1451,145.002,COMPLETE,16.72
1452,145.102,COMPLETE,13.74
1453,145.202,COMPLETE,10.76
1454,145.302,COMPLETE,7.78
1455,145.402,THROTTLED,7.75
1456,145.502,THROTTLED,7.72
1457,145.602,THROTTLED,7.69
1458,145.702,THROTTLED,7.66
1459,145.802,THROTTLED,7.63
1460,145.902,THROTTLED,7.6
1461,146.002,COMPLETE,14.62
1462,146.102,COMPLETE,11.64
1463,146.202,COMPLETE,8.66
1464,146.302,THROTTLED,8.63
1465,146.402,THROTTLED,8.6
1466,146.502,THROTTLED,8.57
1467,146.602,THROTTLED,8.54
1468,146.702,THROTTLED,8.51
1469,146.802,THROTTLED,8.48
1470,146.902,THROTTLED,8.45
1471,147.002,COMPLETE,15.47
1472,147.102,COMPLETE,12.49
1473,147.202,COMPLETE,9.51
1474,147.302,THROTTLED,9.48
1475,147.402,THROTTLED,9.45
1476,147.502,THROTTLED,9.42
1477,147.602,THROTTLED,9.39
1478,147.702,THROTTLED,9.36
1479,147.802,THROTTLED,9.33
1480,147.902,THROTTLED,9.3
1481,148.002,COMPLETE,16.32
1482,148.102,COMPLETE,13.34
1483,148.202,COMPLETE,10.36
1484,148.302,COMPLETE,7.38
1485,148.402,THROTTLED,7.35
1486,148.502,THROTTLED,7.32
1487,148.602,THROTTLED,7.29
1488,148.702,THROTTLED,7.26
1489,148.802,THROTTLED,7.23
1490,148.902,THROTTLED,7.2
1491,149.002,COMPLETE,14.22
1492,149.102,COMPLETE,11.24
1493,149.202,COMPLETE,8.26
1494,149.302,THROTTLED,8.23
1495,149.402,THROTTLED,8.2
1496,149.502,THROTTLED,8.17
1497,149.602,THROTTLED,8.14
1498,149.702,THROTTLED,8.11
1499,149.802,THROTTLED,8.08
1500,149.902,THROTTLED,8.05
1501,150.002,COMPLETE,15.07
1502,150.102,COMPLETE,12.09
1503,150.202,COMPLETE,9.11
1504,150.302,THROTTLED,9.08
1505,150.402,THROTTLED,9.05
1506,150.502,THROTTLED,9.02
1507,150.602,THROTTLED,8.99
1508,150.702,THROTTLED,8.96
1509,150.802,THROTTLED,8.93
1510,150.902,THROTTLED,8.9
1511,151.002,COMPLETE,15.92
1512,151.102,COMPLETE,12.94
1513,151.202,COMPLETE,9.96
1514,151.302,THROTTLED,9.93
1515,151.402,THROTTLED,9.9
1516,151.502,THROTTLED,9.87
1517,151.602,THROTTLED,9.84
1518,151.702,THROTTLED,9.81
1519,151.802,THROTTLED,9.78
1520,151.902,THROTTLED,9.75
1521,152.002,COMPLETE,16.77
1522,152.102,COMPLETE,13.79
1523,152.202,COMPLETE,10.81
1524,152.302,COMPLETE,7.83
1525,152.402,THROTTLED,7.8
1526,152.502,THROTTLED,7.77
1527,152.602,THROTTLED,7.74
1528,152.702,THROTTLED,7.71
1529,152.802,THROTTLED,7.68
1530,152.902,THROTTLED,7.65
1531,153.002,COMPLETE,14.67
1532,153.102,COMPLETE,11.69
1533,153.202,COMPLETE,8.71
1534,153.302,THROTTLED,8.68
1535,153.402,THROTTLED,8.65
1536,153.502,THROTTLED,8.62
1537,153.602,THROTTLED,8.59
1538,153.702,THROTTLED,8.56
1539,153.802,THROTTLED,8.53
1540,153.902,THROTTLED,8.5
1541,154.002,COMPLETE,15.52
1542,154.102,COMPLETE,12.54
1543,154.202,COMPLETE,9.56
1544,154.302,THROTTLED,9.53
1545,154.402,THROTTLED,9.5
1546,154.502,THROTTLED,9.47
1547,154.602,THROTTLED,9.44
1548,154.702,THROTTLED,9.41
1549,154.802,THROTTLED,9.38
1550,154.902,THROTTLED,9.35
1551,155.002,COMPLETE,16.37
1552,155.102,COMPLETE,13.39
1553,155.202,COMPLETE,10.41
1554,155.302,COMPLETE,7.43
1555,155.402,THROTTLED,7.4
1556,155.502,THROTTLED,7.37
1557,155.602,THROTTLED,7.34
1558,155.702,THROTTLED,7.31
1559,155.802,THROTTLED,7.28
1560,155.902,THROTTLED,7.25
1561,156.002,COMPLETE,14.27
1562,156.102,COMPLETE,11.29
1563,156.202,COMPLETE,8.31
1564,156.302,THROTTLED,8.28
1565,156.402,THROTTLED,8.25
1566,156.502,THROTTLED,8.22
1567,156.602,THROTTLED,8.19
1568,156.702,THROTTLED,8.16
1569,156.802,THROTTLED,8.13
1570,156.902,THROTTLED,8.1
1571,157.002,COMPLETE,15.12
1572,157.102,COMPLETE,12.14
1573,157.202,COMPLETE,9.16
1574,157.302,THROTTLED,9.13
1575,157.402,THROTTLED,9.1
1576,157.502,THROTTLED,9.07
1577,157.602,THROTTLED,9.04
1578,157.702,THROTTLED,9.01
1579,157.802,THROTTLED,8.98
1580,157.902,THROTTLED,8.95
1581,158.002,COMPLETE,15.97
1582,158.102,COMPLETE,12.99
1583,158.202,COMPLETE,10.01
1584,158.302,COMPLETE,7.03
1585,158.402,THROTTLED,7
1586,158.502,THROTTLED,6.97
1587,158.602,THROTTLED,6.94
1588,158.702,THROTTLED,6.91
1589,158.802,THROTTLED,6.88
1590,158.902,THROTTLED,6.85
1591,159.002,COMPLETE,13.87
1592,159.102,COMPLETE,10.89
1593,159.202,COMPLETE,7.91
1594,159.302,THROTTLED,7.88
1595,159.402,THROTTLED,7.85
1596,159.502,THROTTLED,7.82
1597,159.602,THROTTLED,7.79
1598,159.702,THROTTLED,7.76
1599,159.802,THROTTLED,7.73
1600,159.902,THROTTLED,7.7
1601,160.002,COMPLETE,14.72
1602,160.102,COMPLETE,11.74
1603,160.202,COMPLETE,8.76
1604,160.302,THROTTLED,8.73
1605,160.402,THROTTLED,8.7
1606,160.502,THROTTLED,8.67
1607,160.602,THROTTLED,8.64
1608,160.702,THROTTLED,8.61
1609,160.802,THROTTLED,8.58
1610,160.902,THROTTLED,8.55
1611,161.002,COMPLETE,15.57
1612,161.102,COMPLETE,12.59
1613,161.202,COMPLETE,9.61
1614,161.302,THROTTLED,9.58
1615,161.402,THROTTLED,9.55
1616,161.502,THROTTLED,9.52
1617,161.602,THROTTLED,9.49
1618,161.702,THROTTLED,9.46
1619,161.802,THROTTLED,9.43
1620,161.902,THROTTLED,9.4
1621,162.002,COMPLETE,16.42
1622,162.102,COMPLETE,13.44
1623,162.202,COMPLETE,10.46
1624,162.302,COMPLETE,7.48
1625,162.402,THROTTLED,7.45
1626,162.502,THROTTLED,7.42
1627,162.602,THROTTLED,7.39
1628,162.702,THROTTLED,7.36
1629,162.802,THROTTLED,7.33
1630,162.902,THROTTLED,7.3
1631,163.002,COMPLETE,14.32
1632,163.102,COMPLETE,11.34
1633,163.202,COMPLETE,8.36
1634,163.302,THROTTLED,8.33
1635,163.402,THROTTLED,8.3
1636,163.502,THROTTLED,8.27
1637,163.602,THROTTLED,8.24
1638,163.702,THROTTLED,8.21
1639,163.802,THROTTLED,8.18
1640,163.902,THROTTLED,8.15
1641,164.002,COMPLETE,15.17
1642,164.102,COMPLETE,12.19
1643,164.202,COMPLETE,9.21
1644,164.302,THROTTLED,9.18
1645,164.402,THROTTLED,9.15
1646,164.502,THROTTLED,9.12
1647,164.602,THROTTLED,9.09
1648,164.702,THROTTLED,9.06
1649,164.802,THROTTLED,9.03
1650,164.902,THROTTLED,9
1651,165.002,COMPLETE,16.02
1652,165.102,COMPLETE,13.04
1653,165.202,COMPLETE,10.06
1654,165.302,COMPLETE,7.08
1655,165.402,THROTTLED,7.05
1656,165.502,THROTTLED,7.02
1657,165.602,THROTTLED,6.99
1658,165.702,THROTTLED,6.96
1659,165.802,THROTTLED,6.93
1660,165.902,THROTTLED,6.9
1661,166.002,COMPLETE,13.92
1662,166.102,COMPLETE,10.94
1663,166.202,COMPLETE,7.96
1664,166.302,THROTTLED,7.93
1665,166.402,THROTTLED,7.9
1666,166.502,THROTTLED,7.87
1667,166.602,THROTTLED,7.84
1668,166.702,THROTTLED,7.81
1669,166.802,THROTTLED,7.78
1670,166.902,THROTTLED,7.75
1671,167.002,COMPLETE,14.77
1672,167.102,COMPLETE,11.79
1673,167.202,COMPLETE,8.81
1674,167.302,THROTTLED,8.78
1675,167.402,THROTTLED,8.75
1676,167.502,THROTTLED,8.72
1677,167.602,THROTTLED,8.69
1678,167.702,THROTTLED,8.66
1679,167.802,THROTTLED,8.63
1680,167.902,THROTTLED,8.6
1681,168.002,COMPLETE,15.62
1682,168.102,COMPLETE,12.64
1683,168.202,COMPLETE,9.66
1684,168.302,THROTTLED,9.63
1685,168.402,THROTTLED,9.6
1686,168.502,THROTTLED,9.57
1687,168.602,THROTTLED,9.54
1688,168.702,THROTTLED,9.51
1689,168.802,THROTTLED,9.48
1690,168.902,THROTTLED,9.45
1691,169.002,COMPLETE,16.47
1692,169.102,COMPLETE,13.49
1693,169.202,COMPLETE,10.51
1694,169.302,COMPLETE,7.53
1695,169.402,THROTTLED,7.5
1696,169.502,THROTTLED,7.47
1697,169.602,THROTTLED,7.44
1698,169.702,THROTTLED,7.41
1699,169.802,THROTTLED,7.38
1700,169.902,THROTTLED,7.35
1701,170.002,COMPLETE,14.37
1702,170.102,COMPLETE,11.39
1703,170.202,COMPLETE,8.41
1704,170.302,THROTTLED,8.38
1705,170.402,THROTTLED,8.35
1706,170.502,THROTTLED,8.32
1707,170.602,THROTTLED,8.29
1708,170.702,THROTTLED,8.26
1709,170.802,THROTTLED,8.23
1710,170.902,THROTTLED,8.2
1711,171.002,COMPLETE,15.22
1712,171.102,COMPLETE,12.24
1713,171.202,COMPLETE,9.26
1714,171.302,THROTTLED,9.23
1715,171.402,THROTTLED,9.2
1716,171.502,THROTTLED,9.17
1717,171.602,THROTTLED,9.14
1718,171.702,THROTTLED,9.11
1719,171.802,THROTTLED,9.08
1720,171.902,THROTTLED,9.05
1721,172.002,COMPLETE,16.07
1722,172.102,COMPLETE,13.09
1723,172.202,COMPLETE,10.11
1724,172.302,COMPLETE,7.13
1725,172.402,THROTTLED,7.1
1726,172.502,THROTTLED,7.07
1727,172.602,THROTTLED,7.04
1728,172.702,THROTTLED,7.01
1729,172.802,THROTTLED,6.98
1730,172.902,THROTTLED,6.95
1731,173.002,COMPLETE,13.97
1732,173.102,COMPLETE,10.99
1733,173.202,COMPLETE,8.01
1734,173.302,THROTTLED,7.98
1735,173.402,THROTTLED,7.95
1736,173.502,THROTTLED,7.92
1737,173.602,THROTTLED,7.89
1738,173.702,THROTTLED,7.86
1739,173.802,THROTTLED,7.83
1740,173.902,THROTTLED,7.8
1741,174.002,COMPLETE,14.82
1742,174.102,COMPLETE,11.84
1743,174.202,COMPLETE,8.86
1744,174.302,THROTTLED,8.83
1745,174.402,THROTTLED,8.8
1746,174.502,THROTTLED,8.77
1747,174.602,THROTTLED,8.74
1748,174.702,THROTTLED,8.71
1749,174.802,THROTTLED,8.68
1750,174.902,THROTTLED,8.65
1751,175.002,COMPLETE,15.67
1752,175.102,COMPLETE,12.69
1753,175.202,COMPLETE,9.71
1754,175.302,THROTTLED,9.68
1755,175.402,THROTTLED,9.65
1756,175.502,THROTTLED,9.62
1757,175.602,THROTTLED,9.59
1758,175.702,THROTTLED,9.56
1759,175.802,THROTTLED,9.53
1760,175.902,THROTTLED,9.5
1761,176.002,COMPLETE,16.52
1762,176.102,COMPLETE,13.54
1763,176.202,COMPLETE,10.56
1764,176.302,COMPLETE,7.58
1765,176.402,THROTTLED,7.55
1766,176.502,THROTTLED,7.52
1767,176.602,THROTTLED,7.49
1768,176.702,THROTTLED,7.46
1769,176.802,THROTTLED,7.43
1770,176.902,THROTTLED,7.4
1771,177.002,COMPLETE,14.42
1772,177.102,COMPLETE,11.44
1773,177.202,COMPLETE,8.46
1774,177.302,THROTTLED,8.43
1775,177.402,THROTTLED,8.4
1776,177.502,THROTTLED,8.37
1777,177.602,THROTTLED,8.34
1778,177.702,THROTTLED,8.31
1779,177.802,THROTTLED,8.28
1780,177.902,THROTTLED,8.25
1781,178.002,COMPLETE,15.27
1782,178.102,COMPLETE,12.29
1783,178.202,COMPLETE,9.31
1784,178.302,THROTTLED,9.28
1785,178.402,THROTTLED,9.25
1786,178.502,THROTTLED,9.22
1787,178.602,THROTTLED,9.19
1788,178.702,THROTTLED,9.16
1789,178.802,THROTTLED,9.13
1790,178.902,THROTTLED,9.1
1791,179.002,COMPLETE,16.12
1792,179.102,COMPLETE,13.14
1793,179.202,COMPLETE,10.16
1794,179.302,COMPLETE,7.18
1795,179.402,THROTTLED,7.15
1796,179.502,THROTTLED,7.12
1797,179.602,THROTTLED,7.09
1798,179.702,THROTTLED,7.06
1799,179.802,THROTTLED,7.03
1800,179.902,THROTTLED,7
1801,180.002,COMPLETE,14.02
1802,180.102,COMPLETE,11.04
1803,180.202,COMPLETE,8.06
1804,180.302,THROTTLED,8.03
1805,180.402,THROTTLED,8
1806,180.502,THROTTLED,7.97
1807,180.602,THROTTLED,7.94
1808,180.702,THROTTLED,7.91
1809,180.802,THROTTLED,7.88
1810,180.902,THROTTLED,7.85
1811,181.002,COMPLETE,14.87
1812,181.102,COMPLETE,11.89
1813,181.202,COMPLETE,8.91
1814,181.302,THROTTLED,8.88
1815,181.402,THROTTLED,8.85
1816,181.502,THROTTLED,8.82
1817,181.602,THROTTLED,8.79
1818,181.702,THROTTLED,8.76
1819,181.802,THROTTLED,8.73
1820,181.902,THROTTLED,8.7
1821,182.002,COMPLETE,15.72
1822,182.102,COMPLETE,12.74
1823,182.202,COMPLETE,9.76
1824,182.302,THROTTLED,9.73
1825,182.402,THROTTLED,9.7
1826,182.502,THROTTLED,9.67
1827,182.602,THROTTLED,9.64
1828,182.702,THROTTLED,9.61
1829,182.802,THROTTLED,9.58
1830,182.902,THROTTLED,9.55
1831,183.002,COMPLETE,16.57
1832,183.102,COMPLETE,13.59
1833,183.202,COMPLETE,10.61
1834,183.302,COMPLETE,7.63
1835,183.402,THROTTLED,7.6
1836,183.502,THROTTLED,7.57
1837,183.602,THROTTLED,7.54
1838,183.702,THROTTLED,7.51
1839,183.802,THROTTLED,7.48
1840,183.902,THROTTLED,7.45
1841,184.002,COMPLETE,14.47
1842,184.102,COMPLETE,11.49
1843,184.202,COMPLETE,8.51
1844,184.302,THROTTLED,8.48
1845,184.402,THROTTLED,8.45
1846,184.502,THROTTLED,8.42
1847,184.602,THROTTLED,8.39
1848,184.702,THROTTLED,8.36
1849,184.802,THROTTLED,8.33
1850,184.902,THROTTLED,8.3
1851,185.002,COMPLETE,15.32
1852,185.102,COMPLETE,12.34
1853,185.202,COMPLETE,9.36
1854,185.302,THROTTLED,9.33
1855,185.402,THROTTLED,9.3
1856,185.502,THROTTLED,9.27
1857,185.602,THROTTLED,9.24
1858,185.702,THROTTLED,9.21
1859,185.802,THROTTLED,9.18
1860,185.902,THROTTLED,9.15
1861,186.002,COMPLETE,16.17
1862,186.102,COMPLETE,13.19
1863,186.202,COMPLETE,10.21
1864,186.302,COMPLETE,7.23
1865,186.402,THROTTLED,7.2
1866,186.502,THROTTLED,7.17
1867,186.602,THROTTLED,7.14
1868,186.702,THROTTLED,7.11
1869,186.802,THROTTLED,7.08
1870,186.902,THROTTLED,7.05
1871,187.002,COMPLETE,14.07
1872,187.102,COMPLETE,11.09
1873,187.202,COMPLETE,8.11
1874,187.302,THROTTLED,8.08
1875,187.402,THROTTLED,8.05
1876,187.502,THROTTLED,8.02
1877,187.602,THROTTLED,7.99
1878,187.702,THROTTLED,7.96
1879,187.802,THROTTLED,7.93
1880,187.902,THROTTLED,7.9
1881,188.002,COMPLETE,14.92
1882,188.102,COMPLETE,11.94
1883,188.202,COMPLETE,8.96
1884,188.302,THROTTLED,8.93
1885,188.402,THROTTLED,8.9
1886,188.502,THROTTLED,8.87
1887,188.602,THROTTLED,8.84
1888,188.702,THROTTLED,8.81
1889,188.802,THROTTLED,8.78
1890,188.902,THROTTLED,8.75
1891,189.002,COMPLETE,15.77
1892,189.102,COMPLETE,12.79
1893,189.202,COMPLETE,9.81
1894,189.302,THROTTLED,9.78
1895,189.402,THROTTLED,9.75
1896,189.502,THROTTLED,9.72
1897,189.602,THROTTLED,9.69
1898,189.702,THROTTLED,9.66
1899,189.802,THROTTLED,9.63
1900,189.902,THROTTLED,9.6
1901,190.002,COMPLETE,16.62
1902,190.102,COMPLETE,13.64
1903,190.202,COMPLETE,10.66
1904,190.302,COMPLETE,7.68
1905,190.402,THROTTLED,7.65
1906,190.502,THROTTLED,7.62
1907,190.602,THROTTLED,7.59
1908,190.702,THROTTLED,7.56
1909,190.802,THROTTLED,7.53
1910,190.902,THROTTLED,7.5
1911,191.002,COMPLETE,14.52
1912,191.102,COMPLETE,11.54
1913,191.202,COMPLETE,8.56
1914,191.302,THROTTLED,8.53
1915,191.402,THROTTLED,8.5
1916,191.502,THROTTLED,8.47
1917,191.602,THROTTLED,8.44
1918,191.702,THROTTLED,8.41
1919,191.802,THROTTLED,8.38
1920,191.902,THROTTLED,8.35
1921,192.002,COMPLETE,15.37
1922,192.102,COMPLETE,12.39
1923,192.202,COMPLETE,9.41
1924,192.302,THROTTLED,9.38
1925,192.402,THROTTLED,9.35
1926,192.502,THROTTLED,9.32
1927,192.602,THROTTLED,9.29
1928,192.702,THROTTLED,9.26
1929,192.802,THROTTLED,9.23
1930,192.902,THROTTLED,9.2
1931,193.002,COMPLETE,16.22
1932,193.102,COMPLETE,13.24
1933,193.202,COMPLETE,10.26
1934,193.302,COMPLETE,7.28
1935,193.402,THROTTLED,7.25
1936,193.502,THROTTLED,7.22
1937,193.602,THROTTLED,7.19
1938,193.702,THROTTLED,7.16
1939,193.802,THROTTLED,7.13
1940,193.902,THROTTLED,7.1
1941,194.002,COMPLETE,14.12
1942,194.102,COMPLETE,11.14
1943,194.202,COMPLETE,8.16
1944,194.302,THROTTLED,8.13
1945,194.402,THROTTLED,8.1
1946,194.502,THROTTLED,8.07
1947,194.602,THROTTLED,8.04
1948,194.702,THROTTLED,8.01
1949,194.802,THROTTLED,7.98
1950,194.902,THROTTLED,7.95
1951,195.002,COMPLETE,14.97
1952,195.102,COMPLETE,11.99
1953,195.202,COMPLETE,9.01
1954,195.302,THROTTLED,8.98
1955,195.402,THROTTLED,8.95
1956,195.502,THROTTLED,8.92
1957,195.602,THROTTLED,8.89
1958,195.702,THROTTLED,8.86
1959,195.802,THROTTLED,8.83
1960,195.902,THROTTLED,8.8
1961,196.002,COMPLETE,15.82
1962,196.102,COMPLETE,12.84
1963,196.202,COMPLETE,9.86
1964,196.302,THROTTLED,9.83
1965,196.402,THROTTLED,9.8
1966,196.502,THROTTLED,9.77
1967,196.602,THROTTLED,9.74
1968,196.702,THROTTLED,9.71
1969,196.802,THROTTLED,9.68
1970,196.902,THROTTLED,9.65
1971,197.002,COMPLETE,16.67
1972,197.102,COMPLETE,13.69
1973,197.202,COMPLETE,10.71
1974,197.302,COMPLETE,7.73
1975,197.402,THROTTLED,7.7
1976,197.502,THROTTLED,7.67
1977,197.602,THROTTLED,7.64
1978,197.702,THROTTLED,7.61
1979,197.802,THROTTLED,7.58
1980,197.902,THROTTLED,7.55
1981,198.002,COMPLETE,14.57
1982,198.102,COMPLETE,11.59
1983,198.202,COMPLETE,8.61
1984,198.302,THROTTLED,8.58
1985,198.402,THROTTLED,8.55
1986,198.502,THROTTLED,8.52
1987,198.602,THROTTLED,8.49
1988,198.702,THROTTLED,8.46
1989,198.802,THROTTLED,8.43
1990,198.902,THROTTLED,8.4
1991,199.002,COMPLETE,15.42
1992,199.102,COMPLETE,12.44
1993,199.202,COMPLETE,9.46
1994,199.302,THROTTLED,9.43
1995,199.402,THROTTLED,9.4
1996,199.502,THROTTLED,9.37
1997,199.602,THROTTLED,9.34
1998,199.702,THROTTLED,9.31
1999,199.802,THROTTLED,9.28
2000,199.902,THROTTLED,9.25
2001,200.002,COMPLETE,16.27
2002,200.102,COMPLETE,13.29
2003,200.202,COMPLETE,10.31
2004,200.302,COMPLETE,7.33
2005,200.402,THROTTLED,7.3
2006,200.502,THROTTLED,7.27
2007,200.602,THROTTLED,7.24
2008,200.702,THROTTLED,7.21
2009,200.802,THROTTLED,7.18
2010,200.902,THROTTLED,7.15
2011,201.002,COMPLETE,14.17
2012,201.102,COMPLETE,11.19
2013,201.202,COMPLETE,8.21
2014,201.302,THROTTLED,8.18
2015,201.402,THROTTLED,8.15
2016,201.502,THROTTLED,8.12
2017,201.602,THROTTLED,8.09
2018,201.702,THROTTLED,8.06
2019,201.802,THROTTLED,8.03
2020,201.902,THROTTLED,8
2021,202.002,COMPLETE,15.02
2022,202.102,COMPLETE,12.04
2023,202.202,COMPLETE,9.06
2024,202.302,THROTTLED,9.03
2025,202.402,THROTTLED,9
2026,202.502,THROTTLED,8.97
2027,202.602,THROTTLED,8.94
2028,202.702,THROTTLED,8.91
2029,202.802,THROTTLED,8.88
2030,202.902,THROTTLED,8.85
2031,203.002,COMPLETE,15.87
2032,203.102,COMPLETE,12.89
2033,203.202,COMPLETE,9.91
2034,203.302,THROTTLED,9.88
2035,203.402,THROTTLED,9.85
2036,203.502,THROTTLED,9.82
2037,203.602,THROTTLED,9.79
2038,203.702,THROTTLED,9.76
2039,203.802,THROTTLED,9.73
2040,203.902,THROTTLED,9.7
2041,204.002,COMPLETE,16.72
2042,204.102,COMPLETE,13.74
2043,204.202,COMPLETE,10.76
2044,204.302,COMPLETE,7.78
2045,204.402,THROTTLED,7.75
2046,204.502,THROTTLED,7.72
2047,204.602,THROTTLED,7.69
2048,204.702,THROTTLED,7.66
2049,204.802,THROTTLED,7.63
2050,204.902,THROTTLED,7.6
2051,205.002,COMPLETE,14.62
2052,205.102,COMPLETE,11.64
2053,205.202,COMPLETE,8.66
2054,205.302,THROTTLED,8.63
2055,205.402,THROTTLED,8.6
2056,205.502,THROTTLED,8.57
2057,205.602,THROTTLED,8.54
2058,205.702,THROTTLED,8.51
2059,205.802,THROTTLED,8.48
2060,205.902,THROTTLED,8.45
2061,206.002,COMPLETE,15.47
2062,206.102,COMPLETE,12.49
2063,206.202,COMPLETE,9.51
2064,206.302,THROTTLED,9.48
2065,206.402,THROTTLED,9.45
2066,206.502,THROTTLED,9.42
2067,206.602,THROTTLED,9.39
2068,206.702,THROTTLED,9.36
2069,206.802,THROTTLED,9.33
2070,206.902,THROTTLED,9.3
2071,207.002,COMPLETE,16.32
2072,207.102,COMPLETE,13.34
2073,207.202,COMPLETE,10.36
2074,207.302,COMPLETE,7.38
2075,207.402,THROTTLED,7.35
2076,207.502,THROTTLED,7.32
2077,207.602,THROTTLED,7.29
2078,207.702,THROTTLED,7.26
2079,207.802,THROTTLED,7.23
2080,207.902,THROTTLED,7.2
2081,208.002,COMPLETE,14.22
2082,208.102,COMPLETE,11.24
2083,208.202,COMPLETE,8.26
2084,208.302,THROTTLED,8.23
2085,208.402,THROTTLED,8.2
2086,208.502,THROTTLED,8.17
2087,208.602,THROTTLED,8.14
2088,208.702,THROTTLED,8.11
2089,208.802,THROTTLED,8.08
2090,208.902,THROTTLED,8.05
2091,209.002,COMPLETE,15.07
2092,209.102,COMPLETE,12.09
2093,209.202,COMPLETE,9.11
2094,209.302,THROTTLED,9.08
2095,209.402,THROTTLED,9.05
2096,209.502,THROTTLED,9.02
2097,209.602,THROTTLED,8.99
2098,209.702,THROTTLED,8.96
2099,209.802,THROTTLED,8.93
2100,209.902,THROTTLED,8.9
2101,210.002,COMPLETE,15.92
2102,210.102,COMPLETE,12.94
2103,210.202,COMPLETE,9.96
2104,210.302,THROTTLED,9.93
2105,210.402,THROTTLED,9.9
2106,210.502,THROTTLED,9.87
2107,210.602,THROTTLED,9.84
2108,210.702,THROTTLED,9.81
2109,210.802,THROTTLED,9.78
2110,210.902,THROTTLED,9.75
2111,211.002,COMPLETE,16.77
2112,211.102,COMPLETE,13.79
2113,211.202,COMPLETE,10.81
2114,211.302,COMPLETE,7.83
2115,211.402,THROTTLED,7.8
2116,211.502,THROTTLED,7.77
2117,211.602,THROTTLED,7.74
2118,211.702,THROTTLED,7.71
2119,211.802,THROTTLED,7.68
2120,211.902,THROTTLED,7.65
2121,212.002,COMPLETE,14.67
2122,212.102,COMPLETE,11.69
2123,212.202,COMPLETE,8.71
2124,212.302,THROTTLED,8.68
2125,212.402,THROTTLED,8.65
2126,212.502,THROTTLED,8.62
2127,212.602,THROTTLED,8.59
2128,212.702,THROTTLED,8.56
2129,212.802,THROTTLED,8.53
2130,212.902,THROTTLED,8.5
2131,213.002,COMPLETE,15.52
2132,213.102,COMPLETE,12.54
2133,213.202,COMPLETE,9.56
2134,213.302,THROTTLED,9.53
2135,213.402,THROTTLED,9.5
2136,213.502,THROTTLED,9.47
2137,213.602,THROTTLED,9.44
2138,213.702,THROTTLED,9.41
2139,213.802,THROTTLED,9.38
2140,213.902,THROTTLED,9.35
2141,214.002,COMPLETE,16.37
2142,214.102,COMPLETE,13.39
2143,214.202,COMPLETE,10.41
2144,214.302,COMPLETE,7.43
2145,214.402,THROTTLED,7.4
2146,214.502,THROTTLED,7.37
2147,214.602,THROTTLED,7.34
2148,214.702,THROTTLED,7.31
2149,214.802,THROTTLED,7.28
2150,214.902,THROTTLED,7.25
2151,215.002,COMPLETE,14.27
2152,215.102,COMPLETE,11.29
2153,215.202,COMPLETE,8.31
2154,215.302,THROTTLED,8.28
2155,215.402,THROTTLED,8.25
2156,215.502,THROTTLED,8.22
2157,215.602,THROTTLED,8.19
2158,215.702,THROTTLED,8.16
2159,215.802,THROTTLED,8.13
2160,215.902,THROTTLED,8.1
2161,216.002,COMPLETE,15.12
2162,216.102,COMPLETE,12.14
2163,216.202,COMPLETE,9.16
2164,216.302,THROTTLED,9.13
2165,216.402,THROTTLED,9.1
2166,216.502,THROTTLED,9.07
2167,216.602,THROTTLED,9.04
2168,216.702,THROTTLED,9.01
2169,216.802,THROTTLED,8.98
2170,216.902,THROTTLED,8.95
2171,217.002,COMPLETE,15.97
2172,217.102,COMPLETE,12.99
2173,217.202,COMPLETE,10.01
2174,217.302,COMPLETE,7.03
2175,217.402,THROTTLED,7
2176,217.502,THROTTLED,6.97
2177,217.602,THROTTLED,6.94
2178,217.702,THROTTLED,6.91
2179,217.802,THROTTLED,6.88
2180,217.902,THROTTLED,6.85
2181,218.002,COMPLETE,13.87
2182,218.102,COMPLETE,10.89
2183,218.202,COMPLETE,7.91
2184,218.302,THROTTLED,7.88
2185,218.402,THROTTLED,7.85
2186,218.502,THROTTLED,7.82
2187,218.602,THROTTLED,7.79
2188,218.702,THROTTLED,7.76
2189,218.802,THROTTLED,7.73
2190,218.902,THROTTLED,7.7
2191,219.002,COMPLETE,14.72
2192,219.102,COMPLETE,11.74
2193,219.202,COMPLETE,8.76
2194,219.302,THROTTLED,8.73
2195,219.402,THROTTLED,8.7
2196,219.502,THROTTLED,8.67
2197,219.602,THROTTLED,8.64
2198,219.702,THROTTLED,8.61
2199,219.802,THROTTLED,8.58
2200,219.902,THROTTLED,8.55
2201,220.002,COMPLETE,15.57
2202,220.102,COMPLETE,12.59
2203,220.202,COMPLETE,9.61
2204,220.302,THROTTLED,9.58
2205,220.402,THROTTLED,9.55
2206,220.502,THROTTLED,9.52
2207,220.602,THROTTLED,9.49
2208,220.702,THROTTLED,9.46
2209,220.802,THROTTLED,9.43
2210,220.902,THROTTLED,9.4
2211,221.002,COMPLETE,16.42
2212,221.102,COMPLETE,13.44
2213,221.202,COMPLETE,10.46
2214,221.302,COMPLETE,7.48
2215,221.402,THROTTLED,7.45
2216,221.502,THROTTLED,7.42
2217,221.602,THROTTLED,7.39
2218,221.702,THROTTLED,7.36
2219,221.802,THROTTLED,7.33
2220,221.902,THROTTLED,7.3
2221,222.002,COMPLETE,14.32
2222,222.102,COMPLETE,11.34
2223,222.202,COMPLETE,8.36
2224,222.302,THROTTLED,8.33
2225,222.402,THROTTLED,8.3
2226,222.502,THROTTLED,8.27
2227,222.602,THROTTLED,8.24
2228,222.702,THROTTLED,8.21
2229,222.802,THROTTLED,8.18
2230,222.902,THROTTLED,8.15
2231,223.002,COMPLETE,15.17
2232,223.102,COMPLETE,12.19
2233,223.202,COMPLETE,9.21
2234,223.302,THROTTLED,9.18
2235,223.402,THROTTLED,9.15
2236,223.502,THROTTLED,9.12
2237,223.602,THROTTLED,9.09
2238,223.702,THROTTLED,9.06
2239,223.802,THROTTLED,9.03
2240,223.902,THROTTLED,9
2241,224.002,COMPLETE,16.02
2242,224.102,COMPLETE,13.04
2243,224.202,COMPLETE,10.06
2244,224.302,COMPLETE,7.08
2245,224.402,THROTTLED,7.05
2246,224.502,THROTTLED,7.02
2247,224.602,THROTTLED,6.99
2248,224.702,THROTTLED,6.96
2249,224.802,THROTTLED,6.93
2250,224.902,THROTTLED,6.9
2251,225.002,COMPLETE,13.92
2252,225.102,COMPLETE,10.94
2253,225.202,COMPLETE,7.96
2254,225.302,THROTTLED,7.93
2255,225.402,THROTTLED,7.9
2256,225.502,THROTTLED,7.87
2257,225.602,THROTTLED,7.84
2258,225.702,THROTTLED,7.81
2259,225.802,THROTTLED,7.78
2260,225.902,THROTTLED,7.75
2261,226.002,COMPLETE,14.77
2262,226.102,COMPLETE,11.79
2263,226.202,COMPLETE,8.81
2264,226.302,THROTTLED,8.78
2265,226.402,THROTTLED,8.75
2266,226.502,THROTTLED,8.72
2267,226.602,THROTTLED,8.69
2268,226.702,THROTTLED,8.66
2269,226.802,THROTTLED,8.63
2270,226.902,THROTTLED,8.6
2271,227.002,COMPLETE,15.62
2272,227.102,COMPLETE,12.64
2273,227.202,COMPLETE,9.66
2274,227.302,THROTTLED,9.63
2275,227.402,THROTTLED,9.6
2276,227.502,THROTTLED,9.57
2277,227.602,THROTTLED,9.54
2278,227.702,THROTTLED,9.51
2279,227.802,THROTTLED,9.48
2280,227.902,THROTTLED,9.45
2281,228.002,COMPLETE,16.47
2282,228.102,COMPLETE,13.49
2283,228.202,COMPLETE,10.51
2284,228.302,COMPLETE,7.53
2285,228.402,THROTTLED,7.5
2286,228.502,THROTTLED,7.47
2287,228.602,THROTTLED,7.44
2288,228.702,THROTTLED,7.41
2289,228.802,THROTTLED,7.38
2290,228.902,THROTTLED,7.35
2291,229.002,COMPLETE,14.37
2292,229.102,COMPLETE,11.39
2293,229.202,COMPLETE,8.41
2294,229.302,THROTTLED,8.38
2295,229.402,THROTTLED,8.35
2296,229.502,THROTTLED,8.32
2297,229.602,THROTTLED,8.29
2298,229.702,THROTTLED,8.26
2299,229.802,THROTTLED,8.23
2300,229.902,THROTTLED,8.2
2301,230.002,COMPLETE,15.22
2302,230.102,COMPLETE,12.24
2303,230.202,COMPLETE,9.26
2304,230.302,THROTTLED,9.23
2305,230.402,THROTTLED,9.2
2306,230.502,THROTTLED,9.17
2307,230.602,THROTTLED,9.14
2308,230.702,THROTTLED,9.11
2309,230.802,THROTTLED,9.08
2310,230.902,THROTTLED,9.05
2311,231.002,COMPLETE,16.07
2312,231.102,COMPLETE,13.09
2313,231.202,COMPLETE,10.11
2314,231.302,COMPLETE,7.13
2315,231.402,THROTTLED,7.1
2316,231.502,THROTTLED,7.07
2317,231.602,THROTTLED,7.04
2318,231.702,THROTTLED,7.01
2319,231.802,THROTTLED,6.98
2320,231.902,THROTTLED,6.95
2321,232.002,COMPLETE,13.97
2322,232.102,COMPLETE,10.99
2323,232.202,COMPLETE,8.01
2324,232.302,THROTTLED,7.98
2325,232.402,THROTTLED,7.95
2326,232.502,THROTTLED,7.92
2327,232.602,THROTTLED,7.89
2328,232.702,THROTTLED,7.86
2329,232.802,THROTTLED,7.83
2330,232.902,THROTTLED,7.8
2331,233.002,COMPLETE,14.82
2332,233.102,COMPLETE,11.84
2333,233.202,COMPLETE,8.86
2334,233.302,THROTTLED,8.83
2335,233.402,THROTTLED,8.8
2336,233.502,THROTTLED,8.77
2337,233.602,THROTTLED,8.74
2338,233.702,THROTTLED,8.71
2339,233.802,THROTTLED,8.68
2340,233.902,THROTTLED,8.65
2341,234.002,COMPLETE,15.67
2342,234.102,COMPLETE,12.69
2343,234.202,COMPLETE,9.71
2344,234.302,THROTTLED,9.68
2345,234.402,THROTTLED,9.65
2346,234.502,THROTTLED,9.62
2347,234.602,THROTTLED,9.59
2348,234.702,THROTTLED,9.56
2349,234.802,THROTTLED,9.53
2350,234.902,THROTTLED,9.5
2351,235.002,COMPLETE,16.52
2352,235.102,COMPLETE,13.54
2353,235.202,COMPLETE,10.56
2354,235.302,COMPLETE,7.58
2355,235.402,THROTTLED,7.55
2356,235.502,THROTTLED,7.52
2357,235.602,THROTTLED,7.49
2358,235.702,THROTTLED,7.46
2359,235.802,THROTTLED,7.43
2360,235.902,THROTTLED,7.4
2361,236.002,COMPLETE,14.42
2362,236.102,COMPLETE,11.44
2363,236.202,COMPLETE,8.46
2364,236.302,THROTTLED,8.43
2365,236.402,THROTTLED,8.4
2366,236.502,THROTTLED,8.37
2367,236.602,THROTTLED,8.34
2368,236.702,THROTTLED,8.31
2369,236.802,THROTTLED,8.28
2370,236.902,THROTTLED,8.25
2371,237.002,COMPLETE,15.27
2372,237.102,COMPLETE,12.29
2373,237.202,COMPLETE,9.31
2374,237.302,THROTTLED,9.28
2375,237.402,THROTTLED,9.25
2376,237.502,THROTTLED,9.22
2377,237.602,THROTTLED,9.19
2378,237.702,THROTTLED,9.16
2379,237.802,THROTTLED,9.13
2380,237.902,THROTTLED,9.1
2381,238.002,COMPLETE,16.12
2382,238.102,COMPLETE,13.14
2383,238.202,COMPLETE,10.16
2384,238.302,COMPLETE,7.18
2385,238.402,THROTTLED,7.15
2386,238.502,THROTTLED,7.12
2387,238.602,THROTTLED,7.09
2388,238.702,THROTTLED,7.06
2389,238.802,THROTTLED,7.03
2390,238.902,THROTTLED,7
2391,239.002,COMPLETE,14.02
2392,239.102,COMPLETE,11.04
2393,239.202,COMPLETE,8.06
2394,239.302,THROTTLED,8.03
2395,239.402,THROTTLED,8
2396,239.502,THROTTLED,7.97
2397,239.602,THROTTLED,7.94
2398,239.702,THROTTLED,7.91
2399,239.802,THROTTLED,7.88
2400,239.902,THROTTLED,7.85
2401,240.002,COMPLETE,14.87
2402,240.102,COMPLETE,11.89
2403,240.202,COMPLETE,8.91
2404,240.302,THROTTLED,8.88
2405,240.402,THROTTLED,8.85
2406,240.502,THROTTLED,8.82
2407,240.602,THROTTLED,8.79
2408,240.702,THROTTLED,8.76
2409,240.802,THROTTLED,8.73
2410,240.902,THROTTLED,8.7
2411,241.002,COMPLETE,15.72
2412,241.102,COMPLETE,12.74
2413,241.202,COMPLETE,9.76
2414,241.302,THROTTLED,9.73
2415,241.402,THROTTLED,9.7
2416,241.502,THROTTLED,9.67
2417,241.602,THROTTLED,9.64
2418,241.702,THROTTLED,9.61
2419,241.802,THROTTLED,9.58
2420,241.902,THROTTLED,9.55
2421,242.002,COMPLETE,16.57
2422,242.102,COMPLETE,13.59
2423,242.202,COMPLETE,10.61
2424,242.302,COMPLETE,7.63
2425,242.402,THROTTLED,7.6
2426,242.502,THROTTLED,7.57
2427,242.602,THROTTLED,7.54
2428,242.702,THROTTLED,7.51
2429,242.802,THROTTLED,7.48
2430,242.902,THROTTLED,7.45
2431,243.002,COMPLETE,14.47
2432,243.102,COMPLETE,11.49
2433,243.202,COMPLETE,8.51
2434,243.302,THROTTLED,8.48
2435,243.402,THROTTLED,8.45
2436,243.502,THROTTLED,8.42
2437,243.602,THROTTLED,8.39
2438,243.702,THROTTLED,8.36
2439,243.802,THROTTLED,8.33
2440,243.902,THROTTLED,8.3
2441,244.002,COMPLETE,15.32
2442,244.102,COMPLETE,12.34
2443,244.202,COMPLETE,9.36
2444,244.302,THROTTLED,9.33
2445,244.402,THROTTLED,9.3
2446,244.502,THROTTLED,9.27
2447,244.602,THROTTLED,9.24
2448,244.702,THROTTLED,9.21
2449,244.802,THROTTLED,9.18
2450,244.902,THROTTLED,9.15
2451,245.002,COMPLETE,16.17
2452,245.102,COMPLETE,13.19
2453,245.202,COMPLETE,10.21
2454,245.302,COMPLETE,7.23
2455,245.402,THROTTLED,7.2
2456,245.502,THROTTLED,7.17
2457,245.602,THROTTLED,7.14
2458,245.702,THROTTLED,7.11
2459,245.802,THROTTLED,7.08
2460,245.902,THROTTLED,7.05
2461,246.002,COMPLETE,14.07
2462,246.102,COMPLETE,11.09
2463,246.202,COMPLETE,8.11
2464,246.302,THROTTLED,8.08
2465,246.402,THROTTLED,8.05
2466,246.502,THROTTLED,8.02
2467,246.602,THROTTLED,7.99
2468,246.702,THROTTLED,7.96
2469,246.802,THROTTLED,7.93
2470,246.902,THROTTLED,7.9
2471,247.002,COMPLETE,14.92
2472,247.102,COMPLETE,11.94
2473,247.202,COMPLETE,8.96
2474,247.302,THROTTLED,8.93
2475,247.402,THROTTLED,8.9
2476,247.502,THROTTLED,8.87
2477,247.602,THROTTLED,8.84
2478,247.702,THROTTLED,8.81
2479,247.802,THROTTLED,8.78
2480,247.902,THROTTLED,8.75
2481,248.002,COMPLETE,15.77
2482,248.102,COMPLETE,12.79
2483,248.202,COMPLETE,9.81
2484,248.302,THROTTLED,9.78
2485,248.402,THROTTLED,9.75
2486,248.502,THROTTLED,9.72
2487,248.602,THROTTLED,9.69
2488,248.702,THROTTLED,9.66
2489,248.802,THROTTLED,9.63
2490,248.902,THROTTLED,9.6
2491,249.002,COMPLETE,16.62
2492,249.102,COMPLETE,13.64
2493,249.202,COMPLETE,10.66
2494,249.302,COMPLETE,7.68
2495,249.402,THROTTLED,7.65
2496,249.502,THROTTLED,7.62
2497,249.602,THROTTLED,7.59
2498,249.702,THROTTLED,7.56
2499,249.802,THROTTLED,7.53
2500,249.902,THROTTLED,7.5
2501,250.002,COMPLETE,14.52
2502,250.102,COMPLETE,11.54
2503,250.202,COMPLETE,8.56
2504,250.302,THROTTLED,8.53
2505,250.402,THROTTLED,8.5
2506,250.502,THROTTLED,8.47
2507,250.602,THROTTLED,8.44
2508,250.702,THROTTLED,8.41
2509,250.802,THROTTLED,8.38
2510,250.902,THROTTLED,8.35
2511,251.002,COMPLETE,15.37
2512,251.102,COMPLETE,12.39
2513,251.202,COMPLETE,9.41
2514,251.302,THROTTLED,9.38
2515,251.402,THROTTLED,9.35
2516,251.502,THROTTLED,9.32
2517,251.602,THROTTLED,9.29
2518,251.702,THROTTLED,9.26
2519,251.802,THROTTLED,9.23
2520,251.902,THROTTLED,9.2
2521,252.002,COMPLETE,16.22
2522,252.102,COMPLETE,13.24
2523,252.202,COMPLETE,10.26
2524,252.302,COMPLETE,7.28
2525,252.402,THROTTLED,7.25
2526,252.502,THROTTLED,7.22
2527,252.602,THROTTLED,7.19
2528,252.702,THROTTLED,7.16
2529,252.802,THROTTLED,7.13
2530,252.902,THROTTLED,7.1
2531,253.002,COMPLETE,14.12
2532,253.102,COMPLETE,11.14
2533,253.202,COMPLETE,8.16
2534,253.302,THROTTLED,8.13
2535,253.402,THROTTLED,8.1
2536,253.502,THROTTLED,8.07
2537,253.602,THROTTLED,8.04
2538,253.702,THROTTLED,8.01
2539,253.802,THROTTLED,7.98
2540,253.902,THROTTLED,7.95
2541,254.002,COMPLETE,14.97
2542,254.102,COMPLETE,11.99
2543,254.202,COMPLETE,9.01
2544,254.302,THROTTLED,8.98
2545,254.402,THROTTLED,8.95
2546,254.502,THROTTLED,8.92
2547,254.602,THROTTLED,8.89
2548,254.702,THROTTLED,8.86
2549,254.802,THROTTLED,8.83
2550,254.902,THROTTLED,8.8
2551,255.002,COMPLETE,15.82
2552,255.102,COMPLETE,12.84
2553,255.202,COMPLETE,9.86
2554,255.302,THROTTLED,9.83
2555,255.402,THROTTLED,9.8
2556,255.502,THROTTLED,9.77
2557,255.602,THROTTLED,9.74
2558,255.702,THROTTLED,9.71
2559,255.802,THROTTLED,9.68
2560,255.902,THROTTLED,9.65
2561,256.002,COMPLETE,16.67
2562,256.102,COMPLETE,13.69
2563,256.202,COMPLETE,10.71
2564,256.302,COMPLETE,7.73
2565,256.402,THROTTLED,7.7
2566,256.502,THROTTLED,7.67
2567,256.602,THROTTLED,7.64
2568,256.702,THROTTLED,7.61
2569,256.802,THROTTLED,7.58
2570,256.902,THROTTLED,7.55
2571,257.002,COMPLETE,14.57
2572,257.102,COMPLETE,11.59
2573,257.202,COMPLETE,8.61
2574,257.302,THROTTLED,8.58
2575,257.402,THROTTLED,8.55
2576,257.502,THROTTLED,8.52
2577,257.602,THROTTLED,8.49
2578,257.702,THROTTLED,8.46
2579,257.802,THROTTLED,8.43
2580,257.902,THROTTLED,8.4
2581,258.002,COMPLETE,15.42
2582,258.102,COMPLETE,12.44
2583,258.202,COMPLETE,9.46
2584,258.302,THROTTLED,9.43
2585,258.402,THROTTLED,9.4
2586,258.502,THROTTLED,9.37
2587,258.602,THROTTLED,9.34
2588,258.702,THROTTLED,9.31
2589,258.802,THROTTLED,9.28
2590,258.902,THROTTLED,9.25
2591,259.002,COMPLETE,16.27
2592,259.102,COMPLETE,13.29
2593,259.202,COMPLETE,10.31
2594,259.302,COMPLETE,7.33
2595,259.402,THROTTLED,7.3
2596,259.502,THROTTLED,7.27
2597,259.602,THROTTLED,7.24
2598,259.702,THROTTLED,7.21
2599,259.802,THROTTLED,7.18
2600,259.902,THROTTLED,7.15
2601,260.002,COMPLETE,14.17
2602,260.102,COMPLETE,11.19
2603,260.202,COMPLETE,8.21
2604,260.302,THROTTLED,8.18
2605,260.402,THROTTLED,8.15
2606,260.502,THROTTLED,8.12
2607,260.602,THROTTLED,8.09
2608,260.702,THROTTLED,8.06
2609,260.802,THROTTLED,8.03
2610,260.902,THROTTLED,8
2611,261.002,COMPLETE,15.02
2612,261.102,COMPLETE,12.04
2613,261.202,COMPLETE,9.06
2614,261.302,THROTTLED,9.03
2615,261.402,THROTTLED,9
2616,261.502,THROTTLED,8.97
2617,261.602,THROTTLED,8.94
2618,261.702,THROTTLED,8.91
2619,261.802,THROTTLED,8.88
2620,261.902,THROTTLED,8.85
2621,262.002,COMPLETE,15.87
2622,262.102,COMPLETE,12.89
2623,262.202,COMPLETE,9.91
2624,262.302,THROTTLED,9.88
2625,262.402,THROTTLED,9.85
2626,262.502,THROTTLED,9.82
2627,262.602,THROTTLED,9.79
2628,262.702,THROTTLED,9.76
2629,262.802,THROTTLED,9.73
2630,262.902,THROTTLED,9.7
2631,263.002,COMPLETE,16.72
2632,263.102,COMPLETE,13.74
2633,263.202,COMPLETE,10.76
2634,263.302,COMPLETE,7.78
2635,263.402,THROTTLED,7.75
2636,263.502,THROTTLED,7.72
2637,263.602,THROTTLED,7.69
2638,263.702,THROTTLED,7.66
2639,263.802,THROTTLED,7.63
2640,263.902,THROTTLED,7.6
2641,264.002,COMPLETE,14.62
2642,264.102,COMPLETE,11.64
2643,264.202,COMPLETE,8.66
2644,264.302,THROTTLED,8.63
2645,264.402,THROTTLED,8.6
2646,264.502,THROTTLED,8.57
2647,264.602,THROTTLED,8.54
2648,264.702,THROTTLED,8.51
2649,264.802,THROTTLED,8.48
2650,264.902,THROTTLED,8.45
2651,265.002,COMPLETE,15.47
2652,265.102,COMPLETE,12.49
2653,265.202,COMPLETE,9.51
2654,265.302,THROTTLED,9.48
2655,265.402,THROTTLED,9.45
2656,265.502,THROTTLED,9.42
2657,265.602,THROTTLED,9.39
2658,265.702,THROTTLED,9.36
2659,265.802,THROTTLED,9.33
2660,265.902,THROTTLED,9.3
2661,266.002,COMPLETE,16.32
2662,266.102,COMPLETE,13.34
2663,266.202,COMPLETE,10.36
2664,266.302,COMPLETE,7.38
2665,266.402,THROTTLED,7.35
2666,266.502,THROTTLED,7.32
2667,266.602,THROTTLED,7.29
2668,266.702,THROTTLED,7.26
2669,266.802,THROTTLED,7.23
2670,266.902,THROTTLED,7.2
2671,267.002,COMPLETE,14.22
2672,267.102,COMPLETE,11.24
2673,267.202,COMPLETE,8.26
2674,267.302,THROTTLED,8.23
2675,267.402,THROTTLED,8.2
2676,267.502,THROTTLED,8.17
2677,267.602,THROTTLED,8.14
2678,267.702,THROTTLED,8.11
2679,267.802,THROTTLED,8.08
2680,267.902,THROTTLED,8.05
2681,268.002,COMPLETE,15.07
2682,268.102,COMPLETE,12.09
2683,268.202,COMPLETE,9.11
2684,268.302,THROTTLED,9.08
2685,268.402,THROTTLED,9.05
2686,268.502,THROTTLED,9.02
2687,268.602,THROTTLED,8.99
2688,268.702,THROTTLED,8.96
2689,268.802,THROTTLED,8.93
2690,268.902,THROTTLED,8.9
2691,269.002,COMPLETE,15.92
2692,269.102,COMPLETE,12.94
2693,269.202,COMPLETE,9.96
2694,269.302,THROTTLED,9.93
2695,269.402,THROTTLED,9.9
2696,269.502,THROTTLED,9.87
2697,269.602,THROTTLED,9.84
2698,269.702,THROTTLED,9.81
2699,269.802,THROTTLED,9.78
2700,269.902,THROTTLED,9.75
2701,270.002,COMPLETE,16.77
2702,270.102,COMPLETE,13.79
2703,270.202,COMPLETE,10.81
2704,270.302,COMPLETE,7.83
2705,270.402,THROTTLED,7.8
2706,270.502,THROTTLED,7.77
2707,270.602,THROTTLED,7.74
2708,270.702,THROTTLED,7.71
2709,270.802,THROTTLED,7.68
2710,270.902,THROTTLED,7.65
2711,271.002,COMPLETE,14.67
2712,271.102,COMPLETE,11.69
2713,271.202,COMPLETE,8.71
2714,271.302,THROTTLED,8.68
2715,271.402,THROTTLED,8.65
2716,271.502,THROTTLED,8.62
2717,271.602,THROTTLED,8.59
2718,271.702,THROTTLED,8.56
2719,271.802,THROTTLED,8.53
2720,271.902,THROTTLED,8.5
2721,272.002,COMPLETE,15.52
2722,272.102,COMPLETE,12.54
2723,272.202,COMPLETE,9.56
2724,272.302,THROTTLED,9.53
2725,272.402,THROTTLED,9.5
2726,272.502,THROTTLED,9.47
2727,272.602,THROTTLED,9.44
2728,272.702,THROTTLED,9.41
2729,272.802,THROTTLED,9.38
2730,272.902,THROTTLED,9.35
2731,273.002,COMPLETE,16.37
2732,273.102,COMPLETE,13.39
2733,273.202,COMPLETE,10.41
2734,273.302,COMPLETE,7.43
2735,273.402,THROTTLED,7.4
2736,273.502,THROTTLED,7.37
2737,273.602,THROTTLED,7.34
2738,273.702,THROTTLED,7.31
2739,273.802,THROTTLED,7.28
2740,273.902,THROTTLED,7.25
2741,274.002,COMPLETE,14.27
2742,274.102,COMPLETE,11.29
2743,274.202,COMPLETE,8.31
2744,274.302,THROTTLED,8.28
2745,274.402,THROTTLED,8.25
2746,274.502,THROTTLED,8.22
2747,274.602,THROTTLED,8.19
2748,274.702,THROTTLED,8.16
2749,274.802,THROTTLED,8.13
2750,274.902,THROTTLED,8.1
2751,275.002,COMPLETE,15.12
2752,275.102,COMPLETE,12.14
2753,275.202,COMPLETE,9.16
2754,275.302,THROTTLED,9.13
2755,275.402,THROTTLED,9.1
2756,275.502,THROTTLED,9.07
2757,275.602,THROTTLED,9.04
2758,275.702,THROTTLED,9.01
2759,275.802,THROTTLED,8.98
2760,275.902,THROTTLED,8.95
2761,276.002,COMPLETE,15.97
2762,276.102,COMPLETE,12.99
2763,276.202,COMPLETE,10.01
2764,276.302,COMPLETE,7.03
2765,276.402,THROTTLED,7
2766,276.502,THROTTLED,6.97
2767,276.602,THROTTLED,6.94
2768,276.702,THROTTLED,6.91
2769,276.802,THROTTLED,6.88
2770,276.902,THROTTLED,6.85
2771,277.002,COMPLETE,13.87
2772,277.102,COMPLETE,10.89
2773,277.202,COMPLETE,7.91
2774,277.302,THROTTLED,7.88
2775,277.402,THROTTLED,7.85
2776,277.502,THROTTLED,7.82
2777,277.602,THROTTLED,7.79
2778,277.702,THROTTLED,7.76
2779,277.802,THROTTLED,7.73
2780,277.902,THROTTLED,7.7
2781,278.002,COMPLETE,14.72
2782,278.102,COMPLETE,11.74
2783,278.202,COMPLETE,8.76
2784,278.302,THROTTLED,8.73
2785,278.402,THROTTLED,8.7
2786,278.502,THROTTLED,8.67
2787,278.602,THROTTLED,8.64
2788,278.702,THROTTLED,8.61
2789,278.802,THROTTLED,8.58
2790,278.902,THROTTLED,8.55
2791,279.002,COMPLETE,15.57
2792,279.102,COMPLETE,12.59
2793,279.202,COMPLETE,9.61
2794,279.302,THROTTLED,9.58
2795,279.402,THROTTLED,9.55
2796,279.502,THROTTLED,9.52
2797,279.602,THROTTLED,9.49
2798,279.702,THROTTLED,9.46
2799,279.802,THROTTLED,9.43
2800,279.902,THROTTLED,9.4
2801,280.002,COMPLETE,16.42
2802,280.102,COMPLETE,13.44
2803,280.202,COMPLETE,10.46
2804,280.302,COMPLETE,7.48
2805,280.402,THROTTLED,7.45
2806,280.502,THROTTLED,7.42
2807,280.602,THROTTLED,7.39
2808,280.702,THROTTLED,7.36
2809,280.802,THROTTLED,7.33
2810,280.902,THROTTLED,7.3
2811,281.002,COMPLETE,14.32
2812,281.102,COMPLETE,11.34
2813,281.202,COMPLETE,8.36
2814,281.302,THROTTLED,8.33
2815,281.402,THROTTLED,8.3
2816,281.502,THROTTLED,8.27
2817,281.602,THROTTLED,8.24
2818,281.702,THROTTLED,8.21
2819,281.802,THROTTLED,8.18
2820,281.902,THROTTLED,8.15
2821,282.002,COMPLETE,15.17
2822,282.102,COMPLETE,12.19
2823,282.202,COMPLETE,9.21
2824,282.302,THROTTLED,9.18
2825,282.402,THROTTLED,9.15
2826,282.502,THROTTLED,9.12
2827,282.602,THROTTLED,9.09
2828,282.702,THROTTLED,9.06
2829,282.802,THROTTLED,9.03
2830,282.902,THROTTLED,9
2831,283.002,COMPLETE,16.02
2832,283.102,COMPLETE,13.04
2833,283.202,COMPLETE,10.06
2834,283.302,COMPLETE,7.08
2835,283.402,THROTTLED,7.05
2836,283.502,THROTTLED,7.02
2837,283.602,THROTTLED,6.99
2838,283.702,THROTTLED,6.96
2839,283.802,THROTTLED,6.93
2840,283.902,THROTTLED,6.9
2841,284.002,COMPLETE,13.92
2842,284.102,COMPLETE,10.94
2843,284.202,COMPLETE,7.96
2844,284.302,THROTTLED,7.93
2845,284.402,THROTTLED,7.9
2846,284.502,THROTTLED,7.87
2847,284.602,THROTTLED,7.84
2848,284.702,THROTTLED,7.81
2849,284.802,THROTTLED,7.78
2850,284.902,THROTTLED,7.75
2851,285.002,COMPLETE,14.77
2852,285.102,COMPLETE,11.79
2853,285.202,COMPLETE,8.81
2854,285.302,THROTTLED,8.78
2855,285.402,THROTTLED,8.75
2856,285.502,THROTTLED,8.72
2857,285.602,THROTTLED,8.69
2858,285.702,THROTTLED,8.66
2859,285.802,THROTTLED,8.63
2860,285.902,THROTTLED,8.6
2861,286.002,COMPLETE,15.62
2862,286.102,COMPLETE,12.64
2863,286.202,COMPLETE,9.66
2864,286.302,THROTTLED,9.63
2865,286.402,THROTTLED,9.6
2866,286.502,THROTTLED,9.57
2867,286.602,THROTTLED,9.54
2868,286.702,THROTTLED,9.51
2869,286.802,THROTTLED,9.48
2870,286.902,THROTTLED,9.45
2871,287.002,COMPLETE,16.47
2872,287.102,COMPLETE,13.49
2873,287.202,COMPLETE,10.51
2874,287.302,COMPLETE,7.53
2875,287.402,THROTTLED,7.5
2876,287.502,THROTTLED,7.47
2877,287.602,THROTTLED,7.44
2878,287.702,THROTTLED,7.41
2879,287.802,THROTTLED,7.38
2880,287.902,THROTTLED,7.35
2881,288.002,COMPLETE,14.37
2882,288.102,COMPLETE,11.39
2883,288.202,COMPLETE,8.41
2884,288.302,THROTTLED,8.38
2885,288.402,THROTTLED,8.35
2886,288.502,THROTTLED,8.32
2887,288.602,THROTTLED,8.29
2888,288.702,THROTTLED,8.26
2889,288.802,THROTTLED,8.23
2890,288.902,THROTTLED,8.2
2891,289.002,COMPLETE,15.22
2892,289.102,COMPLETE,12.24
2893,289.202,COMPLETE,9.26
2894,289.302,THROTTLED,9.23
2895,289.402,THROTTLED,9.2
2896,289.502,THROTTLED,9.17
2897,289.602,THROTTLED,9.14
2898,289.702,THROTTLED,9.11
2899,289.802,THROTTLED,9.08
2900,289.902,THROTTLED,9.05
2901,290.002,COMPLETE,16.07
2902,290.102,COMPLETE,13.09
2903,290.202,COMPLETE,10.11
2904,290.302,COMPLETE,7.13
2905,290.402,THROTTLED,7.1
2906,290.502,THROTTLED,7.07
2907,290.602,THROTTLED,7.04
2908,290.702,THROTTLED,7.01
2909,290.802,THROTTLED,6.98
2910,290.902,THROTTLED,6.95
2911,291.002,COMPLETE,13.97
2912,291.102,COMPLETE,10.99
2913,291.202,COMPLETE,8.01
2914,291.302,THROTTLED,7.98
2915,291.402,THROTTLED,7.95
2916,291.502,THROTTLED,7.92
2917,291.602,THROTTLED,7.89
2918,291.702,THROTTLED,7.86
2919,291.802,THROTTLED,7.83
2920,291.902,THROTTLED,7.8
2921,292.002,COMPLETE,14.82
2922,292.102,COMPLETE,11.84
2923,292.202,COMPLETE,8.86
2924,292.302,THROTTLED,8.83
2925,292.402,THROTTLED,8.8
2926,292.502,THROTTLED,8.77
2927,292.602,THROTTLED,8.74
2928,292.702,THROTTLED,8.71
2929,292.802,THROTTLED,8.68
2930,292.902,THROTTLED,8.65
2931,293.002,COMPLETE,15.67
2932,293.102,COMPLETE,12.69
2933,293.202,COMPLETE,9.71
2934,293.302,THROTTLED,9.68
2935,293.402,THROTTLED,9.65
2936,293.502,THROTTLED,9.62
2937,293.602,THROTTLED,9.59
2938,293.702,THROTTLED,9.56
2939,293.802,THROTTLED,9.53
2940,293.902,THROTTLED,9.5
2941,294.002,COMPLETE,16.52
2942,294.102,COMPLETE,13.54
2943,294.202,COMPLETE,10.56
2944,294.302,COMPLETE,7.58
2945,294.402,THROTTLED,7.55
2946,294.502,THROTTLED,7.52
2947,294.602,THROTTLED,7.49
2948,294.702,THROTTLED,7.46
2949,294.802,THROTTLED,7.43
2950,294.902,THROTTLED,7.4
2951,295.002,COMPLETE,14.42
2952,295.102,COMPLETE,11.44
2953,295.202,COMPLETE,8.46
2954,295.302,THROTTLED,8.43
2955,295.402,THROTTLED,8.4
2956,295.502,THROTTLED,8.37
2957,295.602,THROTTLED,8.34
2958,295.702,THROTTLED,8.31
2959,295.802,THROTTLED,8.28
2960,295.902,THROTTLED,8.25
2961,296.002,COMPLETE,15.27
2962,296.102,COMPLETE,12.29
2963,296.202,COMPLETE,9.31
2964,296.302,THROTTLED,9.28
2965,296.402,THROTTLED,9.25
2966,296.502,THROTTLED,9.22
2967,296.602,THROTTLED,9.19
2968,296.702,THROTTLED,9.16
2969,296.802,THROTTLED,9.13
2970,296.902,THROTTLED,9.1
2971,297.002,COMPLETE,16.12
2972,297.102,COMPLETE,13.14
2973,297.202,COMPLETE,10.16
2974,297.302,COMPLETE,7.18
2975,297.402,THROTTLED,7.15
2976,297.502,THROTTLED,7.12
2977,297.602,THROTTLED,7.09
2978,297.702,THROTTLED,7.06
2979,297.802,THROTTLED,7.03
2980,297.902,THROTTLED,7
2981,298.002,COMPLETE,14.02
2982,298.102,COMPLETE,11.04
2983,298.202,COMPLETE,8.06
2984,298.302,THROTTLED,8.03
2985,298.402,THROTTLED,8
2986,298.502,THROTTLED,7.97
2987,298.602,THROTTLED,7.94
2988,298.702,THROTTLED,7.91
2989,298.802,THROTTLED,7.88
2990,298.902,THROTTLED,7.85
2991,299.002,COMPLETE,14.87
2992,299.102,COMPLETE,11.89
2993,299.202,COMPLETE,8.91
2994,299.302,THROTTLED,8.88
2995,299.402,THROTTLED,8.85
2996,299.502,THROTTLED,8.82
2997,299.602,THROTTLED,8.79
2998,299.702,THROTTLED,8.76
2999,299.802,THROTTLED,8.73
3000,299.902,THROTTLED,8.7
3001,300.002,COMPLETE,15.72
3002,300.102,COMPLETE,12.74
3003,300.202,COMPLETE,9.76
3004,300.302,THROTTLED,9.73
3005,300.402,THROTTLED,9.7
3006,300.502,THROTTLED,9.67
3007,300.602,THROTTLED,9.64
3008,300.702,THROTTLED,9.61
3009,300.802,THROTTLED,9.58
3010,300.902,THROTTLED,9.55
3011,301.002,COMPLETE,16.57
3012,301.102,COMPLETE,13.59
3013,301.202,COMPLETE,10.61
3014,301.302,COMPLETE,7.63
3015,301.402,THROTTLED,7.6
3016,301.502,THROTTLED,7.57
3017,301.602,THROTTLED,7.54
3018,301.702,THROTTLED,7.51
3019,301.802,THROTTLED,7.48
3020,301.902,THROTTLED,7.45
3021,302.002,COMPLETE,14.47
3022,302.102,COMPLETE,11.49
3023,302.202,COMPLETE,8.51
3024,302.302,THROTTLED,8.48
3025,302.402,THROTTLED,8.45
3026,302.502,THROTTLED,8.42
3027,302.602,THROTTLED,8.39
3028,302.702,THROTTLED,8.36
3029,302.802,THROTTLED,8.33
3030,302.902,THROTTLED,8.3
3031,303.002,COMPLETE,15.32
3032,303.102,COMPLETE,12.34
3033,303.202,COMPLETE,9.36
3034,303.302,THROTTLED,9.33
3035,303.402,THROTTLED,9.3
3036,303.502,THROTTLED,9.27
3037,303.602,THROTTLED,9.24
3038,303.702,THROTTLED,9.21
3039,303.802,THROTTLED,9.18
3040,303.902,THROTTLED,9.15
3041,304.002,COMPLETE,16.17
3042,304.102,COMPLETE,13.19
3043,304.202,COMPLETE,10.21
3044,304.302,COMPLETE,7.23
3045,304.402,THROTTLED,7.2
3046,304.502,THROTTLED,7.17
3047,304.602,THROTTLED,7.14
3048,304.702,THROTTLED,7.11
3049,304.802,THROTTLED,7.08
3050,304.902,THROTTLED,7.05
3051,305.002,COMPLETE,14.07
3052,305.102,COMPLETE,11.09
3053,305.202,COMPLETE,8.11
3054,305.302,THROTTLED,8.08
3055,305.402,THROTTLED,8.05
3056,305.502,THROTTLED,8.02
3057,305.602,THROTTLED,7.99
3058,305.702,THROTTLED,7.96
3059,305.802,THROTTLED,7.93
3060,305.902,THROTTLED,7.9
3061,306.002,COMPLETE,14.92
3062,306.102,COMPLETE,11.94
3063,306.202,COMPLETE,8.96
3064,306.302,THROTTLED,8.93
3065,306.402,THROTTLED,8.9
3066,306.502,THROTTLED,8.87
3067,306.602,THROTTLED,8.84
3068,306.702,THROTTLED,8.81
3069,306.802,THROTTLED,8.78
3070,306.902,THROTTLED,8.75
3071,307.002,COMPLETE,15.77
3072,307.102,COMPLETE,12.79
3073,307.202,COMPLETE,9.81
3074,307.302,THROTTLED,9.78
3075,307.402,THROTTLED,9.75
3076,307.502,THROTTLED,9.72
3077,307.602,THROTTLED,9.69
3078,307.702,THROTTLED,9.66
3079,307.802,THROTTLED,9.63
3080,307.902,THROTTLED,9.6
3081,308.002,COMPLETE,16.62
3082,308.102,COMPLETE,13.64
3083,308.202,COMPLETE,10.66
3084,308.302,COMPLETE,7.68
3085,308.402,THROTTLED,7.65
3086,308.502,THROTTLED,7.62
3087,308.602,THROTTLED,7.59
3088,308.702,THROTTLED,7.56
3089,308.802,THROTTLED,7.53
3090,308.902,THROTTLED,7.5
3091,309.002,COMPLETE,14.52
3092,309.102,COMPLETE,11.54
3093,309.202,COMPLETE,8.56
3094,309.302,THROTTLED,8.53
3095,309.402,THROTTLED,8.5
3096,309.502,THROTTLED,8.47
3097,309.602,THROTTLED,8.44
3098,309.702,THROTTLED,8.41
3099,309.802,THROTTLED,8.38
3100,309.902,THROTTLED,8.35
3101,310.002,COMPLETE,15.37
3102,310.102,COMPLETE,12.39
3103,310.202,COMPLETE,9.41
3104,310.302,THROTTLED,9.38
3105,310.402,THROTTLED,9.35
3106,310.502,THROTTLED,9.32
3107,310.602,THROTTLED,9.29
3108,310.702,THROTTLED,9.26
3109,310.802,THROTTLED,9.23
3110,310.902,THROTTLED,9.2
3111,311.002,COMPLETE,16.22
3112,311.102,COMPLETE,13.24
3113,311.202,COMPLETE,10.26
3114,311.302,COMPLETE,7.28
3115,311.402,THROTTLED,7.25
3116,311.502,THROTTLED,7.22
3117,311.602,THROTTLED,7.19
3118,311.702,THROTTLED,7.16
3119,311.802,THROTTLED,7.13
3120,311.902,THROTTLED,7.1
3121,312.002,COMPLETE,14.12
3122,312.102,COMPLETE,11.14
3123,312.202,COMPLETE,8.16
3124,312.302,THROTTLED,8.13
3125,312.402,THROTTLED,8.1
3126,312.502,THROTTLED,8.07
3127,312.602,THROTTLED,8.04
3128,312.702,THROTTLED,8.01
3129,312.802,THROTTLED,7.98
3130,312.902,THROTTLED,7.95
3131,313.002,COMPLETE,14.97
3132,313.102,COMPLETE,11.99
3133,313.202,COMPLETE,9.01
3134,313.302,THROTTLED,8.98
3135,313.402,THROTTLED,8.95
3136,313.502,THROTTLED,8.92
3137,313.602,THROTTLED,8.89
3138,313.702,THROTTLED,8.86
3139,313.802,THROTTLED,8.83
3140,313.902,THROTTLED,8.8
3141,314.002,COMPLETE,15.82
3142,314.102,COMPLETE,12.84
3143,314.202,COMPLETE,9.86
3144,314.302,THROTTLED,9.83
3145,314.402,THROTTLED,9.8
3146,314.502,THROTTLED,9.77
3147,314.602,THROTTLED,9.74
3148,314.702,THROTTLED,9.71
3149,314.802,THROTTLED,9.68
3150,314.902,THROTTLED,9.65
3151,315.002,COMPLETE,16.67
3152,315.102,COMPLETE,13.69
3153,315.202,COMPLETE,10.71
3154,315.302,COMPLETE,7.73
3155,315.402,THROTTLED,7.7
3156,315.502,THROTTLED,7.67
3157,315.602,THROTTLED,7.64
3158,315.702,THROTTLED,7.61
3159,315.802,THROTTLED,7.58
3160,315.902,THROTTLED,7.55
3161,316.002,COMPLETE,14.57
3162,316.102,COMPLETE,11.59
3163,316.202,COMPLETE,8.61
3164,316.302,THROTTLED,8.58
3165,316.402,THROTTLED,8.55
3166,316.502,THROTTLED,8.52
3167,316.602,THROTTLED,8.49
3168,316.702,THROTTLED,8.46
3169,316.802,THROTTLED,8.43
3170,316.902,THROTTLED,8.4
3171,317.002,COMPLETE,15.42
3172,317.102,COMPLETE,12.44
3173,317.202,COMPLETE,9.46
3174,317.302,THROTTLED,9.43
3175,317.402,THROTTLED,9.4
3176,317.502,THROTTLED,9.37
3177,317.602,THROTTLED,9.34
3178,317.702,THROTTLED,9.31
3179,317.802,THROTTLED,9.28
3180,317.902,THROTTLED,9.25
3181,318.002,COMPLETE,16.27
3182,318.102,COMPLETE,13.29
3183,318.202,COMPLETE,10.31
3184,318.302,COMPLETE,7.33
3185,318.402,THROTTLED,7.3
3186,318.502,THROTTLED,7.27
3187,318.602,THROTTLED,7.24
3188,318.702,THROTTLED,7.21
3189,318.802,THROTTLED,7.18
3190,318.902,THROTTLED,7.15
3191,319.002,COMPLETE,14.17
3192,319.102,COMPLETE,11.19
3193,319.202,COMPLETE,8.21
3194,319.302,THROTTLED,8.18
3195,319.402,THROTTLED,8.15
3196,319.502,THROTTLED,8.12
3197,319.602,THROTTLED,8.09
3198,319.702,THROTTLED,8.06
3199,319.802,THROTTLED,8.03
3200,319.902,THROTTLED,8
3201,320.002,COMPLETE,15.02
3202,320.102,COMPLETE,12.04
3203,320.202,COMPLETE,9.06
3204,320.302,THROTTLED,9.03
3205,320.402,THROTTLED,9
3206,320.502,THROTTLED,8.97
3207,320.602,THROTTLED,8.94
3208,320.702,THROTTLED,8.91
3209,320.802,THROTTLED,8.88
3210,320.902,THROTTLED,8.85
3211,321.002,COMPLETE,15.87
3212,321.102,COMPLETE,12.89
3213,321.202,COMPLETE,9.91
3214,321.302,THROTTLED,9.88
3215,321.402,THROTTLED,9.85
3216,321.502,THROTTLED,9.82
3217,321.602,THROTTLED,9.79
3218,321.702,THROTTLED,9.76
3219,321.802,THROTTLED,9.73
3220,321.902,THROTTLED,9.7
3221,322.002,COMPLETE,16.72
3222,322.102,COMPLETE,13.74
3223,322.202,COMPLETE,10.76
3224,322.302,COMPLETE,7.78
3225,322.402,THROTTLED,7.75
3226,322.502,THROTTLED,7.72
3227,322.602,THROTTLED,7.69
3228,322.702,THROTTLED,7.66
3229,322.802,THROTTLED,7.63
3230,322.902,THROTTLED,7.6
3231,323.002,COMPLETE,14.62
3232,323.102,COMPLETE,11.64
3233,323.202,COMPLETE,8.66
3234,323.302,THROTTLED,8.63
3235,323.402,THROTTLED,8.6
3236,323.502,THROTTLED,8.57
3237,323.602,THROTTLED,8.54
3238,323.702,THROTTLED,8.51
3239,323.802,THROTTLED,8.48
3240,323.902,THROTTLED,8.45
3241,324.002,COMPLETE,15.47
3242,324.102,COMPLETE,12.49
3243,324.202,COMPLETE,9.51
3244,324.302,THROTTLED,9.48
3245,324.402,THROTTLED,9.45
3246,324.502,THROTTLED,9.42
3247,324.602,THROTTLED,9.39
3248,324.702,THROTTLED,9.36
3249,324.802,THROTTLED,9.33
3250,324.902,THROTTLED,9.3
3251,325.002,COMPLETE,16.32
3252,325.102,COMPLETE,13.34
3253,325.202,COMPLETE,10.36
3254,325.302,COMPLETE,7.38
3255,325.402,THROTTLED,7.35
3256,325.502,THROTTLED,7.32
3257,325.602,THROTTLED,7.29
3258,325.702,THROTTLED,7.26
3259,325.802,THROTTLED,7.23
3260,325.902,THROTTLED,7.2
3261,326.002,COMPLETE,14.22
3262,326.102,COMPLETE,11.24
3263,326.202,COMPLETE,8.26
3264,326.302,THROTTLED,8.23
3265,326.402,THROTTLED,8.2
3266,326.502,THROTTLED,8.17
3267,326.602,THROTTLED,8.14
3268,326.702,THROTTLED,8.11
3269,326.802,THROTTLED,8.08
3270,326.902,THROTTLED,8.05
3271,327.002,COMPLETE,15.07
3272,327.102,COMPLETE,12.09
3273,327.202,COMPLETE,9.11
3274,327.302,THROTTLED,9.08
3275,327.402,THROTTLED,9.05
3276,327.502,THROTTLED,9.02
3277,327.602,THROTTLED,8.99
3278,327.702,THROTTLED,8.96
3279,327.802,THROTTLED,8.93
3280,327.902,THROTTLED,8.9
3281,328.002,COMPLETE,15.92
3282,328.102,COMPLETE,12.94
3283,328.202,COMPLETE,9.96
3284,328.302,THROTTLED,9.93
3285,328.402,THROTTLED,9.9
3286,328.502,THROTTLED,9.87
3287,328.602,THROTTLED,9.84
3288,328.702,THROTTLED,9.81
3289,328.802,THROTTLED,9.78
3290,328.902,THROTTLED,9.75
3291,329.002,COMPLETE,16.77
3292,329.102,COMPLETE,13.79
3293,329.202,COMPLETE,10.81
3294,329.302,COMPLETE,7.83
3295,329.402,THROTTLED,7.8
3296,329.502,THROTTLED,7.77
3297,329.602,THROTTLED,7.74
3298,329.702,THROTTLED,7.71
3299,329.802,THROTTLED,7.68
3300,329.902,THROTTLED,7.65
3301,330.002,COMPLETE,14.67
3302,330.102,COMPLETE,11.69
3303,330.202,COMPLETE,8.71
3304,330.302,THROTTLED,8.68
3305,330.402,THROTTLED,8.65
3306,330.502,THROTTLED,8.62
3307,330.602,THROTTLED,8.59
3308,330.702,THROTTLED,8.56
3309,330.802,THROTTLED,8.53
3310,330.902,THROTTLED,8.5
3311,331.002,COMPLETE,15.52
3312,331.102,COMPLETE,12.54
3313,331.202,COMPLETE,9.56
3314,331.302,THROTTLED,9.53
3315,331.402,THROTTLED,9.5
3316,331.502,THROTTLED,9.47
3317,331.602,THROTTLED,9.44
3318,331.702,THROTTLED,9.41
3319,331.802,THROTTLED,9.38
3320,331.902,THROTTLED,9.35
3321,332.002,COMPLETE,16.37
3322,332.102,COMPLETE,13.39
3323,332.202,COMPLETE,10.41
3324,332.302,COMPLETE,7.43
3325,332.402,THROTTLED,7.4
3326,332.502,THROTTLED,7.37
3327,332.602,THROTTLED,7.34
3328,332.702,THROTTLED,7.31
3329,332.802,THROTTLED,7.28
3330,332.902,THROTTLED,7.25
3331,333.002,COMPLETE,14.27
3332,333.102,COMPLETE,11.29
3333,333.202,COMPLETE,8.31
3334,333.302,THROTTLED,8.28
3335,333.402,THROTTLED,8.25
3336,333.502,THROTTLED,8.22
3337,333.602,THROTTLED,8.19
3338,333.702,THROTTLED,8.16
3339,333.802,THROTTLED,8.13
3340,333.902,THROTTLED,8.1
3341,334.002,COMPLETE,15.12
3342,334.102,COMPLETE,12.14
3343,334.202,COMPLETE,9.16
3344,334.302,THROTTLED,9.13
3345,334.402,THROTTLED,9.1
3346,334.502,THROTTLED,9.07
3347,334.602,THROTTLED,9.04
3348,334.702,THROTTLED,9.01
3349,334.802,THROTTLED,8.98
3350,334.902,THROTTLED,8.95
3351,335.002,COMPLETE,15.97
3352,335.102,COMPLETE,12.99
3353,335.202,COMPLETE,10.01
3354,335.302,COMPLETE,7.03
3355,335.402,THROTTLED,7
3356,335.502,THROTTLED,6.97
3357,335.602,THROTTLED,6.94
3358,335.702,THROTTLED,6.91
3359,335.802,THROTTLED,6.88
3360,335.902,THROTTLED,6.85
3361,336.002,COMPLETE,13.87
3362,336.102,COMPLETE,10.89
3363,336.202,COMPLETE,7.91
3364,336.302,THROTTLED,7.88
3365,336.402,THROTTLED,7.85
3366,336.502,THROTTLED,7.82
3367,336.602,THROTTLED,7.79
3368,336.702,THROTTLED,7.76
3369,336.802,THROTTLED,7.73
3370,336.902,THROTTLED,7.7
3371,337.002,COMPLETE,14.72
3372,337.102,COMPLETE,11.74
3373,337.202,COMPLETE,8.76
3374,337.302,THROTTLED,8.73
3375,337.402,THROTTLED,8.7
3376,337.502,THROTTLED,8.67
3377,337.602,THROTTLED,8.64
3378,337.702,THROTTLED,8.61
3379,337.802,THROTTLED,8.58
3380,337.902,THROTTLED,8.55
3381,338.002,COMPLETE,15.57
3382,338.102,COMPLETE,12.59
3383,338.202,COMPLETE,9.61
3384,338.302,THROTTLED,9.58
3385,338.402,THROTTLED,9.55
3386,338.502,THROTTLED,9.52
3387,338.602,THROTTLED,9.49
3388,338.702,THROTTLED,9.46
3389,338.802,THROTTLED,9.43
3390,338.902,THROTTLED,9.4
3391,339.002,COMPLETE,16.42
3392,339.102,COMPLETE,13.44
3393,339.202,COMPLETE,10.46
3394,339.302,COMPLETE,7.48
3395,339.402,THROTTLED,7.45
3396,339.502,THROTTLED,7.42
3397,339.602,THROTTLED,7.39
3398,339.702,THROTTLED,7.36
3399,339.802,THROTTLED,7.33
3400,339.902,THROTTLED,7.3
3401,340.002,COMPLETE,14.32
3402,340.102,COMPLETE,11.34
3403,340.202,COMPLETE,8.36
3404,340.302,THROTTLED,8.33
3405,340.402,THROTTLED,8.3
3406,340.502,THROTTLED,8.27
3407,340.602,THROTTLED,8.24
3408,340.702,THROTTLED,8.21
3409,340.802,THROTTLED,8.18
3410,340.902,THROTTLED,8.15
3411,341.002,COMPLETE,15.17
3412,341.102,COMPLETE,12.19
3413,341.202,COMPLETE,9.21
3414,341.302,THROTTLED,9.18
3415,341.402,THROTTLED,9.15
3416,341.502,THROTTLED,9.12
3417,341.602,THROTTLED,9.09
3418,341.702,THROTTLED,9.06
3419,341.802,THROTTLED,9.03
3420,341.902,THROTTLED,9
3421,342.002,COMPLETE,16.02
3422,342.102,COMPLETE,13.04
3423,342.202,COMPLETE,10.06
3424,342.302,COMPLETE,7.08
3425,342.402,THROTTLED,7.05
3426,342.502,THROTTLED,7.02
3427,342.602,THROTTLED,6.99
3428,342.702,THROTTLED,6.96
3429,342.802,THROTTLED,6.93
3430,342.902,THROTTLED,6.9
3431,343.002,COMPLETE,13.92
3432,343.102,COMPLETE,10.94
3433,343.202,COMPLETE,7.96
3434,343.302,THROTTLED,7.93
3435,343.402,THROTTLED,7.9
3436,343.502,THROTTLED,7.87
3437,343.602,THROTTLED,7.84
3438,343.702,THROTTLED,7.81
3439,343.802,THROTTLED,7.78
3440,343.902,THROTTLED,7.75
3441,344.002,COMPLETE,14.77
3442,344.102,COMPLETE,11.79
3443,344.202,COMPLETE,8.81
3444,344.302,THROTTLED,8.78
3445,344.402,THROTTLED,8.75
3446,344.502,THROTTLED,8.72
3447,344.602,THROTTLED,8.69
3448,344.702,THROTTLED,8.66
3449,344.802,THROTTLED,8.63
3450,344.902,THROTTLED,8.6
3451,345.002,COMPLETE,15.62
3452,345.102,COMPLETE,12.64
3453,345.202,COMPLETE,9.66
3454,345.302,THROTTLED,9.63
3455,345.402,THROTTLED,9.6
3456,345.502,THROTTLED,9.57
3457,345.602,THROTTLED,9.54
3458,345.702,THROTTLED,9.51
3459,345.802,THROTTLED,9.48
3460,345.902,THROTTLED,9.45
3461,346.002,COMPLETE,16.47
3462,346.102,COMPLETE,13.49
3463,346.202,COMPLETE,10.51
3464,346.302,COMPLETE,7.53
3465,346.402,THROTTLED,7.5
3466,346.502,THROTTLED,7.47
3467,346.602,THROTTLED,7.44
3468,346.702,THROTTLED,7.41
3469,346.802,THROTTLED,7.38
3470,346.902,THROTTLED,7.35
3471,347.002,COMPLETE,14.37
3472,347.102,COMPLETE,11.39
3473,347.202,COMPLETE,8.41
3474,347.302,THROTTLED,8.38
3475,347.402,THROTTLED,8.35
3476,347.502,THROTTLED,8.32
3477,347.602,THROTTLED,8.29
3478,347.702,THROTTLED,8.26
3479,347.802,THROTTLED,8.23
3480,347.902,THROTTLED,8.2
3481,348.002,COMPLETE,15.22
3482,348.102,COMPLETE,12.24
3483,348.202,COMPLETE,9.26
3484,348.302,THROTTLED,9.23
3485,348.402,THROTTLED,9.2
3486,348.502,THROTTLED,9.17
3487,348.602,THROTTLED,9.14
3488,348.702,THROTTLED,9.11
3489,348.802,THROTTLED,9.08
3490,348.902,THROTTLED,9.05
3491,349.002,COMPLETE,16.07
3492,349.102,COMPLETE,13.09
3493,349.202,COMPLETE,10.11
3494,349.302,COMPLETE,7.13
3495,349.402,THROTTLED,7.1
3496,349.502,THROTTLED,7.07
3497,349.602,THROTTLED,7.04
3498,349.702,THROTTLED,7.01
3499,349.802,THROTTLED,6.98
3500,349.902,THROTTLED,6.95
3501,350.002,COMPLETE,13.97
3502,350.102,COMPLETE,10.99
3503,350.202,COMPLETE,8.01
3504,350.302,THROTTLED,7.98
3505,350.402,THROTTLED,7.95
3506,350.502,THROTTLED,7.92
3507,350.602,THROTTLED,7.89
3508,350.702,THROTTLED,7.86
3509,350.802,THROTTLED,7.83
3510,350.902,THROTTLED,7.8
3511,351.002,COMPLETE,14.82
3512,351.102,COMPLETE,11.84
3513,351.202,COMPLETE,8.86
3514,351.302,THROTTLED,8.83
3515,351.402,THROTTLED,8.8
3516,351.502,THROTTLED,8.77
3517,351.602,THROTTLED,8.74
3518,351.702,THROTTLED,8.71
3519,351.802,THROTTLED,8.68
3520,351.902,THROTTLED,8.65
3521,352.002,COMPLETE,15.67
3522,352.102,COMPLETE,12.69
3523,352.202,COMPLETE,9.71
3524,352.302,THROTTLED,9.68
3525,352.402,THROTTLED,9.65
3526,352.502,THROTTLED,9.62
3527,352.602,THROTTLED,9.59
3528,352.702,THROTTLED,9.56
3529,352.802,THROTTLED,9.53
3530,352.902,THROTTLED,9.5
3531,353.002,COMPLETE,16.52
3532,353.102,COMPLETE,13.54
3533,353.202,COMPLETE,10.56
3534,353.302,COMPLETE,7.58
3535,353.402,THROTTLED,7.55
3536,353.502,THROTTLED,7.52
3537,353.602,THROTTLED,7.49
3538,353.702,THROTTLED,7.46
3539,353.802,THROTTLED,7.43
3540,353.902,THROTTLED,7.4
3541,354.002,COMPLETE,14.42
3542,354.102,COMPLETE,11.44
3543,354.202,COMPLETE,8.46
3544,354.302,THROTTLED,8.43
3545,354.402,THROTTLED,8.4
3546,354.502,THROTTLED,8.37
3547,354.602,THROTTLED,8.34
3548,354.702,THROTTLED,8.31
3549,354.802,THROTTLED,8.28
3550,354.902,THROTTLED,8.25
3551,355.002,COMPLETE,15.27
3552,355.102,COMPLETE,12.29
3553,355.202,COMPLETE,9.31
3554,355.302,THROTTLED,9.28
3555,355.402,THROTTLED,9.25
3556,355.502,THROTTLED,9.22
3557,355.602,THROTTLED,9.19
3558,355.702,THROTTLED,9.16
3559,355.802,THROTTLED,9.13
3560,355.902,THROTTLED,9.1
3561,356.002,COMPLETE,16.12
3562,356.102,COMPLETE,13.14
3563,356.202,COMPLETE,10.16
3564,356.302,COMPLETE,7.18
3565,356.402,THROTTLED,7.15
3566,356.502,THROTTLED,7.12
3567,356.602,THROTTLED,7.09
3568,356.702,THROTTLED,7.06
3569,356.802,THROTTLED,7.03
3570,356.902,THROTTLED,7
3571,357.002,COMPLETE,14.02
3572,357.102,COMPLETE,11.04
3573,357.202,COMPLETE,8.06
3574,357.302,THROTTLED,8.03
3575,357.402,THROTTLED,8
3576,357.502,THROTTLED,7.97
3577,357.602,THROTTLED,7.94
3578,357.702,THROTTLED,7.91
3579,357.802,THROTTLED,7.88
3580,357.902,THROTTLED,7.85
3581,358.002,COMPLETE,14.87
3582,358.102,COMPLETE,11.89
3583,358.202,COMPLETE,8.91
3584,358.302,THROTTLED,8.88
3585,358.402,THROTTLED,8.85
3586,358.502,THROTTLED,8.82
3587,358.602,THROTTLED,8.79
3588,358.702,THROTTLED,8.76
3589,358.802,THROTTLED,8.73
3590,358.902,THROTTLED,8.7
3591,359.002,COMPLETE,15.72
3592,359.102,COMPLETE,12.74
3593,359.202,COMPLETE,9.76
3594,359.302,THROTTLED,9.73
3595,359.402,THROTTLED,9.7
3596,359.502,THROTTLED,9.67
3597,359.602,THROTTLED,9.64
3598,359.702,THROTTLED,9.61
3599,359.802,THROTTLED,9.58
3600,359.902,THROTTLED,9.55
3601,360.002,COMPLETE,16.57
3602,360.102,COMPLETE,13.59
3603,360.202,COMPLETE,10.61
3604,360.302,COMPLETE,7.63
3605,360.402,THROTTLED,7.6
3606,360.502,THROTTLED,7.57
3607,360.602,THROTTLED,7.54
3608,360.702,THROTTLED,7.51
3609,360.802,THROTTLED,7.48
3610,360.902,THROTTLED,7.45
3611,361.002,COMPLETE,14.47
3612,361.102,COMPLETE,11.49
3613,361.202,COMPLETE,8.51
3614,361.302,THROTTLED,8.48
3615,361.402,THROTTLED,8.45
3616,361.502,THROTTLED,8.42
3617,361.602,THROTTLED,8.39
3618,361.702,THROTTLED,8.36
3619,361.802,THROTTLED,8.33
3620,361.902,THROTTLED,8.3
3621,362.002,COMPLETE,15.32
3622,362.102,COMPLETE,12.34
3623,362.202,COMPLETE,9.36
3624,362.302,THROTTLED,9.33
3625,362.402,THROTTLED,9.3
3626,362.502,THROTTLED,9.27
3627,362.602,THROTTLED,9.24
3628,362.702,THROTTLED,9.21
3629,362.802,THROTTLED,9.18
3630,362.902,THROTTLED,9.15
3631,363.002,COMPLETE,16.17
3632,363.102,COMPLETE,13.19
3633,363.202,COMPLETE,10.21
3634,363.302,COMPLETE,7.23
3635,363.402,THROTTLED,7.2
3636,363.502,THROTTLED,7.17
3637,363.602,THROTTLED,7.14
3638,363.702,THROTTLED,7.11
3639,363.802,THROTTLED,7.08
3640,363.902,THROTTLED,7.05
3641,364.002,COMPLETE,14.07
3642,364.102,COMPLETE,11.09
3643,364.202,COMPLETE,8.11
3644,364.302,THROTTLED,8.08
3645,364.402,THROTTLED,8.05
3646,364.502,THROTTLED,8.02
3647,364.602,THROTTLED,7.99
3648,364.702,THROTTLED,7.96
3649,364.802,THROTTLED,7.93
3650,364.902,THROTTLED,7.9
3651,365.002,COMPLETE,14.92
3652,365.102,COMPLETE,11.94
3653,365.202,COMPLETE,8.96
3654,365.302,THROTTLED,8.93
3655,365.402,THROTTLED,8.9
3656,365.502,THROTTLED,8.87
3657,365.602,THROTTLED,8.84
3658,365.702,THROTTLED,8.81
3659,365.802,THROTTLED,8.78
3660,365.902,THROTTLED,8.75
3661,366.002,COMPLETE,15.77
3662,366.102,COMPLETE,12.79
3663,366.202,COMPLETE,9.81
3664,366.302,THROTTLED,9.78
3665,366.402,THROTTLED,9.75
3666,366.502,THROTTLED,9.72
3667,366.602,THROTTLED,9.69
3668,366.702,THROTTLED,9.66
3669,366.802,THROTTLED,9.63
3670,366.902,THROTTLED,9.6
3671,367.002,COMPLETE,16.62
3672,367.102,COMPLETE,13.64
3673,367.202,COMPLETE,10.66
3674,367.302,COMPLETE,7.68
3675,367.402,THROTTLED,7.65
3676,367.502,THROTTLED,7.62
3677,367.602,THROTTLED,7.59
3678,367.702,THROTTLED,7.56
3679,367.802,THROTTLED,7.53
3680,367.902,THROTTLED,7.5
3681,368.002,COMPLETE,14.52
3682,368.102,COMPLETE,11.54
3683,368.202,COMPLETE,8.56
3684,368.302,THROTTLED,8.53
3685,368.402,THROTTLED,8.5
3686,368.502,THROTTLED,8.47
3687,368.602,THROTTLED,8.44
3688,368.702,THROTTLED,8.41
3689,368.802,THROTTLED,8.38
3690,368.902,THROTTLED,8.35
3691,369.002,COMPLETE,15.37
3692,369.102,COMPLETE,12.39
3693,369.202,COMPLETE,9.41
3694,369.302,THROTTLED,9.38
3695,369.402,THROTTLED,9.35
3696,369.502,THROTTLED,9.32
3697,369.602,THROTTLED,9.29
3698,369.702,THROTTLED,9.26
3699,369.802,THROTTLED,9.23
3700,369.902,THROTTLED,9.2
3701,370.002,COMPLETE,16.22
3702,370.102,COMPLETE,13.24
3703,370.202,COMPLETE,10.26
3704,370.302,COMPLETE,7.28
3705,370.402,THROTTLED,7.25
3706,370.502,THROTTLED,7.22
3707,370.602,THROTTLED,7.19
3708,370.702,THROTTLED,7.16
3709,370.802,THROTTLED,7.13
3710,370.902,THROTTLED,7.1
3711,371.002,COMPLETE,14.12
3712,371.102,COMPLETE,11.14
3713,371.202,COMPLETE,8.16
3714,371.302,THROTTLED,8.13
3715,371.402,THROTTLED,8.1
3716,371.502,THROTTLED,8.07
3717,371.602,THROTTLED,8.04
3718,371.702,THROTTLED,8.01
3719,371.802,THROTTLED,7.98
3720,371.902,THROTTLED,7.95
3721,372.002,COMPLETE,14.97
3722,372.102,COMPLETE,11.99
3723,372.202,COMPLETE,9.01
3724,372.302,THROTTLED,8.98
3725,372.402,THROTTLED,8.95
3726,372.502,THROTTLED,8.92
3727,372.602,THROTTLED,8.89
3728,372.702,THROTTLED,8.86
3729,372.802,THROTTLED,8.83
3730,372.902,THROTTLED,8.8
3731,373.002,COMPLETE,15.82
3732,373.102,COMPLETE,12.84
3733,373.202,COMPLETE,9.86
3734,373.302,THROTTLED,9.83
3735,373.402,THROTTLED,9.8
3736,373.502,THROTTLED,9.77
3737,373.602,THROTTLED,9.74
3738,373.702,THROTTLED,9.71
3739,373.802,THROTTLED,9.68
3740,373.902,THROTTLED,9.65
3741,374.002,COMPLETE,16.67
3742,374.102,COMPLETE,13.69
3743,374.202,COMPLETE,10.71
3744,374.302,COMPLETE,7.73
3745,374.402,THROTTLED,7.7
3746,374.502,THROTTLED,7.67
3747,374.602,THROTTLED,7.64
3748,374.702,THROTTLED,7.61
3749,374.802,THROTTLED,7.58
3750,374.902,THROTTLED,7.55
3751,375.002,COMPLETE,14.57
3752,375.102,COMPLETE,11.59
3753,375.202,COMPLETE,8.61
3754,375.302,THROTTLED,8.58
3755,375.402,THROTTLED,8.55
3756,375.502,THROTTLED,8.52
3757,375.602,THROTTLED,8.49
3758,375.702,THROTTLED,8.46
3759,375.802,THROTTLED,8.43
3760,375.902,THROTTLED,8.4
3761,376.002,COMPLETE,15.42
3762,376.102,COMPLETE,12.44
3763,376.202,COMPLETE,9.46
3764,376.302,THROTTLED,9.43
3765,376.402,THROTTLED,9.4
3766,376.502,THROTTLED,9.37
3767,376.602,THROTTLED,9.34
3768,376.702,THROTTLED,9.31
3769,376.802,THROTTLED,9.28
3770,376.902,THROTTLED,9.25
3771,377.002,COMPLETE,16.27
3772,377.102,COMPLETE,13.29
3773,377.202,COMPLETE,10.31
3774,377.302,COMPLETE,7.33
3775,377.402,THROTTLED,7.3
3776,377.502,THROTTLED,7.27
3777,377.602,THROTTLED,7.24
3778,377.702,THROTTLED,7.21
3779,377.802,THROTTLED,7.18
3780,377.902,THROTTLED,7.15
3781,378.002,COMPLETE,14.17
3782,378.102,COMPLETE,11.19
3783,378.202,COMPLETE,8.21
3784,378.302,THROTTLED,8.18
3785,378.402,THROTTLED,8.15
3786,378.502,THROTTLED,8.12
3787,378.602,THROTTLED,8.09
3788,378.702,THROTTLED,8.06
3789,378.802,THROTTLED,8.03
3790,378.902,THROTTLED,8
3791,379.002,COMPLETE,15.02
3792,379.102,COMPLETE,12.04
3793,379.202,COMPLETE,9.06
3794,379.302,THROTTLED,9.03
3795,379.402,THROTTLED,9
3796,379.502,THROTTLED,8.97
3797,379.602,THROTTLED,8.94
3798,379.702,THROTTLED,8.91
3799,379.802,THROTTLED,8.88
3800,379.902,THROTTLED,8.85
3801,380.002,COMPLETE,15.87
3802,380.102,COMPLETE,12.89
3803,380.202,COMPLETE,9.91
3804,380.302,THROTTLED,9.88
3805,380.402,THROTTLED,9.85
3806,380.502,THROTTLED,9.82
3807,380.602,THROTTLED,9.79
3808,380.702,THROTTLED,9.76
3809,380.802,THROTTLED,9.73
3810,380.902,THROTTLED,9.7
3811,381.002,COMPLETE,16.72
3812,381.102,COMPLETE,13.74
3813,381.202,COMPLETE,10.76
3814,381.302,COMPLETE,7.78
3815,381.402,THROTTLED,7.75
3816,381.502,THROTTLED,7.72
3817,381.602,THROTTLED,7.69
3818,381.702,THROTTLED,7.66
3819,381.802,THROTTLED,7.63
3820,381.902,THROTTLED,7.6
3821,382.002,COMPLETE,14.62
3822,382.102,COMPLETE,11.64
3823,382.202,COMPLETE,8.66
3824,382.302,THROTTLED,8.63
3825,382.402,THROTTLED,8.6
3826,382.502,THROTTLED,8.57
3827,382.602,THROTTLED,8.54
3828,382.702,THROTTLED,8.51
3829,382.802,THROTTLED,8.48
3830,382.902,THROTTLED,8.45
3831,383.002,COMPLETE,15.47
3832,383.102,COMPLETE,12.49
3833,383.202,COMPLETE,9.51
3834,383.302,THROTTLED,9.48
3835,383.402,THROTTLED,9.45
3836,383.502,THROTTLED,9.42
3837,383.602,THROTTLED,9.39
3838,383.702,THROTTLED,9.36
3839,383.802,THROTTLED,9.33
3840,383.902,THROTTLED,9.3
3841,384.002,COMPLETE,16.32
3842,384.102,COMPLETE,13.34
3843,384.202,COMPLETE,10.36
3844,384.302,COMPLETE,7.38
3845,384.402,THROTTLED,7.35
3846,384.502,THROTTLED,7.32
3847,384.602,THROTTLED,7.29
3848,384.702,THROTTLED,7.26
3849,384.802,THROTTLED,7.23
3850,384.902,THROTTLED,7.2
3851,385.002,COMPLETE,14.22
3852,385.102,COMPLETE,11.24
3853,385.202,COMPLETE,8.26
3854,385.302,THROTTLED,8.23
3855,385.402,THROTTLED,8.2
3856,385.502,THROTTLED,8.17
3857,385.602,THROTTLED,8.14
3858,385.702,THROTTLED,8.11
3859,385.802,THROTTLED,8.08
3860,385.902,THROTTLED,8.05
3861,386.002,COMPLETE,15.07
3862,386.102,COMPLETE,12.09
3863,386.202,COMPLETE,9.11
3864,386.302,THROTTLED,9.08
3865,386.402,THROTTLED,9.05
3866,386.502,THROTTLED,9.02
3867,386.602,THROTTLED,8.99
3868,386.702,THROTTLED,8.96
3869,386.802,THROTTLED,8.93
3870,386.902,THROTTLED,8.9
3871,387.002,COMPLETE,15.92
3872,387.102,COMPLETE,12.94
3873,387.202,COMPLETE,9.96
3874,387.302,THROTTLED,9.93
3875,387.402,THROTTLED,9.9
3876,387.502,THROTTLED,9.87
3877,387.602,THROTTLED,9.84
3878,387.702,THROTTLED,9.81
3879,387.802,THROTTLED,9.78
3880,387.902,THROTTLED,9.75
3881,388.002,COMPLETE,16.77
3882,388.102,COMPLETE,13.79
3883,388.202,COMPLETE,10.81
3884,388.302,COMPLETE,7.83
3885,388.402,THROTTLED,7.8
3886,388.502,THROTTLED,7.77
3887,388.602,THROTTLED,7.74
3888,388.702,THROTTLED,7.71
3889,388.802,THROTTLED,7.68
3890,388.902,THROTTLED,7.65
3891,389.002,COMPLETE,14.67
3892,389.102,COMPLETE,11.69
3893,389.202,COMPLETE,8.71
3894,389.302,THROTTLED,8.68
3895,389.402,THROTTLED,8.65
3896,389.502,THROTTLED,8.62
3897,389.602,THROTTLED,8.59
3898,389.702,THROTTLED,8.56
3899,389.802,THROTTLED,8.53
3900,389.902,THROTTLED,8.5
3901,390.002,COMPLETE,15.52
3902,390.102,COMPLETE,12.54
3903,390.202,COMPLETE,9.56
3904,390.302,THROTTLED,9.53
3905,390.402,THROTTLED,9.5
3906,390.502,THROTTLED,9.47
3907,390.602,THROTTLED,9.44
3908,390.702,THROTTLED,9.41
3909,390.802,THROTTLED,9.38
3910,390.902,THROTTLED,9.35
3911,391.002,COMPLETE,16.37
3912,391.102,COMPLETE,13.39
3913,391.202,COMPLETE,10.41
3914,391.302,COMPLETE,7.43
3915,391.402,THROTTLED,7.4
3916,391.502,THROTTLED,7.37
3917,391.602,THROTTLED,7.34
3918,391.702,THROTTLED,7.31
3919,391.802,THROTTLED,7.28
3920,391.902,THROTTLED,7.25
3921,392.002,COMPLETE,14.27
3922,392.102,COMPLETE,11.29
3923,392.202,COMPLETE,8.31
3924,392.302,THROTTLED,8.28
3925,392.402,THROTTLED,8.25
3926,392.502,THROTTLED,8.22
3927,392.602,THROTTLED,8.19
3928,392.702,THROTTLED,8.16
3929,392.802,THROTTLED,8.13
3930,392.902,THROTTLED,8.1
3931,393.002,COMPLETE,15.12
3932,393.102,COMPLETE,12.14
3933,393.202,COMPLETE,9.16
3934,393.302,THROTTLED,9.13
3935,393.402,THROTTLED,9.1
3936,393.502,THROTTLED,9.07
3937,393.602,THROTTLED,9.04
3938,393.702,THROTTLED,9.01
3939,393.802,THROTTLED,8.98
3940,393.902,THROTTLED,8.95
3941,394.002,COMPLETE,15.97
3942,394.102,COMPLETE,12.99
3943,394.202,COMPLETE,10.01
3944,394.302,COMPLETE,7.03
3945,394.402,THROTTLED,7
3946,394.502,THROTTLED,6.97
3947,394.602,THROTTLED,6.94
3948,394.702,THROTTLED,6.91
3949,394.802,THROTTLED,6.88
3950,394.902,THROTTLED,6.85
3951,395.002,COMPLETE,13.87
3952,395.102,COMPLETE,10.89
3953,395.202,COMPLETE,7.91
3954,395.302,THROTTLED,7.88
3955,395.402,THROTTLED,7.85
3956,395.502,THROTTLED,7.82
3957,395.602,THROTTLED,7.79
3958,395.702,THROTTLED,7.76
3959,395.802,THROTTLED,7.73
3960,395.902,THROTTLED,7.7
3961,396.002,COMPLETE,14.72
3962,396.102,COMPLETE,11.74
3963,396.202,COMPLETE,8.76
3964,396.302,THROTTLED,8.73
3965,396.402,THROTTLED,8.7
3966,396.502,THROTTLED,8.67
3967,396.602,THROTTLED,8.64
3968,396.702,THROTTLED,8.61
3969,396.802,THROTTLED,8.58
3970,396.902,THROTTLED,8.55
3971,397.002,COMPLETE,15.57
3972,397.102,COMPLETE,12.59
3973,397.202,COMPLETE,9.61
3974,397.302,THROTTLED,9.58
3975,397.402,THROTTLED,9.55
3976,397.502,THROTTLED,9.52
3977,397.602,THROTTLED,9.49
3978,397.702,THROTTLED,9.46
3979,397.802,THROTTLED,9.43
3980,397.902,THROTTLED,9.4
3981,398.002,COMPLETE,16.42
3982,398.102,COMPLETE,13.44
3983,398.202,COMPLETE,10.46
3984,398.302,COMPLETE,7.48
3985,398.402,THROTTLED,7.45
3986,398.502,THROTTLED,7.42
3987,398.602,THROTTLED,7.39
3988,398.702,THROTTLED,7.36
3989,398.802,THROTTLED,7.33
3990,398.902,THROTTLED,7.3
3991,399.002,COMPLETE,14.32
3992,399.102,COMPLETE,11.34
3993,399.202,COMPLETE,8.36
3994,399.302,THROTTLED,8.33
3995,399.402,THROTTLED,8.3
3996,399.502,THROTTLED,8.27
3997,399.602,THROTTLED,8.24
3998,399.702,THROTTLED,8.21
3999,399.802,THROTTLED,8.18
4000,399.902,THROTTLED,8.15
4001,400.002,COMPLETE,15.17
4002,400.102,COMPLETE,12.19
4003,400.202,COMPLETE,9.21
4004,400.302,THROTTLED,9.18
4005,400.402,THROTTLED,9.15
4006,400.502,THROTTLED,9.12
4007,400.602,THROTTLED,9.09
4008,400.702,THROTTLED,9.06
4009,400.802,THROTTLED,9.03
4010,400.902,THROTTLED,9
4011,401.002,COMPLETE,16.02
4012,401.102,COMPLETE,13.04
4013,401.202,COMPLETE,10.06
4014,401.302,COMPLETE,7.08
4015,401.402,THROTTLED,7.05
4016,401.502,THROTTLED,7.02
4017,401.602,THROTTLED,6.99
4018,401.702,THROTTLED,6.96
4019,401.802,THROTTLED,6.93
4020,401.902,THROTTLED,6.9
4021,402.002,COMPLETE,13.92
4022,402.102,COMPLETE,10.94
4023,402.202,COMPLETE,7.96
4024,402.302,THROTTLED,7.93
4025,402.402,THROTTLED,7.9
4026,402.502,THROTTLED,7.87
4027,402.602,THROTTLED,7.84
4028,402.702,THROTTLED,7.81
4029,402.802,THROTTLED,7.78
4030,402.902,THROTTLED,7.75
4031,403.002,COMPLETE,14.77
4032,403.102,COMPLETE,11.79
4033,403.202,COMPLETE,8.81
4034,403.302,THROTTLED,8.78
4035,403.402,THROTTLED,8.75
4036,403.502,THROTTLED,8.72
4037,403.602,THROTTLED,8.69
4038,403.702,THROTTLED,8.66
4039,403.802,THROTTLED,8.63
4040,403.902,THROTTLED,8.6
4041,404.002,COMPLETE,15.62
4042,404.102,COMPLETE,12.64
4043,404.202,COMPLETE,9.66
4044,404.302,THROTTLED,9.63
4045,404.402,THROTTLED,9.6
4046,404.502,THROTTLED,9.57
4047,404.602,THROTTLED,9.54
4048,404.702,THROTTLED,9.51
4049,404.802,THROTTLED,9.48
4050,404.902,THROTTLED,9.45
4051,405.002,COMPLETE,16.47
4052,405.102,COMPLETE,13.49
4053,405.202,COMPLETE,10.51
4054,405.302,COMPLETE,7.53
4055,405.402,THROTTLED,7.5
4056,405.502,THROTTLED,7.47
4057,405.602,THROTTLED,7.44
4058,405.702,THROTTLED,7.41
4059,405.802,THROTTLED,7.38
4060,405.902,THROTTLED,7.35
4061,406.002,COMPLETE,14.37
4062,406.102,COMPLETE,11.39
4063,406.202,COMPLETE,8.41
4064,406.302,THROTTLED,8.38
4065,406.402,THROTTLED,8.35
4066,406.502,THROTTLED,8.32
4067,406.602,THROTTLED,8.29
4068,406.702,THROTTLED,8.26
4069,406.802,THROTTLED,8.23
4070,406.902,THROTTLED,8.2
4071,407.002,COMPLETE,15.22
4072,407.102,COMPLETE,12.24
4073,407.202,COMPLETE,9.26
4074,407.302,THROTTLED,9.23
4075,407.402,THROTTLED,9.2
4076,407.502,THROTTLED,9.17
4077,407.602,THROTTLED,9.14
4078,407.702,THROTTLED,9.11
4079,407.802,THROTTLED,9.08
4080,407.902,THROTTLED,9.05
4081,408.002,COMPLETE,16.07
4082,408.102,COMPLETE,13.09
4083,408.202,COMPLETE,10.11
4084,408.302,COMPLETE,7.13
4085,408.402,THROTTLED,7.1
4086,408.502,THROTTLED,7.07
4087,408.602,THROTTLED,7.04
4088,408.702,THROTTLED,7.01
4089,408.802,THROTTLED,6.98
4090,408.902,THROTTLED,6.95
4091,409.002,COMPLETE,13.97
4092,409.102,COMPLETE,10.99
4093,409.202,COMPLETE,8.01
4094,409.302,THROTTLED,7.98
4095,409.402,THROTTLED,7.95
4096,409.502,THROTTLED,7.92
4097,409.602,THROTTLED,7.89
4098,409.702,THROTTLED,7.86
4099,409.802,THROTTLED,7.83
4100,409.902,THROTTLED,7.8
4101,410.002,COMPLETE,14.82
4102,410.102,COMPLETE,11.84
4103,410.202,COMPLETE,8.86
4104,410.302,THROTTLED,8.83
4105,410.402,THROTTLED,8.8
4106,410.502,THROTTLED,8.77
4107,410.602,THROTTLED,8.74
4108,410.702,THROTTLED,8.71
4109,410.802,THROTTLED,8.68
4110,410.902,THROTTLED,8.65
4111,411.002,COMPLETE,15.67
4112,411.102,COMPLETE,12.69
4113,411.202,COMPLETE,9.71
4114,411.302,THROTTLED,9.68
4115,411.402,THROTTLED,9.65
4116,411.502,THROTTLED,9.62
4117,411.602,THROTTLED,9.59
4118,411.702,THROTTLED,9.56
4119,411.802,THROTTLED,9.53
4120,411.902,THROTTLED,9.5
4121,412.002,COMPLETE,16.52
4122,412.102,COMPLETE,13.54
4123,412.202,COMPLETE,10.56
4124,412.302,COMPLETE,7.58
4125,412.402,THROTTLED,7.55
4126,412.502,THROTTLED,7.52
4127,412.602,THROTTLED,7.49
4128,412.702,THROTTLED,7.46
4129,412.802,THROTTLED,7.43
4130,412.902,THROTTLED,7.4
4131,413.002,COMPLETE,14.42
4132,413.102,COMPLETE,11.44
4133,413.202,COMPLETE,8.46
4134,413.302,THROTTLED,8.43
4135,413.402,THROTTLED,8.4
4136,413.502,THROTTLED,8.37
4137,413.602,THROTTLED,8.34
4138,413.702,THROTTLED,8.31
4139,413.802,THROTTLED,8.28
4140,413.902,THROTTLED,8.25
4141,414.002,COMPLETE,15.27
4142,414.102,COMPLETE,12.29
4143,414.202,COMPLETE,9.31
4144,414.302,THROTTLED,9.28
4145,414.402,THROTTLED,9.25
4146,414.502,THROTTLED,9.22
4147,414.602,THROTTLED,9.19
4148,414.702,THROTTLED,9.16
4149,414.802,THROTTLED,9.13
4150,414.902,THROTTLED,9.1
4151,415.002,COMPLETE,16.12
4152,415.102,COMPLETE,13.14
4153,415.202,COMPLETE,10.16
4154,415.302,COMPLETE,7.18
4155,415.402,THROTTLED,7.15
4156,415.502,THROTTLED,7.12
4157,415.602,THROTTLED,7.09
4158,415.702,THROTTLED,7.06
4159,415.802,THROTTLED,7.03
4160,415.902,THROTTLED,7
4161,416.002,COMPLETE,14.02
4162,416.102,COMPLETE,11.04
4163,416.202,COMPLETE,8.06
4164,416.302,THROTTLED,8.03
4165,416.402,THROTTLED,8
4166,416.502,THROTTLED,7.97
4167,416.602,THROTTLED,7.94
4168,416.702,THROTTLED,7.91
4169,416.802,THROTTLED,7.88
4170,416.902,THROTTLED,7.85
4171,417.002,COMPLETE,14.87
4172,417.102,COMPLETE,11.89
4173,417.202,COMPLETE,8.91
4174,417.302,THROTTLED,8.88
4175,417.402,THROTTLED,8.85
4176,417.502,THROTTLED,8.82
4177,417.602,THROTTLED,8.79
4178,417.702,THROTTLED,8.76
4179,417.802,THROTTLED,8.73
4180,417.902,THROTTLED,8.7
4181,418.002,COMPLETE,15.72
4182,418.102,COMPLETE,12.74
4183,418.202,COMPLETE,9.76
4184,418.302,THROTTLED,9.73
4185,418.402,THROTTLED,9.7
4186,418.502,THROTTLED,9.67
4187,418.602,THROTTLED,9.64
4188,418.702,THROTTLED,9.61
4189,418.802,THROTTLED,9.58
4190,418.902,THROTTLED,9.55
4191,419.002,COMPLETE,16.57
4192,419.102,COMPLETE,13.59
4193,419.202,COMPLETE,10.61
4194,419.302,COMPLETE,7.63
4195,419.402,THROTTLED,7.6
4196,419.502,THROTTLED,7.57
4197,419.602,THROTTLED,7.54
4198,419.702,THROTTLED,7.51
4199,419.802,THROTTLED,7.48
4200,419.902,THROTTLED,7.45
4201,420.002,COMPLETE,14.47
4202,420.102,COMPLETE,11.49
4203,420.202,COMPLETE,8.51
4204,420.302,THROTTLED,8.48
4205,420.402,THROTTLED,8.45
4206,420.502,THROTTLED,8.42
4207,420.602,THROTTLED,8.39
4208,420.702,THROTTLED,8.36
4209,420.802,THROTTLED,8.33
4210,420.902,THROTTLED,8.3
4211,421.002,COMPLETE,15.32
4212,421.102,COMPLETE,12.34
4213,421.202,COMPLETE,9.36
4214,421.302,THROTTLED,9.33
4215,421.402,THROTTLED,9.3
4216,421.502,THROTTLED,9.27
4217,421.602,THROTTLED,9.24
4218,421.702,THROTTLED,9.21
4219,421.802,THROTTLED,9.18
4220,421.902,THROTTLED,9.15
4221,422.002,COMPLETE,16.17
4222,422.102,COMPLETE,13.19
4223,422.202,COMPLETE,10.21
4224,422.302,COMPLETE,7.23
4225,422.402,THROTTLED,7.2
4226,422.502,THROTTLED,7.17
4227,422.602,THROTTLED,7.14
4228,422.702,THROTTLED,7.11
4229,422.802,THROTTLED,7.08
4230,422.902,THROTTLED,7.05
4231,423.002,COMPLETE,14.07
4232,423.102,COMPLETE,11.09
4233,423.202,COMPLETE,8.11
4234,423.302,THROTTLED,8.08
4235,423.402,THROTTLED,8.05
4236,423.502,THROTTLED,8.02
4237,423.602,THROTTLED,7.99
4238,423.702,THROTTLED,7.96
4239,423.802,THROTTLED,7.93
4240,423.902,THROTTLED,7.9
4241,424.002,COMPLETE,14.92
4242,424.102,COMPLETE,11.94
4243,424.202,COMPLETE,8.96
4244,424.302,THROTTLED,8.93
4245,424.402,THROTTLED,8.9
4246,424.502,THROTTLED,8.87
4247,424.602,THROTTLED,8.84
4248,424.702,THROTTLED,8.81
4249,424.802,THROTTLED,8.78
4250,424.902,THROTTLED,8.75
4251,425.002,COMPLETE,15.77
4252,425.102,COMPLETE,12.79
4253,425.202,COMPLETE,9.81
4254,425.302,THROTTLED,9.78
4255,425.402,THROTTLED,9.75
4256,425.502,THROTTLED,9.72
4257,425.602,THROTTLED,9.69
4258,425.702,THROTTLED,9.66
4259,425.802,THROTTLED,9.63
4260,425.902,THROTTLED,9.6
4261,426.002,COMPLETE,16.62
4262,426.102,COMPLETE,13.64
4263,426.202,COMPLETE,10.66
4264,426.302,COMPLETE,7.68
4265,426.402,THROTTLED,7.65
4266,426.502,THROTTLED,7.62
4267,426.602,THROTTLED,7.59
4268,426.702,THROTTLED,7.56
4269,426.802,THROTTLED,7.53
4270,426.902,THROTTLED,7.5
4271,427.002,COMPLETE,14.52
4272,427.102,COMPLETE,11.54
4273,427.202,COMPLETE,8.56
4274,427.302,THROTTLED,8.53
4275,427.402,THROTTLED,8.5
4276,427.502,THROTTLED,8.47
4277,427.602,THROTTLED,8.44
4278,427.702,THROTTLED,8.41
4279,427.802,THROTTLED,8.38
4280,427.902,THROTTLED,8.35
4281,428.002,COMPLETE,15.37
4282,428.102,COMPLETE,12.39
4283,428.202,COMPLETE,9.41
4284,428.302,THROTTLED,9.38
4285,428.402,THROTTLED,9.35
4286,428.502,THROTTLED,9.32
4287,428.602,THROTTLED,9.29
4288,428.702,THROTTLED,9.26
4289,428.802,THROTTLED,9.23
4290,428.902,THROTTLED,9.2
4291,429.002,COMPLETE,16.22
4292,429.102,COMPLETE,13.24
4293,429.202,COMPLETE,10.26
4294,429.302,COMPLETE,7.28
4295,429.402,THROTTLED,7.25
4296,429.502,THROTTLED,7.22
4297,429.602,THROTTLED,7.19
4298,429.702,THROTTLED,7.16
4299,429.802,THROTTLED,7.13
4300,429.902,THROTTLED,7.1
4301,430.002,COMPLETE,14.12
4302,430.102,COMPLETE,11.14
4303,430.202,COMPLETE,8.16
4304,430.302,THROTTLED,8.13
4305,430.402,THROTTLED,8.1
4306,430.502,THROTTLED,8.07
4307,430.602,THROTTLED,8.04
4308,430.702,THROTTLED,8.01
4309,430.802,THROTTLED,7.98
4310,430.902,THROTTLED,7.95
4311,431.002,COMPLETE,14.97
4312,431.102,COMPLETE,11.99
4313,431.202,COMPLETE,9.01
4314,431.302,THROTTLED,8.98
4315,431.402,THROTTLED,8.95
4316,431.502,THROTTLED,8.92
4317,431.602,THROTTLED,8.89
4318,431.702,THROTTLED,8.86
4319,431.802,THROTTLED,8.83
4320,431.902,THROTTLED,8.8
4321,432.002,COMPLETE,15.82
4322,432.102,COMPLETE,12.84
4323,432.202,COMPLETE,9.86
4324,432.302,THROTTLED,9.83
4325,432.402,THROTTLED,9.8
4326,432.502,THROTTLED,9.77
4327,432.602,THROTTLED,9.74
4328,432.702,THROTTLED,9.71
4329,432.802,THROTTLED,9.68
4330,432.902,THROTTLED,9.65
4331,433.002,COMPLETE,16.67
4332,433.102,COMPLETE,13.69
4333,433.202,COMPLETE,10.71
4334,433.302,COMPLETE,7.73
4335,433.402,THROTTLED,7.7
4336,433.502,THROTTLED,7.67
4337,433.602,THROTTLED,7.64
4338,433.702,THROTTLED,7.61
4339,433.802,THROTTLED,7.58
4340,433.902,THROTTLED,7.55
4341,434.002,COMPLETE,14.57
4342,434.102,COMPLETE,11.59
4343,434.202,COMPLETE,8.61
4344,434.302,THROTTLED,8.58
4345,434.402,THROTTLED,8.55
4346,434.502,THROTTLED,8.52
4347,434.602,THROTTLED,8.49
4348,434.702,THROTTLED,8.46
4349,434.802,THROTTLED,8.43
4350,434.902,THROTTLED,8.4
4351,435.002,COMPLETE,15.42
4352,435.102,COMPLETE,12.44
4353,435.202,COMPLETE,9.46
4354,435.302,THROTTLED,9.43
4355,435.402,THROTTLED,9.4
4356,435.502,THROTTLED,9.37
4357,435.602,THROTTLED,9.34
4358,435.702,THROTTLED,9.31
4359,435.802,THROTTLED,9.28
4360,435.902,THROTTLED,9.25
4361,436.002,COMPLETE,16.27
4362,436.102,COMPLETE,13.29
4363,436.202,COMPLETE,10.31
4364,436.302,COMPLETE,7.33
4365,436.402,THROTTLED,7.3
4366,436.502,THROTTLED,7.27
4367,436.602,THROTTLED,7.24
4368,436.702,THROTTLED,7.21
4369,436.802,THROTTLED,7.18
4370,436.902,THROTTLED,7.15
4371,437.002,COMPLETE,14.17
4372,437.102,COMPLETE,11.19
4373,437.202,COMPLETE,8.21
4374,437.302,THROTTLED,8.18
4375,437.402,THROTTLED,8.15
4376,437.502,THROTTLED,8.12
4377,437.602,THROTTLED,8.09
4378,437.702,THROTTLED,8.06
4379,437.802,THROTTLED,8.03
4380,437.902,THROTTLED,8
4381,438.002,COMPLETE,15.02
4382,438.102,COMPLETE,12.04
4383,438.202,COMPLETE,9.06
4384,438.302,THROTTLED,9.03
4385,438.402,THROTTLED,9
4386,438.502,THROTTLED,8.97
4387,438.602,THROTTLED,8.94
4388,438.702,THROTTLED,8.91
4389,438.802,THROTTLED,8.88
4390,438.902,THROTTLED,8.85
4391,439.002,COMPLETE,15.87
4392,439.102,COMPLETE,12.89
4393,439.202,COMPLETE,9.91
4394,439.302,THROTTLED,9.88
4395,439.402,THROTTLED,9.85
4396,439.502,THROTTLED,9.82
4397,439.602,THROTTLED,9.79
4398,439.702,THROTTLED,9.76
4399,439.802,THROTTLED,9.73
4400,439.902,THROTTLED,9.7
4401,440.002,COMPLETE,16.72
4402,440.102,COMPLETE,13.74
4403,440.202,COMPLETE,10.76
4404,440.302,COMPLETE,7.78
4405,440.402,THROTTLED,7.75
4406,440.502,THROTTLED,7.72
4407,440.602,THROTTLED,7.69
4408,440.702,THROTTLED,7.66
4409,440.802,THROTTLED,7.63
4410,440.902,THROTTLED,7.6
4411,441.002,COMPLETE,14.62
4412,441.102,COMPLETE,11.64
4413,441.202,COMPLETE,8.66
4414,441.302,THROTTLED,8.63
4415,441.402,THROTTLED,8.6
4416,441.502,THROTTLED,8.57
4417,441.602,THROTTLED,8.54
4418,441.702,THROTTLED,8.51
4419,441.802,THROTTLED,8.48
4420,441.902,THROTTLED,8.45
4421,442.002,COMPLETE,15.47
4422,442.102,COMPLETE,12.49
4423,442.202,COMPLETE,9.51
4424,442.302,THROTTLED,9.48
4425,442.402,THROTTLED,9.45
4426,442.502,THROTTLED,9.42
4427,442.602,THROTTLED,9.39
4428,442.702,THROTTLED,9.36
4429,442.802,THROTTLED,9.33
4430,442.902,THROTTLED,9.3
4431,443.002,COMPLETE,16.32
4432,443.102,COMPLETE,13.34
4433,443.202,COMPLETE,10.36
4434,443.302,COMPLETE,7.38
4435,443.402,THROTTLED,7.35
4436,443.502,THROTTLED,7.32
4437,443.602,THROTTLED,7.29
4438,443.702,THROTTLED,7.26
4439,443.802,THROTTLED,7.23
4440,443.902,THROTTLED,7.2
4441,444.002,COMPLETE,14.22
4442,444.102,COMPLETE,11.24
4443,444.202,COMPLETE,8.26
4444,444.302,THROTTLED,8.23
4445,444.402,THROTTLED,8.2
4446,444.502,THROTTLED,8.17
4447,444.602,THROTTLED,8.14
4448,444.702,THROTTLED,8.11
4449,444.802,THROTTLED,8.08
4450,444.902,THROTTLED,8.05
4451,445.002,COMPLETE,15.07
4452,445.102,COMPLETE,12.09
4453,445.202,COMPLETE,9.11
4454,445.302,THROTTLED,9.08
4455,445.402,THROTTLED,9.05
4456,445.502,THROTTLED,9.02
4457,445.602,THROTTLED,8.99
4458,445.702,THROTTLED,8.96
4459,445.802,THROTTLED,8.93
4460,445.902,THROTTLED,8.9
4461,446.002,COMPLETE,15.92
4462,446.102,COMPLETE,12.94
4463,446.202,COMPLETE,9.96
4464,446.302,THROTTLED,9.93
4465,446.402,THROTTLED,9.9
4466,446.502,THROTTLED,9.87
4467,446.602,THROTTLED,9.84
4468,446.702,THROTTLED,9.81
4469,446.802,THROTTLED,9.78
4470,446.902,THROTTLED,9.75
4471,447.002,COMPLETE,16.77
4472,447.102,COMPLETE,13.79
4473,447.202,COMPLETE,10.81
4474,447.302,COMPLETE,7.83
4475,447.402,THROTTLED,7.8
4476,447.502,THROTTLED,7.77
4477,447.602,THROTTLED,7.74
4478,447.702,THROTTLED,7.71
4479,447.802,THROTTLED,7.68
4480,447.902,THROTTLED,7.65
4481,448.002,COMPLETE,14.67
4482,448.102,COMPLETE,11.69
4483,448.202,COMPLETE,8.71
4484,448.302,THROTTLED,8.68
4485,448.402,THROTTLED,8.65
4486,448.502,THROTTLED,8.62
4487,448.602,THROTTLED,8.59
4488,448.702,THROTTLED,8.56
4489,448.802,THROTTLED,8.53
4490,448.902,THROTTLED,8.5
4491,449.002,COMPLETE,15.52
4492,449.102,COMPLETE,12.54
4493,449.202,COMPLETE,9.56
4494,449.302,THROTTLED,9.53
4495,449.402,THROTTLED,9.5
4496,449.502,THROTTLED,9.47
4497,449.602,THROTTLED,9.44
4498,449.702,THROTTLED,9.41
4499,449.802,THROTTLED,9.38
4500,449.902,THROTTLED,9.35
4501,450.002,COMPLETE,16.37
4502,450.102,COMPLETE,13.39
4503,450.202,COMPLETE,10.41
4504,450.302,COMPLETE,7.43
4505,450.402,THROTTLED,7.4
4506,450.502,THROTTLED,7.37
4507,450.602,THROTTLED,7.34
4508,450.702,THROTTLED,7.31
4509,450.802,THROTTLED,7.28
4510,450.902,THROTTLED,7.25
4511,451.002,COMPLETE,14.27
4512,451.102,COMPLETE,11.29
4513,451.202,COMPLETE,8.31
4514,451.302,THROTTLED,8.28
4515,451.402,THROTTLED,8.25
4516,451.502,THROTTLED,8.22
4517,451.602,THROTTLED,8.19
4518,451.702,THROTTLED,8.16
4519,451.802,THROTTLED,8.13
4520,451.902,THROTTLED,8.1
4521,452.002,COMPLETE,15.12
4522,452.102,COMPLETE,12.14
4523,452.202,COMPLETE,9.16
4524,452.302,THROTTLED,9.13
4525,452.402,THROTTLED,9.1
4526,452.502,THROTTLED,9.07
4527,452.602,THROTTLED,9.04
4528,452.702,THROTTLED,9.01
4529,452.802,THROTTLED,8.98
4530,452.902,THROTTLED,8.95
4531,453.002,COMPLETE,15.97
4532,453.102,COMPLETE,12.99
4533,453.202,COMPLETE,10.01
4534,453.302,COMPLETE,7.03
4535,453.402,THROTTLED,7
4536,453.502,THROTTLED,6.97
4537,453.602,THROTTLED,6.94
4538,453.702,THROTTLED,6.91
4539,453.802,THROTTLED,6.88
4540,453.902,THROTTLED,6.85
4541,454.002,COMPLETE,13.87
4542,454.102,COMPLETE,10.89
4543,454.202,COMPLETE,7.91
4544,454.302,THROTTLED,7.88
4545,454.402,THROTTLED,7.85
4546,454.502,THROTTLED,7.82
4547,454.602,THROTTLED,7.79
4548,454.702,THROTTLED,7.76
4549,454.802,THROTTLED,7.73
4550,454.902,THROTTLED,7.7
4551,455.002,COMPLETE,14.72
4552,455.102,COMPLETE,11.74
4553,455.202,COMPLETE,8.76
4554,455.302,THROTTLED,8.73
4555,455.402,THROTTLED,8.7
4556,455.502,THROTTLED,8.67
4557,455.602,THROTTLED,8.64
4558,455.702,THROTTLED,8.61
4559,455.802,THROTTLED,8.58
4560,455.902,THROTTLED,8.55
4561,456.002,COMPLETE,15.57
4562,456.102,COMPLETE,12.59
4563,456.202,COMPLETE,9.61
4564,456.302,THROTTLED,9.58
4565,456.402,THROTTLED,9.55
4566,456.502,THROTTLED,9.52
4567,456.602,THROTTLED,9.49
4568,456.702,THROTTLED,9.46
4569,456.802,THROTTLED,9.43
4570,456.902,THROTTLED,9.4
4571,457.002,COMPLETE,16.42
4572,457.102,COMPLETE,13.44
4573,457.202,COMPLETE,10.46
4574,457.302,COMPLETE,7.48
4575,457.402,THROTTLED,7.45
4576,457.502,THROTTLED,7.42
4577,457.602,THROTTLED,7.39
4578,457.702,THROTTLED,7.36
4579,457.802,THROTTLED,7.33
4580,457.902,THROTTLED,7.3
4581,458.002,COMPLETE,14.32
4582,458.102,COMPLETE,11.34
4583,458.202,COMPLETE,8.36
4584,458.302,THROTTLED,8.33
4585,458.402,THROTTLED,8.3
4586,458.502,THROTTLED,8.27
4587,458.602,THROTTLED,8.24
4588,458.702,THROTTLED,8.21
4589,458.802,THROTTLED,8.18
4590,458.902,THROTTLED,8.15
4591,459.002,COMPLETE,15.17
4592,459.102,COMPLETE,12.19
4593,459.202,COMPLETE,9.21
4594,459.302,THROTTLED,9.18
4595,459.402,THROTTLED,9.15
4596,459.502,THROTTLED,9.12
4597,459.602,THROTTLED,9.09
4598,459.702,THROTTLED,9.06
4599,459.802,THROTTLED,9.03
4600,459.902,THROTTLED,9
4601,460.002,COMPLETE,16.02
4602,460.102,COMPLETE,13.04
4603,460.202,COMPLETE,10.06
4604,460.302,COMPLETE,7.08
4605,460.402,THROTTLED,7.05
4606,460.502,THROTTLED,7.02
4607,460.602,THROTTLED,6.99
4608,460.702,THROTTLED,6.96
4609,460.802,THROTTLED,6.93
4610,460.902,THROTTLED,6.9
4611,461.002,COMPLETE,13.92
4612,461.102,COMPLETE,10.94
4613,461.202,COMPLETE,7.96
4614,461.302,THROTTLED,7.93
4615,461.402,THROTTLED,7.9
4616,461.502,THROTTLED,7.87
4617,461.602,THROTTLED,7.84
4618,461.702,THROTTLED,7.81
4619,461.802,THROTTLED,7.78
4620,461.902,THROTTLED,7.75
4621,462.002,COMPLETE,14.77
4622,462.102,COMPLETE,11.79
4623,462.202,COMPLETE,8.81
4624,462.302,THROTTLED,8.78
4625,462.402,THROTTLED,8.75
4626,462.502,THROTTLED,8.72
4627,462.602,THROTTLED,8.69
4628,462.702,THROTTLED,8.66
4629,462.802,THROTTLED,8.63
4630,462.902,THROTTLED,8.6
4631,463.002,COMPLETE,15.62
4632,463.102,COMPLETE,12.64
4633,463.202,COMPLETE,9.66
4634,463.302,THROTTLED,9.63
4635,463.402,THROTTLED,9.6
4636,463.502,THROTTLED,9.57
4637,463.602,THROTTLED,9.54
4638,463.702,THROTTLED,9.51
4639,463.802,THROTTLED,9.48
4640,463.902,THROTTLED,9.45
4641,464.002,COMPLETE,16.47
4642,464.102,COMPLETE,13.49
4643,464.202,COMPLETE,10.51
4644,464.302,COMPLETE,7.53
4645,464.402,THROTTLED,7.5
4646,464.502,THROTTLED,7.47
4647,464.602,THROTTLED,7.44
4648,464.702,THROTTLED,7.41
4649,464.802,THROTTLED,7.38
4650,464.902,THROTTLED,7.35
4651,465.002,COMPLETE,14.37
4652,465.102,COMPLETE,11.39
4653,465.202,COMPLETE,8.41
4654,465.302,THROTTLED,8.38
4655,465.402,THROTTLED,8.35
4656,465.502,THROTTLED,8.32
4657,465.602,THROTTLED,8.29
4658,465.702,THROTTLED,8.26
4659,465.802,THROTTLED,8.23
4660,465.902,THROTTLED,8.2
4661,466.002,COMPLETE,15.22
4662,466.102,COMPLETE,12.24
4663,466.202,COMPLETE,9.26
4664,466.302,THROTTLED,9.23
4665,466.402,THROTTLED,9.2
4666,466.502,THROTTLED,9.17
4667,466.602,THROTTLED,9.14
4668,466.702,THROTTLED,9.11
4669,466.802,THROTTLED,9.08
4670,466.902,THROTTLED,9.05
4671,467.002,COMPLETE,16.07
4672,467.102,COMPLETE,13.09
4673,467.202,COMPLETE,10.11
4674,467.302,COMPLETE,7.13
4675,467.402,THROTTLED,7.1
4676,467.502,THROTTLED,7.07
4677,467.602,THROTTLED,7.04
4678,467.702,THROTTLED,7.01
4679,467.802,THROTTLED,6.98
4680,467.902,THROTTLED,6.95
4681,468.002,COMPLETE,13.97
4682,468.102,COMPLETE,10.99
4683,468.202,COMPLETE,8.01
4684,468.302,THROTTLED,7.98
4685,468.402,THROTTLED,7.95
4686,468.502,THROTTLED,7.92
4687,468.602,THROTTLED,7.89
4688,468.702,THROTTLED,7.86
4689,468.802,THROTTLED,7.83
4690,468.902,THROTTLED,7.8
4691,469.002,COMPLETE,14.82
4692,469.102,COMPLETE,11.84
4693,469.202,COMPLETE,8.86
4694,469.302,THROTTLED,8.83
4695,469.402,THROTTLED,8.8
4696,469.502,THROTTLED,8.77
4697,469.602,THROTTLED,8.74
4698,469.702,THROTTLED,8.71
4699,469.802,THROTTLED,8.68
4700,469.902,THROTTLED,8.65
4701,470.002,COMPLETE,15.67
4702,470.102,COMPLETE,12.69
4703,470.202,COMPLETE,9.71
4704,470.302,THROTTLED,9.68
4705,470.402,THROTTLED,9.65
4706,470.502,THROTTLED,9.62
4707,470.602,THROTTLED,9.59
4708,470.702,THROTTLED,9.56
4709,470.802,THROTTLED,9.53
4710,470.902,THROTTLED,9.5
4711,471.002,COMPLETE,16.52
4712,471.102,COMPLETE,13.54
4713,471.202,COMPLETE,10.56
4714,471.302,COMPLETE,7.58
4715,471.402,THROTTLED,7.55
4716,471.502,THROTTLED,7.52
4717,471.602,THROTTLED,7.49
4718,471.702,THROTTLED,7.46
4719,471.802,THROTTLED,7.43
4720,471.902,THROTTLED,7.4
4721,472.002,COMPLETE,14.42
4722,472.102,COMPLETE,11.44
4723,472.202,COMPLETE,8.46
4724,472.302,THROTTLED,8.43
4725,472.402,THROTTLED,8.4
4726,472.502,THROTTLED,8.37
4727,472.602,THROTTLED,8.34
4728,472.702,THROTTLED,8.31
4729,472.802,THROTTLED,8.28
4730,472.902,THROTTLED,8.25
4731,473.002,COMPLETE,15.27
4732,473.102,COMPLETE,12.29
4733,473.202,COMPLETE,9.31
4734,473.302,THROTTLED,9.28
4735,473.402,THROTTLED,9.25
4736,473.502,THROTTLED,9.22
4737,473.602,THROTTLED,9.19
4738,473.702,THROTTLED,9.16
4739,473.802,THROTTLED,9.13
4740,473.902,THROTTLED,9.1
4741,474.002,COMPLETE,16.12
4742,474.102,COMPLETE,13.14
4743,474.202,COMPLETE,10.16
4744,474.302,COMPLETE,7.18
4745,474.402,THROTTLED,7.15
4746,474.502,THROTTLED,7.12
4747,474.602,THROTTLED,7.09
4748,474.702,THROTTLED,7.06
4749,474.802,THROTTLED,7.03
4750,474.902,THROTTLED,7
4751,475.002,COMPLETE,14.02
4752,475.102,COMPLETE,11.04
4753,475.202,COMPLETE,8.06
4754,475.302,THROTTLED,8.03
4755,475.402,THROTTLED,8
4756,475.502,THROTTLED,7.97
4757,475.602,THROTTLED,7.94
4758,475.702,THROTTLED,7.91
4759,475.802,THROTTLED,7.88
4760,475.902,THROTTLED,7.85
4761,476.002,COMPLETE,14.87
4762,476.102,COMPLETE,11.89
4763,476.202,COMPLETE,8.91
4764,476.302,THROTTLED,8.88
4765,476.402,THROTTLED,8.85
4766,476.502,THROTTLED,8.82
4767,476.602,THROTTLED,8.79
4768,476.702,THROTTLED,8.76
4769,476.802,THROTTLED,8.73
4770,476.902,THROTTLED,8.7
4771,477.002,COMPLETE,15.72
4772,477.102,COMPLETE,12.74
4773,477.202,COMPLETE,9.76
4774,477.302,THROTTLED,9.73
4775,477.402,THROTTLED,9.7
4776,477.502,THROTTLED,9.67
4777,477.602,THROTTLED,9.64
4778,477.702,THROTTLED,9.61
4779,477.802,THROTTLED,9.58
4780,477.902,THROTTLED,9.55
4781,478.002,COMPLETE,16.57
4782,478.102,COMPLETE,13.59
4783,478.202,COMPLETE,10.61
4784,478.302,COMPLETE,7.63
4785,478.402,THROTTLED,7.6
4786,478.502,THROTTLED,7.57
4787,478.602,THROTTLED,7.54
4788,478.702,THROTTLED,7.51
4789,478.802,THROTTLED,7.48
4790,478.902,THROTTLED,7.45
4791,479.002,COMPLETE,14.47
4792,479.102,COMPLETE,11.49
4793,479.202,COMPLETE,8.51
4794,479.302,THROTTLED,8.48
4795,479.402,THROTTLED,8.45
4796,479.502,THROTTLED,8.42
4797,479.602,THROTTLED,8.39
4798,479.702,THROTTLED,8.36
4799,479.802,THROTTLED,8.33
4800,479.902,THROTTLED,8.3
4801,480.002,COMPLETE,15.32
4802,480.102,COMPLETE,12.34
4803,480.202,COMPLETE,9.36
4804,480.302,THROTTLED,9.33
4805,480.402,THROTTLED,9.3
4806,480.502,THROTTLED,9.27
4807,480.602,THROTTLED,9.24
4808,480.702,THROTTLED,9.21
4809,480.802,THROTTLED,9.18
4810,480.902,THROTTLED,9.15
4811,481.002,COMPLETE,16.17
4812,481.102,COMPLETE,13.19
4813,481.202,COMPLETE,10.21
4814,481.302,COMPLETE,7.23
4815,481.402,THROTTLED,7.2
4816,481.502,THROTTLED,7.17
4817,481.602,THROTTLED,7.14
4818,481.702,THROTTLED,7.11
4819,481.802,THROTTLED,7.08
4820,481.902,THROTTLED,7.05
4821,482.002,COMPLETE,14.07
4822,482.102,COMPLETE,11.09
4823,482.202,COMPLETE,8.11
4824,482.302,THROTTLED,8.08
4825,482.402,THROTTLED,8.05
4826,482.502,THROTTLED,8.02
4827,482.602,THROTTLED,7.99
4828,482.702,THROTTLED,7.96
4829,482.802,THROTTLED,7.93
4830,482.902,THROTTLED,7.9
4831,483.002,COMPLETE,14.92
4832,483.102,COMPLETE,11.94
4833,483.202,COMPLETE,8.96
4834,483.302,THROTTLED,8.93
4835,483.402,THROTTLED,8.9
4836,483.502,THROTTLED,8.87
4837,483.602,THROTTLED,8.84
4838,483.702,THROTTLED,8.81
4839,483.802,THROTTLED,8.78
4840,483.902,THROTTLED,8.75
4841,484.002,COMPLETE,15.77
4842,484.102,COMPLETE,12.79
4843,484.202,COMPLETE,9.81
4844,484.302,THROTTLED,9.78
4845,484.402,THROTTLED,9.75
4846,484.502,THROTTLED,9.72
4847,484.602,THROTTLED,9.69
4848,484.702,THROTTLED,9.66
4849,484.802,THROTTLED,9.63
4850,484.902,THROTTLED,9.6
4851,485.002,COMPLETE,16.62
4852,485.102,COMPLETE,13.64
4853,485.202,COMPLETE,10.66
4854,485.302,COMPLETE,7.68
4855,485.402,THROTTLED,7.65
4856,485.502,THROTTLED,7.62
4857,485.602,THROTTLED,7.59
4858,485.702,THROTTLED,7.56
4859,485.802,THROTTLED,7.53
4860,485.902,THROTTLED,7.5
4861,486.002,COMPLETE,14.52
4862,486.102,COMPLETE,11.54
4863,486.202,COMPLETE,8.56
4864,486.302,THROTTLED,8.53
4865,486.402,THROTTLED,8.5
4866,486.502,THROTTLED,8.47
4867,486.602,THROTTLED,8.44
4868,486.702,THROTTLED,8.41
4869,486.802,THROTTLED,8.38
4870,486.902,THROTTLED,8.35
4871,487.002,COMPLETE,15.37
4872,487.102,COMPLETE,12.39
4873,487.202,COMPLETE,9.41
4874,487.302,THROTTLED,9.38
4875,487.402,THROTTLED,9.35
4876,487.502,THROTTLED,9.32
4877,487.602,THROTTLED,9.29
4878,487.702,THROTTLED,9.26
4879,487.802,THROTTLED,9.23
4880,487.902,THROTTLED,9.2
4881,488.002,COMPLETE,16.22
4882,488.102,COMPLETE,13.24
4883,488.202,COMPLETE,10.26
4884,488.302,COMPLETE,7.28
4885,488.402,THROTTLED,7.25
4886,488.502,THROTTLED,7.22
4887,488.602,THROTTLED,7.19
4888,488.702,THROTTLED,7.16
4889,488.802,THROTTLED,7.13
4890,488.902,THROTTLED,7.1
4891,489.002,COMPLETE,14.12
4892,489.102,COMPLETE,11.14
4893,489.202,COMPLETE,8.16
4894,489.302,THROTTLED,8.13
4895,489.402,THROTTLED,8.1
4896,489.502,THROTTLED,8.07
4897,489.602,THROTTLED,8.04
4898,489.702,THROTTLED,8.01
4899,489.802,THROTTLED,7.98
4900,489.902,THROTTLED,7.95
4901,490.002,COMPLETE,14.97
4902,490.102,COMPLETE,11.99
4903,490.202,COMPLETE,9.01
4904,490.302,THROTTLED,8.98
4905,490.402,THROTTLED,8.95
4906,490.502,THROTTLED,8.92
4907,490.602,THROTTLED,8.89
4908,490.702,THROTTLED,8.86
4909,490.802,THROTTLED,8.83
4910,490.902,THROTTLED,8.8
4911,491.002,COMPLETE,15.82
4912,491.102,COMPLETE,12.84
4913,491.202,COMPLETE,9.86
4914,491.302,THROTTLED,9.83
4915,491.402,THROTTLED,9.8
4916,491.502,THROTTLED,9.77
4917,491.602,THROTTLED,9.74
4918,491.702,THROTTLED,9.71
4919,491.802,THROTTLED,9.68
4920,491.902,THROTTLED,9.65
4921,492.002,COMPLETE,16.67
4922,492.102,COMPLETE,13.69
4923,492.202,COMPLETE,10.71
4924,492.302,COMPLETE,7.73
4925,492.402,THROTTLED,7.7
4926,492.502,THROTTLED,7.67
4927,492.602,THROTTLED,7.64
4928,492.702,THROTTLED,7.61
4929,492.802,THROTTLED,7.58
4930,492.902,THROTTLED,7.55
4931,493.002,COMPLETE,14.57
4932,493.102,COMPLETE,11.59
4933,493.202,COMPLETE,8.61
4934,493.302,THROTTLED,8.58
4935,493.402,THROTTLED,8.55
4936,493.502,THROTTLED,8.52
4937,493.602,THROTTLED,8.49
4938,493.702,THROTTLED,8.46
4939,493.802,THROTTLED,8.43
4940,493.902,THROTTLED,8.4
4941,494.002,COMPLETE,15.42
4942,494.102,COMPLETE,12.44
4943,494.202,COMPLETE,9.46
4944,494.302,THROTTLED,9.43
4945,494.402,THROTTLED,9.4
4946,494.502,THROTTLED,9.37
4947,494.602,THROTTLED,9.34
4948,494.702,THROTTLED,9.31
4949,494.802,THROTTLED,9.28
4950,494.902,THROTTLED,9.25
4951,495.002,COMPLETE,16.27
4952,495.102,COMPLETE,13.29
4953,495.202,COMPLETE,10.31
4954,495.302,COMPLETE,7.33
4955,495.402,THROTTLED,7.3
4956,495.502,THROTTLED,7.27
4957,495.602,THROTTLED,7.24
4958,495.702,THROTTLED,7.21
4959,495.802,THROTTLED,7.18
4960,495.902,THROTTLED,7.15
4961,496.002,COMPLETE,14.17
4962,496.102,COMPLETE,11.19
4963,496.202,COMPLETE,8.21
4964,496.302,THROTTLED,8.18
4965,496.402,THROTTLED,8.15
4966,496.502,THROTTLED,8.12
4967,496.602,THROTTLED,8.09
4968,496.702,THROTTLED,8.06
4969,496.802,THROTTLED,8.03
4970,496.902,THROTTLED,8
4971,497.002,COMPLETE,15.02
4972,497.102,COMPLETE,12.04
4973,497.202,COMPLETE,9.06
4974,497.302,THROTTLED,9.03
4975,497.402,THROTTLED,9
4976,497.502,THROTTLED,8.97
4977,497.602,THROTTLED,8.94
4978,497.702,THROTTLED,8.91
4979,497.802,THROTTLED,8.88
4980,497.902,THROTTLED,8.85
4981,498.002,COMPLETE,15.87
4982,498.102,COMPLETE,12.89
4983,498.202,COMPLETE,9.91
4984,498.302,THROTTLED,9.88
4985,498.402,THROTTLED,9.85
4986,498.502,THROTTLED,9.82
4987,498.602,THROTTLED,9.79
4988,498.702,THROTTLED,9.76
4989,498.802,THROTTLED,9.73
4990,498.902,THROTTLED,9.7
4991,499.002,COMPLETE,16.72
4992,499.102,COMPLETE,13.74
4993,499.202,COMPLETE,10.76
4994,499.302,COMPLETE,7.78
4995,499.402,THROTTLED,7.75
4996,499.502,THROTTLED,7.72
4997,499.602,THROTTLED,7.69
4998,499.702,THROTTLED,7.66
4999,499.802,THROTTLED,7.63
5000,499.902,THROTTLED,7.6
5001,500.002,COMPLETE,14.62
5002,500.102,COMPLETE,11.64
5003,500.202,COMPLETE,8.66
5004,500.302,THROTTLED,8.63
5005,500.402,THROTTLED,8.6
5006,500.502,THROTTLED,8.57
5007,500.602,THROTTLED,8.54
5008,500.702,THROTTLED,8.51
5009,500.802,THROTTLED,8.48
5010,500.902,THROTTLED,8.45
5011,501.002,COMPLETE,15.47
5012,501.102,COMPLETE,12.49
5013,501.202,COMPLETE,9.51
5014,501.302,THROTTLED,9.48
5015,501.402,THROTTLED,9.45
5016,501.502,THROTTLED,9.42
5017,501.602,THROTTLED,9.39
5018,501.702,THROTTLED,9.36
5019,501.802,THROTTLED,9.33
5020,501.902,THROTTLED,9.3
5021,502.002,COMPLETE,16.32
5022,502.102,COMPLETE,13.34
5023,502.202,COMPLETE,10.36
5024,502.302,COMPLETE,7.38
5025,502.402,THROTTLED,7.35
5026,502.502,THROTTLED,7.32
5027,502.602,THROTTLED,7.29
5028,502.702,THROTTLED,7.26
5029,502.802,THROTTLED,7.23
5030,502.902,THROTTLED,7.2
5031,503.002,COMPLETE,14.22
5032,503.102,COMPLETE,11.24
5033,503.202,COMPLETE,8.26
5034,503.302,THROTTLED,8.23
5035,503.402,THROTTLED,8.2
5036,503.502,THROTTLED,8.17
5037,503.602,THROTTLED,8.14
5038,503.702,THROTTLED,8.11
5039,503.802,THROTTLED,8.08
5040,503.902,THROTTLED,8.05
5041,504.002,COMPLETE,15.07
5042,504.102,COMPLETE,12.09
5043,504.202,COMPLETE,9.11
5044,504.302,THROTTLED,9.08
5045,504.402,THROTTLED,9.05
5046,504.502,THROTTLED,9.02
5047,504.602,THROTTLED,8.99
5048,504.702,THROTTLED,8.96
5049,504.802,THROTTLED,8.93
5050,504.902,THROTTLED,8.9
5051,505.002,COMPLETE,15.92
5052,505.102,COMPLETE,12.94
5053,505.202,COMPLETE,9.96
5054,505.302,THROTTLED,9.93
5055,505.402,THROTTLED,9.9
5056,505.502,THROTTLED,9.87
5057,505.602,THROTTLED,9.84
5058,505.702,THROTTLED,9.81
5059,505.802,THROTTLED,9.78
5060,505.902,THROTTLED,9.75
5061,506.002,COMPLETE,16.77
5062,506.102,COMPLETE,13.79
5063,506.202,COMPLETE,10.81
5064,506.302,COMPLETE,7.83
5065,506.402,THROTTLED,7.8
5066,506.502,THROTTLED,7.77
5067,506.602,THROTTLED,7.74
5068,506.702,THROTTLED,7.71
5069,506.802,THROTTLED,7.68
5070,506.902,THROTTLED,7.65
5071,507.002,COMPLETE,14.67
5072,507.102,COMPLETE,11.69
5073,507.202,COMPLETE,8.71
5074,507.302,THROTTLED,8.68
5075,507.402,THROTTLED,8.65
5076,507.502,THROTTLED,8.62
5077,507.602,THROTTLED,8.59
5078,507.702,THROTTLED,8.56
5079,507.802,THROTTLED,8.53
5080,507.902,THROTTLED,8.5
5081,508.002,COMPLETE,15.52
5082,508.102,COMPLETE,12.54
5083,508.202,COMPLETE,9.56
5084,508.302,THROTTLED,9.53
5085,508.402,THROTTLED,9.5
5086,508.502,THROTTLED,9.47
5087,508.602,THROTTLED,9.44
5088,508.702,THROTTLED,9.41
5089,508.802,THROTTLED,9.38
5090,508.902,THROTTLED,9.35
5091,509.002,COMPLETE,16.37
5092,509.102,COMPLETE,13.39
5093,509.202,COMPLETE,10.41
5094,509.302,COMPLETE,7.43
5095,509.402,THROTTLED,7.4
5096,509.502,THROTTLED,7.37
5097,509.602,THROTTLED,7.34
5098,509.702,THROTTLED,7.31
5099,509.802,THROTTLED,7.28
5100,509.902,THROTTLED,7.25
5101,510.002,COMPLETE,14.27
5102,510.102,COMPLETE,11.29
5103,510.202,COMPLETE,8.31
5104,510.302,THROTTLED,8.28
5105,510.402,THROTTLED,8.25
5106,510.502,THROTTLED,8.22
5107,510.602,THROTTLED,8.19
5108,510.702,THROTTLED,8.16
5109,510.802,THROTTLED,8.13
5110,510.902,THROTTLED,8.1
5111,511.002,COMPLETE,15.12
5112,511.102,COMPLETE,12.14
5113,511.202,COMPLETE,9.16
5114,511.302,THROTTLED,9.13
5115,511.402,THROTTLED,9.1
5116,511.502,THROTTLED,9.07
5117,511.602,THROTTLED,9.04
5118,511.702,THROTTLED,9.01
5119,511.802,THROTTLED,8.98
5120,511.902,THROTTLED,8.95
5121,512.002,COMPLETE,15.97
5122,512.102,COMPLETE,12.99
5123,512.202,COMPLETE,10.01
5124,512.302,COMPLETE,7.03
5125,512.402,THROTTLED,7
5126,512.502,THROTTLED,6.97
5127,512.602,THROTTLED,6.94
5128,512.702,THROTTLED,6.91
5129,512.802,THROTTLED,6.88
5130,512.902,THROTTLED,6.85
5131,513.002,COMPLETE,13.87
5132,513.102,COMPLETE,10.89
5133,513.202,COMPLETE,7.91
5134,513.302,THROTTLED,7.88
5135,513.402,THROTTLED,7.85
5136,513.502,THROTTLED,7.82
5137,513.602,THROTTLED,7.79
5138,513.702,THROTTLED,7.76
5139,513.802,THROTTLED,7.73
5140,513.902,THROTTLED,7.7
5141,514.002,COMPLETE,14.72
5142,514.102,COMPLETE,11.74
5143,514.202,COMPLETE,8.76
5144,514.302,THROTTLED,8.73
5145,514.402,THROTTLED,8.7
5146,514.502,THROTTLED,8.67
5147,514.602,THROTTLED,8.64
5148,514.702,THROTTLED,8.61
5149,514.802,THROTTLED,8.58
5150,514.902,THROTTLED,8.55
5151,515.002,COMPLETE,15.57
5152,515.102,COMPLETE,12.59
5153,515.202,COMPLETE,9.61
5154,515.302,THROTTLED,9.58
5155,515.402,THROTTLED,9.55
5156,515.502,THROTTLED,9.52
5157,515.602,THROTTLED,9.49
5158,515.702,THROTTLED,9.46
5159,515.802,THROTTLED,9.43
5160,515.902,THROTTLED,9.4
5161,516.002,COMPLETE,16.42
5162,516.102,COMPLETE,13.44
5163,516.202,COMPLETE,10.46
5164,516.302,COMPLETE,7.48
5165,516.402,THROTTLED,7.45
5166,516.502,THROTTLED,7.42
5167,516.602,THROTTLED,7.39
5168,516.702,THROTTLED,7.36
5169,516.802,THROTTLED,7.33
5170,516.902,THROTTLED,7.3
5171,517.002,COMPLETE,14.32
5172,517.102,COMPLETE,11.34
5173,517.202,COMPLETE,8.36
5174,517.302,THROTTLED,8.33
5175,517.402,THROTTLED,8.3
5176,517.502,THROTTLED,8.27
5177,517.602,THROTTLED,8.24
5178,517.702,THROTTLED,8.21
5179,517.802,THROTTLED,8.18
5180,517.902,THROTTLED,8.15
5181,518.002,COMPLETE,15.17
5182,518.102,COMPLETE,12.19
5183,518.202,COMPLETE,9.21
5184,518.302,THROTTLED,9.18
5185,518.402,THROTTLED,9.15
5186,518.502,THROTTLED,9.12
5187,518.602,THROTTLED,9.09
5188,518.702,THROTTLED,9.06
5189,518.802,THROTTLED,9.03
5190,518.902,THROTTLED,9
5191,519.002,COMPLETE,16.02
5192,519.102,COMPLETE,13.04
5193,519.202,COMPLETE,10.06
5194,519.302,COMPLETE,7.08
5195,519.402,THROTTLED,7.05
5196,519.502,THROTTLED,7.02
5197,519.602,THROTTLED,6.99
5198,519.702,THROTTLED,6.96
5199,519.802,THROTTLED,6.93
5200,519.902,THROTTLED,6.9
5201,520.002,COMPLETE,13.92
5202,520.102,COMPLETE,10.94
5203,520.202,COMPLETE,7.96
5204,520.302,THROTTLED,7.93
5205,520.402,THROTTLED,7.9
5206,520.502,THROTTLED,7.87
5207,520.602,THROTTLED,7.84
5208,520.702,THROTTLED,7.81
5209,520.802,THROTTLED,7.78
5210,520.902,THROTTLED,7.75
5211,521.002,COMPLETE,14.77
5212,521.102,COMPLETE,11.79
5213,521.202,COMPLETE,8.81
5214,521.302,THROTTLED,8.78
5215,521.402,THROTTLED,8.75
5216,521.502,THROTTLED,8.72
5217,521.602,THROTTLED,8.69
5218,521.702,THROTTLED,8.66
5219,521.802,THROTTLED,8.63
5220,521.902,THROTTLED,8.6
5221,522.002,COMPLETE,15.62
5222,522.102,COMPLETE,12.64
5223,522.202,COMPLETE,9.66
5224,522.302,THROTTLED,9.63
5225,522.402,THROTTLED,9.6
5226,522.502,THROTTLED,9.57
5227,522.602,THROTTLED,9.54
5228,522.702,THROTTLED,9.51
5229,522.802,THROTTLED,9.48
5230,522.902,THROTTLED,9.45
5231,523.002,COMPLETE,16.47
5232,523.102,COMPLETE,13.49
5233,523.202,COMPLETE,10.51
5234,523.302,COMPLETE,7.53
5235,523.402,THROTTLED,7.5
5236,523.502,THROTTLED,7.47
5237,523.602,THROTTLED,7.44
5238,523.702,THROTTLED,7.41
5239,523.802,THROTTLED,7.38
5240,523.902,THROTTLED,7.35
5241,524.002,COMPLETE,14.37
5242,524.102,COMPLETE,11.39
5243,524.202,COMPLETE,8.41
5244,524.302,THROTTLED,8.38
5245,524.402,THROTTLED,8.35
5246,524.502,THROTTLED,8.32
5247,524.602,THROTTLED,8.29
5248,524.702,THROTTLED,8.26
5249,524.802,THROTTLED,8.23
5250,524.902,THROTTLED,8.2
5251,525.002,COMPLETE,15.22
5252,525.102,COMPLETE,12.24
5253,525.202,COMPLETE,9.26
5254,525.302,THROTTLED,9.23
5255,525.402,THROTTLED,9.2
5256,525.502,THROTTLED,9.17
5257,525.602,THROTTLED,9.14
5258,525.702,THROTTLED,9.11
5259,525.802,THROTTLED,9.08
5260,525.902,THROTTLED,9.05
5261,526.002,COMPLETE,16.07
5262,526.102,COMPLETE,13.09
5263,526.202,COMPLETE,10.11
5264,526.302,COMPLETE,7.13
5265,526.402,THROTTLED,7.1
5266,526.502,THROTTLED,7.07
5267,526.602,THROTTLED,7.04
5268,526.702,THROTTLED,7.01
5269,526.802,THROTTLED,6.98
5270,526.902,THROTTLED,6.95
5271,527.002,COMPLETE,13.97
5272,527.102,COMPLETE,10.99
5273,527.202,COMPLETE,8.01
5274,527.302,THROTTLED,7.98
5275,527.402,THROTTLED,7.95
5276,527.502,THROTTLED,7.92
5277,527.602,THROTTLED,7.89
5278,527.702,THROTTLED,7.86
5279,527.802,THROTTLED,7.83
5280,527.902,THROTTLED,7.8
5281,528.002,COMPLETE,14.82
5282,528.102,COMPLETE,11.84
5283,528.202,COMPLETE,8.86
5284,528.302,THROTTLED,8.83
5285,528.402,THROTTLED,8.8
5286,528.502,THROTTLED,8.77
5287,528.602,THROTTLED,8.74
5288,528.702,THROTTLED,8.71
5289,528.802,THROTTLED,8.68
5290,528.902,THROTTLED,8.65
5291,529.002,COMPLETE,15.67
5292,529.102,COMPLETE,12.69
5293,529.202,COMPLETE,9.71
5294,529.302,THROTTLED,9.68
5295,529.402,THROTTLED,9.65
5296,529.502,THROTTLED,9.62
5297,529.602,THROTTLED,9.59
5298,529.702,THROTTLED,9.56
5299,529.802,THROTTLED,9.53
5300,529.902,THROTTLED,9.5
5301,530.002,COMPLETE,16.52
5302,530.102,COMPLETE,13.54
5303,530.202,COMPLETE,10.56
5304,530.302,COMPLETE,7.58
5305,530.402,THROTTLED,7.55
5306,530.502,THROTTLED,7.52
5307,530.602,THROTTLED,7.49
5308,530.702,THROTTLED,7.46
5309,530.802,THROTTLED,7.43
5310,530.902,THROTTLED,7.4
5311,531.002,COMPLETE,14.42
5312,531.102,COMPLETE,11.44
5313,531.202,COMPLETE,8.46
5314,531.302,THROTTLED,8.43
5315,531.402,THROTTLED,8.4
5316,531.502,THROTTLED,8.37
5317,531.602,THROTTLED,8.34
5318,531.702,THROTTLED,8.31
5319,531.802,THROTTLED,8.28
5320,531.902,THROTTLED,8.25
5321,532.002,COMPLETE,15.27
5322,532.102,COMPLETE,12.29
5323,532.202,COMPLETE,9.31
5324,532.302,THROTTLED,9.28
5325,532.402,THROTTLED,9.25
5326,532.502,THROTTLED,9.22
5327,532.602,THROTTLED,9.19
5328,532.702,THROTTLED,9.16
5329,532.802,THROTTLED,9.13
5330,532.902,THROTTLED,9.1
5331,533.002,COMPLETE,16.12
5332,533.102,COMPLETE,13.14
5333,533.202,COMPLETE,10.16
5334,533.302,COMPLETE,7.18
5335,533.402,THROTTLED,7.15
5336,533.502,THROTTLED,7.12
5337,533.602,THROTTLED,7.09
5338,533.702,THROTTLED,7.06
5339,533.802,THROTTLED,7.03
5340,533.902,THROTTLED,7
5341,534.002,COMPLETE,14.02
5342,534.102,COMPLETE,11.04
5343,534.202,COMPLETE,8.06
5344,534.302,THROTTLED,8.03
5345,534.402,THROTTLED,8
5346,534.502,THROTTLED,7.97
5347,534.602,THROTTLED,7.94
5348,534.702,THROTTLED,7.91
5349,534.802,THROTTLED,7.88
5350,534.902,THROTTLED,7.85
5351,535.002,COMPLETE,14.87
5352,535.102,COMPLETE,11.89
5353,535.202,COMPLETE,8.91
5354,535.302,THROTTLED,8.88
5355,535.402,THROTTLED,8.85
5356,535.502,THROTTLED,8.82
5357,535.602,THROTTLED,8.79
5358,535.702,THROTTLED,8.76
5359,535.802,THROTTLED,8.73
5360,535.902,THROTTLED,8.7
5361,536.002,COMPLETE,15.72
5362,536.102,COMPLETE,12.74
5363,536.202,COMPLETE,9.76
5364,536.302,THROTTLED,9.73
5365,536.402,THROTTLED,9.7
5366,536.502,THROTTLED,9.67
5367,536.602,THROTTLED,9.64
5368,536.702,THROTTLED,9.61
5369,536.802,THROTTLED,9.58
5370,536.902,THROTTLED,9.55
5371,537.002,COMPLETE,16.57
5372,537.102,COMPLETE,13.59
5373,537.202,COMPLETE,10.61
5374,537.302,COMPLETE,7.63
5375,537.402,THROTTLED,7.6
5376,537.502,THROTTLED,7.57
5377,537.602,THROTTLED,7.54
5378,537.702,THROTTLED,7.51
5379,537.802,THROTTLED,7.48
5380,537.902,THROTTLED,7.45
5381,538.002,COMPLETE,14.47
5382,538.102,COMPLETE,11.49
5383,538.202,COMPLETE,8.51
5384,538.302,THROTTLED,8.48
5385,538.402,THROTTLED,8.45
5386,538.502,THROTTLED,8.42
5387,538.602,THROTTLED,8.39
5388,538.702,THROTTLED,8.36
5389,538.802,THROTTLED,8.33
5390,538.902,THROTTLED,8.3
5391,539.002,COMPLETE,15.32
5392,539.102,COMPLETE,12.34
5393,539.202,COMPLETE,9.36
5394,539.302,THROTTLED,9.33
5395,539.402,THROTTLED,9.3
5396,539.502,THROTTLED,9.27
5397,539.602,THROTTLED,9.24
5398,539.702,THROTTLED,9.21
5399,539.802,THROTTLED,9.18
5400,539.902,THROTTLED,9.15
5401,540.002,COMPLETE,16.17
5402,540.102,COMPLETE,13.19
5403,540.202,COMPLETE,10.21
5404,540.302,COMPLETE,7.23
5405,540.402,THROTTLED,7.2
5406,540.502,THROTTLED,7.17
5407,540.602,THROTTLED,7.14
5408,540.702,THROTTLED,7.11
5409,540.802,THROTTLED,7.08
5410,540.902,THROTTLED,7.05
5411,541.002,COMPLETE,14.07
5412,541.102,COMPLETE,11.09
5413,541.202,COMPLETE,8.11
5414,541.302,THROTTLED,8.08
5415,541.402,THROTTLED,8.05
5416,541.502,THROTTLED,8.02
5417,541.602,THROTTLED,7.99
5418,541.702,THROTTLED,7.96
5419,541.802,THROTTLED,7.93
5420,541.902,THROTTLED,7.9
5421,542.002,COMPLETE,14.92
5422,542.102,COMPLETE,11.94
5423,542.202,COMPLETE,8.96
5424,542.302,THROTTLED,8.93
5425,542.402,THROTTLED,8.9
5426,542.502,THROTTLED,8.87
5427,542.602,THROTTLED,8.84
5428,542.702,THROTTLED,8.81
5429,542.802,THROTTLED,8.78
5430,542.902,THROTTLED,8.75
5431,543.002,COMPLETE,15.77
5432,543.102,COMPLETE,12.79
5433,543.202,COMPLETE,9.81
5434,543.302,THROTTLED,9.78
5435,543.402,THROTTLED,9.75
5436,543.502,THROTTLED,9.72
5437,543.602,THROTTLED,9.69
5438,543.702,THROTTLED,9.66
5439,543.802,THROTTLED,9.63
5440,543.902,THROTTLED,9.6
5441,544.002,COMPLETE,16.62
5442,544.102,COMPLETE,13.64
5443,544.202,COMPLETE,10.66
5444,544.302,COMPLETE,7.68
5445,544.402,THROTTLED,7.65
5446,544.502,THROTTLED,7.62
5447,544.602,THROTTLED,7.59
5448,544.702,THROTTLED,7.56
5449,544.802,THROTTLED,7.53
5450,544.902,THROTTLED,7.5
5451,545.002,COMPLETE,14.52
5452,545.102,COMPLETE,11.54
5453,545.202,COMPLETE,8.56
5454,545.302,THROTTLED,8.53
5455,545.402,THROTTLED,8.5
5456,545.502,THROTTLED,8.47
5457,545.602,THROTTLED,8.44
5458,545.702,THROTTLED,8.41
5459,545.802,THROTTLED,8.38
5460,545.902,THROTTLED,8.35
5461,546.002,COMPLETE,15.37
5462,546.102,COMPLETE,12.39
5463,546.202,COMPLETE,9.41
5464,546.302,THROTTLED,9.38
5465,546.402,THROTTLED,9.35
5466,546.502,THROTTLED,9.32
5467,546.602,THROTTLED,9.29
5468,546.702,THROTTLED,9.26
5469,546.802,THROTTLED,9.23
5470,546.902,THROTTLED,9.2
5471,547.002,COMPLETE,16.22
5472,547.102,COMPLETE,13.24
5473,547.202,COMPLETE,10.26
5474,547.302,COMPLETE,7.28
5475,547.402,THROTTLED,7.25
5476,547.502,THROTTLED,7.22
5477,547.602,THROTTLED,7.19
5478,547.702,THROTTLED,7.16
5479,547.802,THROTTLED,7.13
5480,547.902,THROTTLED,7.1
5481,548.002,COMPLETE,14.12
5482,548.102,COMPLETE,11.14
5483,548.202,COMPLETE,8.16
5484,548.302,THROTTLED,8.13
5485,548.402,THROTTLED,8.1
5486,548.502,THROTTLED,8.07
5487,548.602,THROTTLED,8.04
5488,548.702,THROTTLED,8.01
5489,548.802,THROTTLED,7.98
5490,548.902,THROTTLED,7.95
5491,549.002,COMPLETE,14.97
5492,549.102,COMPLETE,11.99
5493,549.202,COMPLETE,9.01
5494,549.302,THROTTLED,8.98
5495,549.402,THROTTLED,8.95
5496,549.502,THROTTLED,8.92
5497,549.602,THROTTLED,8.89
5498,549.702,THROTTLED,8.86
5499,549.802,THROTTLED,8.83
5500,549.902,THROTTLED,8.8
5501,550.002,COMPLETE,15.82
5502,550.102,COMPLETE,12.84
5503,550.202,COMPLETE,9.86
5504,550.302,THROTTLED,9.83
5505,550.402,THROTTLED,9.8
5506,550.502,THROTTLED,9.77
5507,550.602,THROTTLED,9.74
5508,550.702,THROTTLED,9.71
5509,550.802,THROTTLED,9.68
5510,550.902,THROTTLED,9.65
5511,551.002,COMPLETE,16.67
5512,551.102,COMPLETE,13.69
5513,551.202,COMPLETE,10.71
5514,551.302,COMPLETE,7.73
5515,551.402,THROTTLED,7.7
5516,551.502,THROTTLED,7.67
5517,551.602,THROTTLED,7.64
5518,551.702,THROTTLED,7.61
5519,551.802,THROTTLED,7.58
5520,551.902,THROTTLED,7.55
5521,552.002,COMPLETE,14.57
5522,552.102,COMPLETE,11.59
5523,552.202,COMPLETE,8.61
5524,552.302,THROTTLED,8.58
5525,552.402,THROTTLED,8.55
5526,552.502,THROTTLED,8.52
5527,552.602,THROTTLED,8.49
5528,552.702,THROTTLED,8.46
5529,552.802,THROTTLED,8.43
5530,552.902,THROTTLED,8.4
5531,553.002,COMPLETE,15.42
5532,553.102,COMPLETE,12.44
5533,553.202,COMPLETE,9.46
5534,553.302,THROTTLED,9.43
5535,553.402,THROTTLED,9.4
5536,553.502,THROTTLED,9.37
5537,553.602,THROTTLED,9.34
5538,553.702,THROTTLED,9.31
5539,553.802,THROTTLED,9.28
5540,553.902,THROTTLED,9.25
5541,554.002,COMPLETE,16.27
5542,554.102,COMPLETE,13.29
5543,554.202,COMPLETE,10.31
5544,554.302,COMPLETE,7.33
5545,554.402,THROTTLED,7.3
5546,554.502,THROTTLED,7.27
5547,554.602,THROTTLED,7.24
5548,554.702,THROTTLED,7.21
5549,554.802,THROTTLED,7.18
5550,554.902,THROTTLED,7.15
5551,555.002,COMPLETE,14.17
5552,555.102,COMPLETE,11.19
5553,555.202,COMPLETE,8.21
5554,555.302,THROTTLED,8.18
5555,555.402,THROTTLED,8.15
5556,555.502,THROTTLED,8.12
5557,555.602,THROTTLED,8.09
5558,555.702,THROTTLED,8.06
5559,555.802,THROTTLED,8.03
5560,555.902,THROTTLED,8
5561,556.002,COMPLETE,15.02
5562,556.102,COMPLETE,12.04
5563,556.202,COMPLETE,9.06
5564,556.302,THROTTLED,9.03
5565,556.402,THROTTLED,9
5566,556.502,THROTTLED,8.97
5567,556.602,THROTTLED,8.94
5568,556.702,THROTTLED,8.91
5569,556.802,THROTTLED,8.88
5570,556.902,THROTTLED,8.85
5571,557.002,COMPLETE,15.87
5572,557.102,COMPLETE,12.89
5573,557.202,COMPLETE,9.91
5574,557.302,THROTTLED,9.88
5575,557.402,THROTTLED,9.85
5576,557.502,THROTTLED,9.82
5577,557.602,THROTTLED,9.79
5578,557.702,THROTTLED,9.76
5579,557.802,THROTTLED,9.73
5580,557.902,THROTTLED,9.7
5581,558.002,COMPLETE,16.72
5582,558.102,COMPLETE,13.74
5583,558.202,COMPLETE,10.76
5584,558.302,COMPLETE,7.78
5585,558.402,THROTTLED,7.75
5586,558.502,THROTTLED,7.72
5587,558.602,THROTTLED,7.69
5588,558.702,THROTTLED,7.66
5589,558.802,THROTTLED,7.63
5590,558.902,THROTTLED,7.6
5591,559.002,COMPLETE,14.62
5592,559.102,COMPLETE,11.64
5593,559.202,COMPLETE,8.66
5594,559.302,THROTTLED,8.63
5595,559.402,THROTTLED,8.6
5596,559.502,THROTTLED,8.57
5597,559.602,THROTTLED,8.54
5598,559.702,THROTTLED,8.51
5599,559.802,THROTTLED,8.48
5600,559.902,THROTTLED,8.45
5601,560.002,COMPLETE,15.47
5602,560.102,COMPLETE,12.49
5603,560.202,COMPLETE,9.51
5604,560.302,THROTTLED,9.48
5605,560.402,THROTTLED,9.45
5606,560.502,THROTTLED,9.42
5607,560.602,THROTTLED,9.39
5608,560.702,THROTTLED,9.36
5609,560.802,THROTTLED,9.33
5610,560.902,THROTTLED,9.3
5611,561.002,COMPLETE,16.32
5612,561.102,COMPLETE,13.34
5613,561.202,COMPLETE,10.36
5614,561.302,COMPLETE,7.38
5615,561.402,THROTTLED,7.35
5616,561.502,THROTTLED,7.32
5617,561.602,THROTTLED,7.29
5618,561.702,THROTTLED,7.26
5619,561.802,THROTTLED,7.23
5620,561.902,THROTTLED,7.2
5621,562.002,COMPLETE,14.22
5622,562.102,COMPLETE,11.24
5623,562.202,COMPLETE,8.26
5624,562.302,THROTTLED,8.23
5625,562.402,THROTTLED,8.2
5626,562.502,THROTTLED,8.17
5627,562.602,THROTTLED,8.14
5628,562.702,THROTTLED,8.11
5629,562.802,THROTTLED,8.08
5630,562.902,THROTTLED,8.05
5631,563.002,COMPLETE,15.07
5632,563.102,COMPLETE,12.09
5633,563.202,COMPLETE,9.11
5634,563.302,THROTTLED,9.08
5635,563.402,THROTTLED,9.05
5636,563.502,THROTTLED,9.02
5637,563.602,THROTTLED,8.99
5638,563.702,THROTTLED,8.96
5639,563.802,THROTTLED,8.93
5640,563.902,THROTTLED,8.9
5641,564.002,COMPLETE,15.92
5642,564.102,COMPLETE,12.94
5643,564.202,COMPLETE,9.96
5644,564.302,THROTTLED,9.93
5645,564.402,THROTTLED,9.9
5646,564.502,THROTTLED,9.87
5647,564.602,THROTTLED,9.84
5648,564.702,THROTTLED,9.81
5649,564.802,THROTTLED,9.78
5650,564.902,THROTTLED,9.75
5651,565.002,COMPLETE,16.77
5652,565.102,COMPLETE,13.79
5653,565.202,COMPLETE,10.81
5654,565.302,COMPLETE,7.83
5655,565.402,THROTTLED,7.8
5656,565.502,THROTTLED,7.77
5657,565.602,THROTTLED,7.74
5658,565.702,THROTTLED,7.71
5659,565.802,THROTTLED,7.68
5660,565.902,THROTTLED,7.65
5661,566.002,COMPLETE,14.67
5662,566.102,COMPLETE,11.69
5663,566.202,COMPLETE,8.71
5664,566.302,THROTTLED,8.68
5665,566.402,THROTTLED,8.65
5666,566.502,THROTTLED,8.62
5667,566.602,THROTTLED,8.59
5668,566.702,THROTTLED,8.56
5669,566.802,THROTTLED,8.53
5670,566.902,THROTTLED,8.5
5671,567.002,COMPLETE,15.52
5672,567.102,COMPLETE,12.54
5673,567.202,COMPLETE,9.56
5674,567.302,THROTTLED,9.53
5675,567.402,THROTTLED,9.5
5676,567.502,THROTTLED,9.47
5677,567.602,THROTTLED,9.44
5678,567.702,THROTTLED,9.41
5679,567.802,THROTTLED,9.38
5680,567.902,THROTTLED,9.35
5681,568.002,COMPLETE,16.37
5682,568.102,COMPLETE,13.39
5683,568.202,COMPLETE,10.41
5684,568.302,COMPLETE,7.43
5685,568.402,THROTTLED,7.4
5686,568.502,THROTTLED,7.37
5687,568.602,THROTTLED,7.34
5688,568.702,THROTTLED,7.31
5689,568.802,THROTTLED,7.28
5690,568.902,THROTTLED,7.25
5691,569.002,COMPLETE,14.27
5692,569.102,COMPLETE,11.29
5693,569.202,COMPLETE,8.31
5694,569.302,THROTTLED,8.28
5695,569.402,THROTTLED,8.25
5696,569.502,THROTTLED,8.22
5697,569.602,THROTTLED,8.19
5698,569.702,THROTTLED,8.16
5699,569.802,THROTTLED,8.13
5700,569.902,THROTTLED,8.1
5701,570.002,COMPLETE,15.12
5702,570.102,COMPLETE,12.14
5703,570.202,COMPLETE,9.16
5704,570.302,THROTTLED,9.13
5705,570.402,THROTTLED,9.1
5706,570.502,THROTTLED,9.07
5707,570.602,THROTTLED,9.04
5708,570.702,THROTTLED,9.01
5709,570.802,THROTTLED,8.98
5710,570.902,THROTTLED,8.95
5711,571.002,COMPLETE,15.97
5712,571.102,COMPLETE,12.99
5713,571.202,COMPLETE,10.01
5714,571.302,COMPLETE,7.03
5715,571.402,THROTTLED,7
5716,571.502,THROTTLED,6.97
5717,571.602,THROTTLED,6.94
5718,571.702,THROTTLED,6.91
5719,571.802,THROTTLED,6.88
5720,571.902,THROTTLED,6.85
5721,572.002,COMPLETE,13.87
5722,572.102,COMPLETE,10.89
5723,572.202,COMPLETE,7.91
5724,572.302,THROTTLED,7.88
5725,572.402,THROTTLED,7.85
5726,572.502,THROTTLED,7.82
5727,572.602,THROTTLED,7.79
5728,572.702,THROTTLED,7.76
5729,572.802,THROTTLED,7.73
5730,572.902,THROTTLED,7.7
5731,573.002,COMPLETE,14.72
5732,573.102,COMPLETE,11.74
5733,573.202,COMPLETE,8.76
5734,573.302,THROTTLED,8.73
5735,573.402,THROTTLED,8.7
5736,573.502,THROTTLED,8.67
5737,573.602,THROTTLED,8.64
5738,573.702,THROTTLED,8.61
5739,573.802,THROTTLED,8.58
5740,573.902,THROTTLED,8.55
5741,574.002,COMPLETE,15.57
5742,574.102,COMPLETE,12.59
5743,574.202,COMPLETE,9.61
5744,574.302,THROTTLED,9.58
5745,574.402,THROTTLED,9.55
5746,574.502,THROTTLED,9.52
5747,574.602,THROTTLED,9.49
5748,574.702,THROTTLED,9.46
5749,574.802,THROTTLED,9.43
5750,574.902,THROTTLED,9.4
5751,575.002,COMPLETE,16.42
5752,575.102,COMPLETE,13.44
5753,575.202,COMPLETE,10.46
5754,575.302,COMPLETE,7.48
5755,575.402,THROTTLED,7.45
5756,575.502,THROTTLED,7.42
5757,575.602,THROTTLED,7.39
5758,575.702,THROTTLED,7.36
5759,575.802,THROTTLED,7.33
5760,575.902,THROTTLED,7.3
5761,576.002,COMPLETE,14.32
5762,576.102,COMPLETE,11.34
5763,576.202,COMPLETE,8.36
5764,576.302,THROTTLED,8.33
5765,576.402,THROTTLED,8.3
5766,576.502,THROTTLED,8.27
5767,576.602,THROTTLED,8.24
5768,576.702,THROTTLED,8.21
5769,576.802,THROTTLED,8.18
5770,576.902,THROTTLED,8.15
5771,577.002,COMPLETE,15.17
5772,577.102,COMPLETE,12.19
5773,577.202,COMPLETE,9.21
5774,577.302,THROTTLED,9.18
5775,577.402,THROTTLED,9.15
5776,577.502,THROTTLED,9.12
5777,577.602,THROTTLED,9.09
5778,577.702,THROTTLED,9.06
5779,577.802,THROTTLED,9.03
5780,577.902,THROTTLED,9
5781,578.002,COMPLETE,16.02
5782,578.102,COMPLETE,13.04
5783,578.202,COMPLETE,10.06
5784,578.302,COMPLETE,7.08
5785,578.402,THROTTLED,7.05
5786,578.502,THROTTLED,7.02
5787,578.602,THROTTLED,6.99
5788,578.702,THROTTLED,6.96
5789,578.802,THROTTLED,6.93
5790,578.902,THROTTLED,6.9
5791,579.002,COMPLETE,13.92
5792,579.102,COMPLETE,10.94
5793,579.202,COMPLETE,7.96
5794,579.302,THROTTLED,7.93
5795,579.402,THROTTLED,7.9
5796,579.502,THROTTLED,7.87
5797,579.602,THROTTLED,7.84
5798,579.702,THROTTLED,7.81
5799,579.802,THROTTLED,7.78
5800,579.902,THROTTLED,7.75
5801,580.002,COMPLETE,14.77
5802,580.102,COMPLETE,11.79
5803,580.202,COMPLETE,8.81
5804,580.302,THROTTLED,8.78
5805,580.402,THROTTLED,8.75
5806,580.502,THROTTLED,8.72
5807,580.602,THROTTLED,8.69
5808,580.702,THROTTLED,8.66
5809,580.802,THROTTLED,8.63
5810,580.902,THROTTLED,8.6
5811,581.002,COMPLETE,15.62
5812,581.102,COMPLETE,12.64
5813,581.202,COMPLETE,9.66
5814,581.302,THROTTLED,9.63
5815,581.402,THROTTLED,9.6
5816,581.502,THROTTLED,9.57
5817,581.602,THROTTLED,9.54
5818,581.702,THROTTLED,9.51
5819,581.802,THROTTLED,9.48
5820,581.902,THROTTLED,9.45
5821,582.002,COMPLETE,16.47
5822,582.102,COMPLETE,13.49
5823,582.202,COMPLETE,10.51
5824,582.302,COMPLETE,7.53
5825,582.402,THROTTLED,7.5
5826,582.502,THROTTLED,7.47
5827,582.602,THROTTLED,7.44
5828,582.702,THROTTLED,7.41
5829,582.802,THROTTLED,7.38
5830,582.902,THROTTLED,7.35
5831,583.002,COMPLETE,14.37
5832,583.102,COMPLETE,11.39
5833,583.202,COMPLETE,8.41
5834,583.302,THROTTLED,8.38
5835,583.402,THROTTLED,8.35
5836,583.502,THROTTLED,8.32
5837,583.602,THROTTLED,8.29
5838,583.702,THROTTLED,8.26
5839,583.802,THROTTLED,8.23
5840,583.902,THROTTLED,8.2
5841,584.002,COMPLETE,15.22
5842,584.102,COMPLETE,12.24
5843,584.202,COMPLETE,9.26
5844,584.302,THROTTLED,9.23
5845,584.402,THROTTLED,9.2
5846,584.502,THROTTLED,9.17
5847,584.602,THROTTLED,9.14
5848,584.702,THROTTLED,9.11
5849,584.802,THROTTLED,9.08
5850,584.902,THROTTLED,9.05
5851,585.002,COMPLETE,16.07
5852,585.102,COMPLETE,13.09
5853,585.202,COMPLETE,10.11
5854,585.302,COMPLETE,7.13
5855,585.402,THROTTLED,7.1
5856,585.502,THROTTLED,7.07
5857,585.602,THROTTLED,7.04
5858,585.702,THROTTLED,7.01
5859,585.802,THROTTLED,6.98
5860,585.902,THROTTLED,6.95
5861,586.002,COMPLETE,13.97
5862,586.102,COMPLETE,10.99
5863,586.202,COMPLETE,8.01
5864,586.302,THROTTLED,7.98
5865,586.402,THROTTLED,7.95
5866,586.502,THROTTLED,7.92
5867,586.602,THROTTLED,7.89
5868,586.702,THROTTLED,7.86
5869,586.802,THROTTLED,7.83
5870,586.902,THROTTLED,7.8
5871,587.002,COMPLETE,14.82
5872,587.102,COMPLETE,11.84
5873,587.202,COMPLETE,8.86
5874,587.302,THROTTLED,8.83
5875,587.402,THROTTLED,8.8
5876,587.502,THROTTLED,8.77
5877,587.602,THROTTLED,8.74
5878,587.702,THROTTLED,8.71
5879,587.802,THROTTLED,8.68
5880,587.902,THROTTLED,8.65
5881,588.002,COMPLETE,15.67
5882,588.102,COMPLETE,12.69
5883,588.202,COMPLETE,9.71
5884,588.302,THROTTLED,9.68
5885,588.402,THROTTLED,9.65
5886,588.502,THROTTLED,9.62
5887,588.602,THROTTLED,9.59
5888,588.702,THROTTLED,9.56
5889,588.802,THROTTLED,9.53
5890,588.902,THROTTLED,9.5
5891,589.002,COMPLETE,16.52
5892,589.102,COMPLETE,13.54
5893,589.202,COMPLETE,10.56
5894,589.302,COMPLETE,7.58
5895,589.402,THROTTLED,7.55
5896,589.502,THROTTLED,7.52
5897,589.602,THROTTLED,7.49
5898,589.702,THROTTLED,7.46
5899,589.802,THROTTLED,7.43
5900,589.902,THROTTLED,7.4
5901,590.002,COMPLETE,14.42
5902,590.102,COMPLETE,11.44
5903,590.202,COMPLETE,8.46
5904,590.302,THROTTLED,8.43
5905,590.402,THROTTLED,8.4
5906,590.502,THROTTLED,8.37
5907,590.602,THROTTLED,8.34
5908,590.702,THROTTLED,8.31
5909,590.802,THROTTLED,8.28
5910,590.902,THROTTLED,8.25
5911,591.002,COMPLETE,15.27
5912,591.102,COMPLETE,12.29
5913,591.202,COMPLETE,9.31
5914,591.302,THROTTLED,9.28
5915,591.402,THROTTLED,9.25
5916,591.502,THROTTLED,9.22
5917,591.602,THROTTLED,9.19
5918,591.702,THROTTLED,9.16
5919,591.802,THROTTLED,9.13
5920,591.902,THROTTLED,9.1
5921,592.002,COMPLETE,16.12
5922,592.102,COMPLETE,13.14
5923,592.202,COMPLETE,10.16
5924,592.302,COMPLETE,7.18
5925,592.402,THROTTLED,7.15
5926,592.502,THROTTLED,7.12
5927,592.602,THROTTLED,7.09
5928,592.702,THROTTLED,7.06
5929,592.802,THROTTLED,7.03
5930,592.902,THROTTLED,7
5931,593.002,COMPLETE,14.02
5932,593.102,COMPLETE,11.04
5933,593.202,COMPLETE,8.06
5934,593.302,THROTTLED,8.03
5935,593.402,THROTTLED,8
5936,593.502,THROTTLED,7.97
5937,593.602,THROTTLED,7.94
5938,593.702,THROTTLED,7.91
5939,593.802,THROTTLED,7.88
5940,593.902,THROTTLED,7.85
5941,594.002,COMPLETE,14.87
5942,594.102,COMPLETE,11.89
5943,594.202,COMPLETE,8.91
5944,594.302,THROTTLED,8.88
5945,594.402,THROTTLED,8.85
5946,594.502,THROTTLED,8.82
5947,594.602,THROTTLED,8.79
5948,594.702,THROTTLED,8.76
5949,594.802,THROTTLED,8.73
5950,594.902,THROTTLED,8.7
5951,595.002,COMPLETE,15.72
5952,595.102,COMPLETE,12.74
5953,595.202,COMPLETE,9.76
5954,595.302,THROTTLED,9.73
5955,595.402,THROTTLED,9.7
5956,595.502,THROTTLED,9.67
5957,595.602,THROTTLED,9.64
5958,595.702,THROTTLED,9.61
5959,595.802,THROTTLED,9.58
5960,595.902,THROTTLED,9.55
5961,596.002,COMPLETE,16.57
5962,596.102,COMPLETE,13.59
5963,596.202,COMPLETE,10.61
5964,596.302,COMPLETE,7.63
5965,596.402,THROTTLED,7.6
5966,596.502,THROTTLED,7.57
5967,596.602,THROTTLED,7.54
5968,596.702,THROTTLED,7.51
5969,596.802,THROTTLED,7.48
5970,596.902,THROTTLED,7.45
5971,597.002,COMPLETE,14.47
5972,597.102,COMPLETE,11.49
5973,597.202,COMPLETE,8.51
5974,597.302,THROTTLED,8.48
5975,597.402,THROTTLED,8.45
5976,597.502,THROTTLED,8.42
5977,597.602,THROTTLED,8.39
5978,597.702,THROTTLED,8.36
5979,597.802,THROTTLED,8.33
5980,597.902,THROTTLED,8.3
5981,598.002,COMPLETE,15.32
5982,598.102,COMPLETE,12.34
5983,598.202,COMPLETE,9.36
5984,598.302,THROTTLED,9.33
5985,598.402,THROTTLED,9.3
5986,598.502,THROTTLED,9.27
5987,598.602,THROTTLED,9.24
5988,598.702,THROTTLED,9.21
5989,598.802,THROTTLED,9.18
5990,598.902,THROTTLED,9.15
5991,599.002,COMPLETE,16.17
5992,599.102,COMPLETE,13.19
5993,599.202,COMPLETE,10.21
5994,599.302,COMPLETE,7.23
5995,599.402,THROTTLED,7.2
5996,599.502,THROTTLED,7.17
5997,599.602,THROTTLED,7.14
5998,599.702,THROTTLED,7.11
5999,599.802,THROTTLED,7.08
6000,599.902,THROTTLED,7.05
